27.6413	-17.9818	38901	La Restinga
27.7035	-17.9813	38901	Taibique
27.7147	-17.9757	38901	Las Casas
27.7201	-17.9692	38901	El Pinar de El Hierro
27.7426	-15.6080	35019	Meloneras
27.7447	-17.9534	38048	Tajace de Abajo
27.7465	-17.9474	38048	Isora
27.7482	-15.6257	35019	Pasito Blanco
27.7491	-18.0240	38013	Merese
27.7500	-18.1000	38013	Sabinosa
27.7500	-17.9333	38048	La Torre
27.7500	-18.0167	38013	Las Toscas
27.7500	-18.0000	38013	Belgara Baja
27.7519	-18.0196	38013	Tigaday
27.7524	-15.5914	35019	Campo Internacional
27.7530	-18.0360	38013	Los Llanillos
27.7540	-18.0037	38013	Frontera
27.7543	-17.9467	38048	Los Llanos
27.7565	-15.6808	35012	La Playa de Arguineguín
27.7567	-15.5787	35019	Playa del Ingles
27.7587	-18.0190	38013	El Golfo
27.7606	-15.5860	35019	Maspalomas
27.7608	-18.0045	38013	Los Mocanes
27.7623	-15.6014	35019	Sonnenland
27.7641	-17.9457	38048	La Cuesta
27.7656	-17.9539	38048	Las Rosas
27.7692	-15.6048	35019	El Tablero
27.7699	-15.6896	35012	Patalavaca
27.7709	-17.9536	38048	San Andrés
27.7710	-15.5347	35019	San Agustin
27.7718	-18.0038	38013	Guinea
27.7743	-15.6267	35019	El Salobre
27.7817	-15.5191	35019	Bahia Feliz
27.7828	-15.5158	35019	Tarajalillo
27.7833	-17.9000	38048	Puerto de la Estaca
27.7891	-17.9320	38048	Tiñor
27.7893	-15.6127	35019	Montaña la Data
27.7894	-15.7104	35012	Puerto Rico
27.7919	-15.7222	35012	Amadores
27.7996	-15.4608	35019	Castillo del Romeral
27.8000	-17.8833		La Caleta
27.8000	-17.9500	38048	Casas del Monte
27.8019	-17.8911	38048	Las Montañetas
27.8048	-17.9742	38048	Jarales
27.8063	-17.9158	38048	Valverde
27.8085	-15.4720	35019	Juan Grande
27.8115	-17.9743	38048	Guarazoca
27.8143	-17.9623	38048	Erese
27.8145	-15.7534	35012	Taurito
27.8150	-17.9542	38048	Tesbabo
27.8167	-17.9333	38048	Mocanal
27.8167	-17.9167	38048	Hoyo del Barrio
27.8167	-17.9333	38048	Betenama
27.8179	-15.7654	35012	Puerto de Mogán
27.8223	-17.8947	38048	Tamaduste
27.8234	-15.7608	35012	Lomo Quiebre
27.8254	-15.4244	35022	Pozo Izquierdo
27.8338	-17.9227	38048	Echedo
27.8368	-15.6140	35019	Los Palmitos
27.8417	-15.4734	35019	Aldea Blanca
27.8464	-15.4445	35022	Vecindario
27.8477	-15.5687	35019	Artedara
27.8483	-15.4677	35022	Sardina
27.8582	-15.3941	35002	Arinaga
27.8766	-15.4280	35002	Cruce de Arinaga
27.8838	-15.7254	35012	Mogán
27.8872	-15.5645	35019	Fátaga
27.8881	-15.5363	35022	La Sorrueda
27.8910	-15.5537	35019	Los Sitios
27.9017	-15.7081	35012	El Pie de la Cuesta
27.9054	-15.4461	35002	Agüimes
27.9066	-15.6694	35012	Soria
27.9094	-15.5073	35002	Temisas
27.9116	-15.4056	35011	Carrizal
27.9117	-15.5407	35019	Santa Lucía
27.9137	-15.6282	35019	Los Cercados
27.9185	-15.4343	35011	Ingenio
27.9248	-15.5733	35019	San Bartolomé de Tirajana
27.9256	-15.7599	35020	Tasarte
27.9268	-15.8016	35020	Tasartico
27.9270	-15.5524	35019	Taidía
27.9353	-15.4296	35011	Aguatona
27.9393	-15.5579	35019	Risco Blanco
27.9497	-15.3942	35026	Gando
27.9550	-15.6499	35025	El Juncal
27.9698	-15.6610	35025	El Toscón
27.9715	-15.6268	35025	Timagada
27.9740	-15.5984	35025	La Culata
27.9786	-15.7843	35020	Los Cardones
27.9821	-15.5249	35031	Tenteniguada
27.9822	-15.6582	35025	El Chorrillo
27.9856	-15.4972	35031	Valsequillo de Gran Canaria
27.9857	-15.3766	35026	Melenara
27.9858	-15.6469	35025	El Espinillo
27.9876	-15.6591	35025	Solana
27.9882	-15.7959	35020	Mederos
27.9891	-15.7813	35020	San Nicolás
27.9914	-15.5681	35033	Cueva Grande
27.9924	-15.4192	35026	Telde
27.9936	-15.5097	35031	Las Casillas
27.9951	-15.6154	35025	Tejeda
27.9959	-15.3763	35026	Playa del Hombre
27.9982	-15.6515	35025	La Higuerilla
28.0000	-15.4500	35026	San Roque
28.0000	-16.6500	38006	Las Galletas
28.0032	-15.5750	35033	Las Lagunetas
28.0039	-15.6224	35025	El Majuelo
28.0044	-16.6413	38006	Costa del Silencio
28.0045	-15.6139	35025	Guardaya
28.0062	-15.6000	35025	Cruz de Tejeda
28.0067	-15.3786	35026	La Garita
28.0089	-15.5333	35033	Vega de San Mateo
28.0090	-15.6142	35025	El Rincón
28.0131	-15.3823	35026	La Estrella
28.0206	-15.6469	35005	Artenara
28.0234	-16.7020	38006	Palm-Mar
28.0263	-16.6062	38035	Golf del Sur
28.0279	-15.4786	35021	La Atalaya
28.0291	-16.5941	38017	El Abrigo
28.0301	-17.1982	38003	Playa de Santiago
28.0306	-15.7240	35005	Casas deTirma
28.0320	-15.5043	35021	Santa Brígida
28.0333	-15.4167	35026	Jinámar
28.0349	-16.6378	38035	Guargacho
28.0352	-16.6836	38006	Guaza
28.0363	-16.5569	38017	La Tejita
28.0378	-15.4250	35026	Marzagán
28.0395	-15.6395	35009	Juncalillo
28.0433	-15.5762	35032	Valleseco
28.0436	-15.6711	35005	Lugarejos
28.0462	-16.5363	38017	El Médano
28.0463	-17.2569	38003	Quise
28.0463	-15.7251	35001	El Risco
28.0472	-15.4663	35016	Tafira
28.0474	-16.6599	38006	Cho
28.0496	-15.4368	35016	San Francisco de Paula
28.0499	-14.3524	35015	Morro del Jable
28.0499	-14.3359	35015	Solana Matorral
28.0500	-14.5000	35015	Puerto de la Cruz
28.0500	-17.2833	38003	La Rajita
28.0500	-17.1333		El Cabrito
28.0501	-16.7201	38006	Los Cristianos
28.0539	-16.7367	38006	El Guincho
28.0567	-15.6073	35013	Agua de Fontanales
28.0574	-14.3186	35015	Las Gaviotas
28.0598	-16.6338	38035	Aldea Blanca del Llano
28.0598	-16.5882	38017	Atogo
28.0606	-15.5491	35027	Teror
28.0620	-17.2407	38003	Alajeró
28.0640	-16.7301	38001	Playa de las Américas
28.0659	-15.5707	35032	Monagas
28.0667	-17.1500	38036	Seima
28.0667	-16.5833	38017	Las Zocas
28.0667	-15.4615	35016	Dragonal
28.0684	-16.6727	38006	Cabo Blanco
28.0685	-16.6551	38006	Buzanada
28.0697	-15.6166	35013	Barranco del Pilnar
28.0711	-15.4495	35016	Tafira Baja
28.0734	-14.3043	35015	Esquinzo
28.0745	-16.6956	38006	Chayofa
28.0762	-16.5580	38017	San Isidro
28.0767	-15.4767	35016	San Lorenzo
28.0777	-16.7297	38001	Costa Adeje
28.0810	-15.6715	35001	San Pedro
28.0811	-15.5379	35027	Huertas del Palmar
28.0813	-16.6161	38035	La Hoya
28.0818	-15.7065	35001	Guayedra
28.0819	-17.3334	38049	Vueltas
28.0822	-16.5590	38017	Castro
28.0823	-17.2200	38036	Lo del Gato
28.0845	-15.6199	35023	Montaña Alta
28.0850	-17.3339	38049	Valle Gran Rey
28.0854	-17.2688	38050	Erque
28.0868	-16.7348	38001	Playa de Fanabé
28.0879	-16.6586	38006	Valle de San Lorenzo
28.0903	-16.7332	38001	Fañabé
28.0905	-15.5837	35013	San Fernando
28.0908	-15.5626	35008	Huertecillas
28.0912	-17.1940	38036	Jerduñe
28.0916	-17.1133	38036	San Sebastián de la Gomera
28.0919	-17.2183	38036	Benchijigua
28.0921	-17.3368	38049	La Puntilla
28.0924	-16.6345	38035	El Roque
28.0969	-14.2859	35015	Jandía
28.0976	-17.3330	38049	La Calera
28.0983	-16.6171	38035	San Miguel De Abona
28.0983	-16.7516	38001	La Caleta
28.0989	-15.4722	35016	Tamaraceite
28.0991	-14.3897	35015	Cofete
28.0993	-17.2539	38050	Igualero
28.0994	-15.6533	35009	Pico de Viento
28.0996	-16.6810	38006	Arona
28.0998	-15.5530	35008	La Cruz de Firgas
28.1000	-16.6000	38017	Tamaide
28.1000	-17.1667	38036	Lomito Fragoso y Honduras
28.1001	-15.5118	35006	Santidad
28.1002	-15.7000	35001	Agaete
28.1018	-15.4157	35016	Las Palmas de Gran Canaria
28.1027	-15.5954	35023	El Palmital
28.1031	-15.7114	35001	Puerto de las Nieves
28.1071	-15.5630	35008	Firgas
28.1083	-16.5936	38017	Charco del Pino
28.1090	-17.1916	38036	La Laja
28.1092	-16.6468	38052	Jama
28.1111	-15.5829	35013	Moya
28.1125	-16.5659	38017	El Draguito
28.1134	-15.4942	35016	Tenoya
28.1136	-15.6380	35009	Hoya de Pineda
28.1151	-15.4748	35016	Los Giles
28.1161	-15.5978	35023	Vergara
28.1161	-17.2854	38050	El Cercado
28.1167	-16.5333	38017	Las Palomas
28.1167	-16.5333	38017	La Cantera
28.1167	-17.1167	38036	Inchereda
28.1184	-17.3085	38049	Lomo de Balo
28.1188	-16.5760	38017	Granadilla de Abona
28.1191	-16.6709	38052	Escalona
28.1198	-15.5233	35006	Arucas
28.1218	-16.7746	38001	Playa Paraiso
28.1227	-16.7260	38001	Adeje
28.1254	-16.5733	38017	Vicácaro
28.1265	-15.5652	35013	Lomo Blanco
28.1271	-15.5571	35008	Casablanca
28.1285	-17.2898	38049	Las Hayas
28.1289	-17.2199	38021	El Cedro
28.1294	-16.5294	38017	Chimiche
28.1300	-16.7826	38001	Callao Salvaje
28.1301	-15.6414	35009	Anzo de Galdar
28.1316	-17.3237	38049	Arure
28.1317	-15.5984	35023	Las Tres Palmas
28.1333	-16.6833	38052	Ifonche
28.1333	-16.7500	38001	Hoya Grande
28.1344	-15.5180	35006	Trasmontaña
28.1347	-15.6605	35009	San Isidro
28.1352	-15.5389	35006	Trapiche
28.1353	-17.3307	38049	Taguluche
28.1376	-15.5845	35013	Cabo Verde
28.1382	-17.3127	38049	Acardece
28.1393	-16.6615	38052	Trevejos
28.1397	-15.6329	35009	Guia
28.1410	-16.7557	38001	Barrio Los Menores
28.1414	-16.5237	38005	El Río
28.1433	-16.5476	38017	Las Vegas
28.1450	-17.2274	38021	Los Aceviños
28.1454	-15.5949	35023	San Felipe
28.1470	-15.6502	35009	Gáldar
28.1500	-16.7500	38001	Tijoco de Abajo
28.1500	-16.7167	38001	Taucho
28.1505	-16.4321	38005	Poris de Abona
28.1509	-15.6957	35009	Sardina
28.1537	-17.2712	38050	Banda de las Rosas
28.1561	-16.7488	38001	La Concepción
28.1562	-16.6359	38052	Vilaflor
28.1615	-14.2269	35015	Costa Calma
28.1620	-16.5121	38005	La Cisnera
28.1638	-17.3293	38050	Alojera
28.1667	-16.7167	38001	Tijoco de Arriba
28.1667	-16.4833	38017	Lomo de Arico
28.1667	-17.3000	38050	Cubaba
28.1677	-17.1905	38021	Hermigua
28.1725	-16.4952	38005	Los Gavilanes
28.1730	-16.7454	38019	Vera de Erque
28.1771	-16.4830	38005	Arico el Nuevo
28.1794	-17.2666	38050	Vallehermosa
28.1796	-16.4978	38005	La Sabinita
28.1815	-16.4884	38005	La Degollada
28.1816	-16.8169	38019	Playa de San Juan
28.1820	-16.4797	38005	Arico Viejo
28.1831	-14.1522	35015	La Lajita
28.1833	-16.7167	38019	Las Fuentes
28.1878	-17.1968	38002	Agulo
28.1913	-14.1184	35030	Tarajalejo
28.1950	-16.7662	38019	Acojeja
28.1970	-17.2957	38050	Arguamul
28.2011	-14.0748	35030	Giniginámar
28.2020	-16.8278	38019	Alcalá
28.2022	-16.7573	38019	El Jaral
28.2033	-16.4572	38005	Icor
28.2078	-16.4851	38005	El Bueno
28.2113	-14.0212	35030	Gran Tarajal
28.2115	-16.7795	38019	Guía de Isora
28.2122	-14.2154	35015	La Pared
28.2154	-16.7679	38019	Aripe
28.2167	-16.4500	38012	Sombrera
28.2178	-16.7608	38019	Chirche
28.2251	-16.7834	38019	Chiguergue
28.2262	-16.8379	38019	El Varadero
28.2281	-13.9861	35030	Las Playas
28.2295	-13.9867	35030	Las Playitas
28.2328	-16.4563	38012	Sabina Alta
28.2353	-16.7971	38019	Chío
28.2356	-16.4644	38012	Zarza
28.2361	-14.0212	35030	El Charco
28.2364	-16.4389	38012	Fasnia
28.2367	-16.8434	38040	Puerto de Santiago
28.2436	-16.8415	38040	Los Gigantes
28.2500	-14.1667	35015	Las Huertas
28.2500	-16.8000	38019	El Malpaís
28.2500	-16.7833	38019	Arguayo
28.2524	-14.1777	35015	Chilegua
28.2606	-16.4297	38020	El Escobonal
28.2617	-14.1425	35015	Cardón
28.2617	-16.7945	38019	Las Manchas
28.2664	-14.1379	35030	Montaña Hendida
28.2688	-16.8235	38040	Tamaimo
28.2705	-16.4202	38020	Lomo de Mena
28.2727	-13.9894	35030	Teguitar
28.2780	-14.1135	35030	Tesejerague
28.2794	-16.8149	38040	El Retamar
28.2802	-16.4085	38020	La Medida
28.2833	-16.8333	38040	Lomo de Masca
28.2833	-14.0500	35030	La Florida
28.2844	-16.4028	38020	Pájara
28.2860	-16.8149	38040	El Molledo
28.2918	-16.3940	38020	Jagua
28.2940	-16.8162	38040	Santiago del Teide
28.2946	-16.3764	38020	Puerto de Güimar
28.2954	-16.5658	38026	Las Cañadas del Teide
28.2959	-16.3825	38020	Los Guirres
28.3016	-14.1463	35015	Fayagua
28.3024	-16.4114	38020	La Era de la Casa
28.3040	-16.8424	38010	Masca
28.3047	-16.4102	38020	Fregenal
28.3047	-14.0594	35030	Las Casitas
28.3068	-13.9537	35003	Tenicosquey
28.3071	-16.8034	38040	Valle de Arriba
28.3095	-16.3899	38020	Hoya del Cerco
28.3102	-16.3823	38020	Samarines
28.3112	-16.4128	38020	Güimar
28.3130	-16.3900	38020	Hoya de la Plata
28.3154	-16.3705	38020	La Cardonera
28.3160	-16.4035	38020	Tonaso
28.3167	-13.8833	35003	Pozo Negro
28.3167	-16.8333	38010	Portela Baja
28.3167	-16.8333	38010	Portela Alta
28.3167	-16.7667	38044	Los Llanos
28.3167	-16.7833	38044	Las Lagunetas
28.3167	-16.7833	38044	Erjos
28.3167	-16.3833	38020	Casablanca
28.3167	-16.3852	38020	La Costa
28.3175	-16.4179	38020	Chabaica
28.3182	-16.8574	38010	Los Carrizales
28.3199	-16.3783	38020	Las Cañadas
28.3215	-16.4185	38020	Vista Ramos
28.3237	-14.0472	35030	Tuineje
28.3261	-16.3870	38020	Las Cruces
28.3262	-16.4020	38020	Topo Negro
28.3264	-16.8057	38044	Herjos del Tanque
28.3281	-16.3652	38020	El Socorro
28.3285	-16.3831	38004	El Carretón
28.3286	-16.3843	38004	Medio Camino
28.3303	-16.3845	38004	Las Valeras
28.3306	-16.4017	38020	El Volcán de Arafo
28.3316	-16.3952	38004	La Hidalga
28.3333	-16.8500	38010	Teno
28.3333	-16.7833	38044	Ruigómez
28.3333	-16.3667	38004	Los Toscales de la Viuda
28.3333	-16.8333	38010	Las Palmas
28.3333	-16.7833	38044	La Juncia
28.3333	-16.8000	38044	Cuevas del Palmar
28.3354	-16.3995	38004	Chiquenge
28.3390	-16.7567	38015	La Montañeta
28.3397	-16.4224	38004	Arafo
28.3420	-16.4089	38004	Hernando
28.3427	-16.3909	38011	Niaza
28.3434	-14.0912	35015	Bargeda
28.3434	-16.3825	38011	Lomo del Molino
28.3478	-16.3894	38011	Guarrajo
28.3494	-16.8224	38042	Taco
28.3498	-16.3848	38011	Bence
28.3500	-14.0167	35030	La Cañada
28.3500	-16.7333	38022	Cerrogordo
28.3504	-14.1076	35015	Pájara
28.3508	-14.0776	35015	El Cortijo de Tetuí
28.3523	-14.0402	35030	Tiscamanita
28.3525	-16.5838	38031	Las Llanadas
28.3528	-16.3929	38011	Las Crucitas
28.3538	-16.8029	38042	La Tierra del Trigo
28.3539	-16.7144	38022	El Amparo
28.3545	-16.7820	38044	Cruz Grande
28.3548	-16.3727	38011	Candelaria
28.3558	-16.7799	38010	Tanque
28.3575	-16.3708	38011	Pocito Santo
28.3579	-16.3960	38011	El Balo
28.3580	-16.7578	38015	San Juan del Reparo
28.3587	-16.4963	38026	Aguamansa
28.3590	-14.0868	35015	Toto
28.3591	-16.3971	38011	Las Cuevecitas
28.3592	-16.3851	38011	Chajaco
28.3599	-16.3687	38011	Punta Larga
28.3604	-16.3955	38011	Araya
28.3617	-16.5185	38026	Montijos
28.3633	-13.8741	35003	Las Salinas
28.3655	-16.7437	38015	Genovés
28.3661	-16.8155	38042	Los Silos
28.3667	-16.5667	38031	Tigaiga
28.3667	-16.7500	38015	San Pedro de Daute
28.3667	-14.1167	35015	Mesquer
28.3667	-16.5333	38026	La Luz
28.3667	-16.4000	38011	Icoro
28.3667	-16.6000	38031	Icod el Alto
28.3667	-16.6667	38022	Guancha de Abajo
28.3667	-16.7167	38022	El Guincho
28.3667	-16.5333	38026	Cruz Santa
28.3675	-16.7905	38015	Las Cruces
28.3706	-14.0286	35003	Agua de Bueyes
28.3710	-16.7215	38022	San Felipe
28.3724	-16.7119	38022	Icod de los Vinos
28.3725	-16.7875	38015	Caleta de Interián
28.3732	-16.6516	38018	La Guancha
28.3735	-16.6432	38034	Las Rosas
28.3737	-16.7634	38015	Garachico
28.3746	-16.8610	38010	Buenavista del Norte
28.3748	-16.3620	38011	Las Caletillas
28.3764	-16.5858	38026	Realejo Alto
28.3769	-14.0083	35003	Casillas de Morales
28.3780	-16.5500	38026	La Perdoma
28.3781	-16.5272	38026	El Sauce
28.3814	-16.3729	38011	Igueste de Candelaria
28.3815	-16.3776	38011	Igueste
28.3826	-16.6322	38034	La Vera
28.3833	-16.5667	38031	San Vicente
28.3833	-16.6333	38034	Portalina
28.3833	-13.8833	35003	La Guirra
28.3835	-16.5849	38031	Realejo Bajo
28.3849	-16.5828	38031	Los Realejos
28.3870	-16.5386	38026	San Miguel
28.3877	-13.8674	35003	Urbanización Fuerteventura Golf Club
28.3886	-14.0118	35003	Valles de Ortega
28.3897	-16.5064	38026	La Florida
28.3908	-16.5231	38026	La Orotava
28.3909	-16.6591	38018	Santa Catalina
28.3913	-14.0853	35007	Vega de Río de Palmas
28.3920	-16.5532	38026	San Jerónimo
28.3928	-16.6502	38034	San Juan de la Rambla
28.3931	-16.6214	38031	La Rambla
28.3948	-16.6424	38034	Las Aguas
28.3964	-13.8588	35003	Caleta de Fuste
28.3966	-16.5569	38028	La Vera
28.3968	-16.3368	38032	Los Juncos
28.3978	-13.8544	35003	El Castillo
28.3994	-14.1538	35015	Ajuy
28.3994	-16.3341	38032	El Puerto
28.4000	-16.4833	38039	Tamaide
28.4000	-14.0000	35003	Pocetas
28.4000	-16.3333	38032	Lomo Alto
28.4020	-14.1528	35015	Puerto de la Peña
28.4032	-16.3239	38032	Urbanización Rodazul
28.4034	-16.3499	38032	Barranco Hondo
28.4044	-16.5326	38026	El Durazno
28.4089	-16.5670	38028	Punta Brava
28.4100	-16.3187	38032	La Suerte del Espino
28.4125	-13.8558	35003	Costa de Antigua
28.4128	-16.5187	38026	El Rincón
28.4129	-16.5307	38028	La Paz
28.4133	-16.3434	38032	La Fuentecilla
28.4145	-13.8556	35003	Urbanización Nuevo Horizonte
28.4153	-16.4931	38039	La Corujera
28.4157	-16.3196	38032	San Isidro
28.4167	-16.4500	38051	Tosca de Ana María
28.4167	-16.3333	38032	Nuestra Señora del Rosario
28.4169	-16.5509	38028	Puerto de la Cruz
28.4213	-16.3222	38038	El Tablero
28.4228	-16.3184	38038	El Pilar
28.4231	-14.0138	35003	Antigua
28.4233	-14.0556	35007	Betancuría
28.4253	-16.3036	38038	Santa María del Mar
28.4261	-16.4888	38039	Santa Úrsula
28.4265	-16.3291	38038	Las Palomas
28.4283	-13.9722	35003	Triquivijate
28.4311	-16.3747	38032	Las Rosas
28.4322	-13.8671	35017	El Matorral
28.4323	-16.4623	38051	La Victoria de Acentejo
28.4333	-16.4333	38025	La Resbala
28.4333	-14.0000	35003	Hospinal
28.4339	-16.2984	38038	Hoya Fría
28.4345	-16.3063	38038	Barranco Grande
28.4373	-16.3284	38038	La Monja
28.4383	-16.3712	38032	Lomo Pelado
28.4386	-16.2824	38038	El Calderillo del Agua
28.4394	-16.3228	38038	Sobradillo
28.4395	-16.2764	38038	La Ovejera
28.4398	-16.4631	38025	Guía
28.4413	-16.3330	38038	Llano del Moro
28.4464	-16.2957	38023	Taco
28.4507	-16.3692	38032	La Esperanza
28.4524	-16.4472	38025	La Matanza de Acentejo
28.4570	-16.3620	38032	Zamorano
28.4586	-16.3252	38023	San Miguel de Geneto
28.4597	-14.0398	35007	Valle de Santa Inés
28.4608	-13.9929	35017	La Ampuyenta
28.4639	-16.4077	38043	Agua-García
28.4652	-16.3085	38023	Las Chumberas
28.4667	-16.4167	38041	Sauzal
28.4667	-16.2667	38038	Santa María de Gracia
28.4667	-16.3000	38023	San Bartolomé de Geneto
28.4667	-17.8333	38014	Los Quemados
28.4667	-16.4167	38041	Los Ángeles
28.4667	-16.3833	38043	Ciudad de Waque
28.4669	-16.3276	38023	Los Baldíos
28.4680	-16.2862	38023	La Cuesta
28.4682	-16.2546	38038	Santa Cruz de Tenerife
28.4695	-16.2934	38023	La Higuerita
28.4707	-16.4071	38043	Montañeta
28.4756	-14.0324	35017	Llanos de la Concepción
28.4769	-16.4102	38043	Tacoronte
28.4824	-16.2813	38023	El Toscal
28.4829	-16.2637	38038	Los Campitos
28.4833	-16.2500	38038	Tahodio
28.4833	-16.2667	38038	Las Cuevas de Aguaite
28.4833	-16.2333	38038	La Pedrera
28.4833	-16.3500	38023	Guamasa
28.4853	-16.3201	38023	La Laguna
28.4883	-16.4096	38043	Adelantado
28.4886	-16.2836	38023	Los Valles
28.4898	-13.9659	35017	Casillas del Ángel
28.4910	-16.3864	38043	La Caridad
28.4920	-16.2295	38038	Boca del Valle
28.4924	-17.8453	38014	Fuencaliente de la Palma
28.4937	-16.2436	38038	Ramonal
28.4943	-16.2856	38023	Finca Las Mesas
28.4944	-16.2575	38038	Las Cabezadas
28.4959	-16.2163	38038	Cueva Bermeja
28.4980	-16.2194	38038	Los Pasitos
28.4984	-16.3589	38046	El Portezuelo
28.4986	-16.4174	38043	Puerto de la Madera
28.4988	-16.2094	38038	Lomo de las Canteras
28.4989	-17.8295	38014	Las Caletas
28.5000	-16.1833	38038	San Andrés
28.5000	-16.2000	38038	Salazones
28.5004	-13.8627	35017	Puerto del Rosario
28.5005	-16.2061	38038	Valle de Jaqua
28.5019	-17.8610	38014	Las Indias
28.5033	-16.1941	38038	San Andrés
28.5041	-16.2600	38038	La Fortaleza
28.5068	-16.2013	38038	El Roque
28.5104	-16.2317	38038	María Jiménez
28.5133	-16.2433	38038	Valle Grande
28.5137	-16.2296	38038	Las Canteras
28.5148	-16.3086	38046	Las Canteras
28.5157	-16.2376	38038	Valle Crispin
28.5157	-16.3948	38023	Las Toscas
28.5166	-16.1825	38038	La Montañita
28.5167	-16.3833	38043	Valleguerra
28.5167	-13.9333	35017	Tetir
28.5167	-16.1500	38038	Lomito del Llano
28.5167	-16.2167	38038	La Mancha de los Cardos
28.5167	-17.8500	38014	El Charco
28.5176	-16.2273	38038	Valle Brosque
28.5184	-16.2387	38038	Lomo de los Berros
28.5190	-16.3238	38046	Pedro Álvarez
28.5194	-16.3539	38046	San Luis
28.5195	-16.2953	38023	Las Mercedes
28.5221	-16.2075	38038	El Mesón
28.5224	-16.3407	38046	Tegueste
28.5228	-16.1563	38038	El Mantillo
28.5238	-16.1575	38038	Igueste
28.5245	-13.9915	35017	Tefía
28.5249	-16.1552	38038	Casas de Abajo
28.5264	-16.1586	38038	Los Banquitos
28.5269	-16.1950	38038	Muñoz
28.5278	-16.2125	38038	Viña Vieja
28.5292	-16.1581	38038	Lomo de la Cruz
28.5332	-16.1955	38038	Los Tableros
28.5333	-16.2167	38038	Roque Negro
28.5348	-16.3587	38023	Tejina
28.5361	-13.8381	35017	Puerto de las Lajas
28.5371	-16.1571	38038	Lomo Bermejo
28.5379	-16.2837	38023	Batán de Arriba
28.5411	-13.9393	35017	Tamariche
28.5447	-16.2980	38023	Batán de Abajo
28.5500	-16.2500	38038	Taborno
28.5500	-16.3000	38023	Los Pinos
28.5500	-16.1167		La Mancha Blanca
28.5500	-16.1333	38038	La Degollada
28.5500	-16.3333	38023	El Puertito
28.5519	-16.2782	38023	Las Carboneras
28.5529	-13.8988	35017	El Time
28.5533	-17.8028	38053	Tigalate
28.5533	-16.2509	38038	Las Casas de Afur
28.5542	-16.3459	38023	Bajamar
28.5552	-16.2159	38038	Azano
28.5553	-13.8810	35017	Guisguey
28.5569	-13.9550	35017	La Matilla
28.5587	-17.7929	38053	Tiguerorte
28.5605	-13.9086	35017	Valhondo
28.5607	-16.2913	38023	Chinamada
28.5620	-16.3325	38023	Punta del Hidalgo
28.5620	-16.1557	38038	Lomo de las Bodegas
28.5667	-13.9167	35017	Vallebrón
28.5667	-16.2167	38038	Taganana
28.5667	-17.7667	38053	Malpaíses
28.5688	-16.1609	38038	Chamorga
28.5701	-16.1980	38038	Almáciga
28.5767	-16.1762	38038	El Draguillo
28.5823	-16.1655	38038	Las Palmas
28.5839	-13.9808	35014	Tindaya
28.5846	-17.7768	38053	Lomo Oscuro
28.5848	-13.8794	35014	Caldereta
28.5857	-17.8808	38024	Jedey
28.5863	-17.9097	38024	Puerto Naos
28.5866	-17.7850	38053	Sabina
28.5952	-17.7729	38053	San Simón
28.5971	-17.8825	38024	Las Manchas
28.6018	-17.7685	38053	Callejones
28.6064	-17.9002	38024	San Nicolas
28.6068	-13.8376	35014	Parque Holandes
28.6091	-17.7780	38053	Mazo
28.6097	-17.9024	38024	Todoque
28.6105	-13.9291	35014	La Oliva
28.6138	-17.9107	38024	La Laguna
28.6155	-17.7668	38053	Lodero
28.6240	-17.7825	38053	La Rosa
28.6258	-17.7775	38053	Corcovados
28.6283	-17.7794	38053	Monte de Breña
28.6301	-17.7895	38009	Breña Baja
28.6312	-17.9037	38024	Tajuya
28.6326	-13.9041	35014	Villaverde
28.6333	-17.7667	38053	Ledas de Arriba
28.6333	-17.7500		La Montaña
28.6336	-17.7869	38009	Breña
28.6342	-17.9318	38045	San Borondón
28.6419	-17.9339	38045	Tazacorte
28.6472	-17.9109	38024	Triana
28.6489	-17.7884	38008	Miranda de Abajo
28.6489	-17.7586	38009	Los Cancajos
28.6500	-17.7667	38009	San Antonio
28.6500	-17.9333	38024	Casa Nueva
28.6500	-17.7833	38008	Breña Alta
28.6500	-17.9167	38024	Argual
28.6501	-17.8827	38027	El Paso
28.6516	-17.7843	38008	El Llanito
28.6516	-17.9457	38045	Puerto
28.6545	-17.8675	38027	Barrial
28.6577	-17.8830	38027	Los Barros
28.6585	-17.9182	38024	Los Llanos de Aridane
28.6603	-17.8983	38024	La Caldera
28.6609	-17.7901	38008	San Pedro
28.6648	-17.8693	38027	El Pinar
28.6664	-17.9063	38024	Pedregales
28.6667	-17.7955	38008	Botazo
28.6667	-17.9333	38024	La Esquinita
28.6685	-17.7804	38008	Buenavista de Abajo
28.6721	-17.9431	38047	La Punta
28.6750	-17.7881	38008	Buenavista de Arriba
28.6800	-13.9403	35014	Lajares
28.6802	-17.9398	38047	Las Cabezadas
28.6826	-14.0064	35014	El Cotillo
28.6833	-17.9481	38047	Arecida
28.6833	-17.7833	38008	Velhoco
28.6833	-17.7667	38037	Las Nieves
28.6833	-17.9167	38027	El Gánigo
28.6835	-17.7642	38037	Santa Cruz de la Palma
28.6837	-13.9945	35014	Roque
28.6839	-14.0100	35014	Tostón
28.7000	-17.9500	38047	Tijarafe
28.7126	-17.9559	38047	Casaquemada
28.7167	-17.9500	38047	El Pinillo
28.7182	-17.7488	38030	Tenagua
28.7250	-17.7478	38030	Santa Lucía
28.7308	-13.8675	35014	Corralejo
28.7333	-17.7333	38030	Puntallana
28.7333	-17.9500	38047	Los Riveroles
28.7438	-17.9685	38047	Tinizara
28.7493	-17.9728	38029	El Roque
28.7667	-17.9833	38029	El Pueblo
28.7673	-17.7624	38030	La Galga
28.7749	-17.9774	38029	Puntagorda
28.7781	-17.7646	38033	Garachico
28.7817	-17.9654	38016	Las Tricias
28.7833	-17.9667	38016	La Verada
28.7888	-17.7760	38033	Orotava
28.7890	-17.9234	38016	Hoyagrande
28.7951	-17.7758	38033	Bermúdez
28.7978	-17.7589	38033	San Andrés
28.8000	-17.7667	38033	Las Ledas
28.8029	-17.7761	38033	Los Sauces
28.8167	-17.8333	38007	Lomo Machín
28.8167	-17.9333	38016	Garafía
28.8186	-17.7908	38007	Los Marantes
28.8202	-17.7803	38007	La Cuesta
28.8252	-17.8402	38007	Gallegos
28.8271	-17.8038	38007	Barlovento
28.8290	-17.8156	38007	La Tosca
28.8291	-17.8777	38016	El Tablado
28.8306	-17.7897	38007	Los Paredes
28.8356	-17.9315	38016	El Palmar
28.8416	-17.9191	38016	El Mudo
28.8643	-13.8281	35034	Playa Blanca
28.9074	-13.7332	35034	Playa Quemada
28.9121	-13.7789	35034	Femés
28.9186	-13.7046	35034	Puerto Calero
28.9199	-13.8103	35034	Las Breñas
28.9231	-13.6658	35028	Puerto del Carmen
28.9307	-13.7494	35034	Las Casitas de Femés
28.9388	-13.8142	35034	La Hoya
28.9484	-13.6912	35028	Mácher
28.9503	-13.7445	35034	Uga
28.9529	-13.5912	35018	Playa Honda
28.9556	-13.5722	35004	Playa del Cable
28.9568	-13.7653	35034	Yaiza
28.9611	-13.6886	35028	La Asomada
28.9611	-13.6450	35028	Tías
28.9630	-13.5477	35004	Arrecife
28.9636	-13.6439	35028	Los Mojones
28.9661	-13.6720	35028	Conil
28.9667	-13.5667	35004	Argana
28.9718	-13.6809	35028	Vegas de Tegoyo
28.9747	-13.6117	35018	Güime
28.9816	-13.8313	35034	El Golfo
28.9877	-13.6354	35018	Montaña Blanca
28.9984	-13.4991	35024	Costa Teguise
28.9986	-13.6531	35028	Masdache
29.0009	-13.6130	35018	San Bartolomé
29.0098	-13.6410	35018	El Islote
29.0191	-13.5445	35024	Tahiche
29.0220	-13.6138	35024	Mozaga
29.0382	-13.5639	35024	Nazaret
29.0387	-13.6252	35024	Tao
29.0431	-13.6891	35029	Mancha Blanca
29.0447	-13.6957	35029	Tinguatón
29.0506	-13.6506	35029	La Vegueta
29.0527	-13.6307	35024	Tiagua
29.0550	-13.5294	35024	Teseguite
29.0605	-13.5640	35024	Teguise
29.0631	-13.5175	35024	El Mojón
29.0633	-13.6765	35029	Tinajo
29.0710	-13.6348	35024	Muñique
29.0741	-13.4793	35024	Guatiza
29.0814	-13.6654	35029	El Cuchillo
29.0833	-13.5667	35024	Las Laderas
29.0836	-13.4516	35010	Charco del Palo (Lanzarote)
29.0853	-13.5282	35024	Los Valles
29.0965	-13.4721	35010	Mala
29.0992	-13.6223	35024	Soo
29.1000	-13.6333	35024	La Costa
29.1070	-13.6676	35029	La Santa
29.1153	-13.5484	35024	Famara
29.1167	-13.5667	35024	La Caleta
29.1274	-13.4795	35010	Tabayesco
29.1325	-13.4596	35010	Arrieta
29.1455	-13.4999	35010	Haría
29.1466	-13.4476	35010	Punta de Mujeres
29.1601	-13.4929	35010	Máguez
29.1809	-13.4947	35010	Guinate
29.1913	-13.4811	35010	Ye
29.2209	-13.4520	35010	Órzola
29.2315	-13.5034	35024	Caleta de Sebo
29.2610	-13.4814	35024	Pedro Barba
29.4010	-13.5099	35024	Isla de Alegranza
35.2937	-2.9383	52001	Melilla
35.8861	-5.3568	51001	El Serrallo
35.8892	-5.3204	51001	Ceuta
35.8957	-5.3004	51001	San Amaro
35.8967	-5.3610	51001	La Solanilla
35.9015	-5.2864	51001	Las Cuevas
35.9034	-5.3486	51001	El Jaral
35.9165	-5.3729	51001	Benzú
36.0139	-5.6070	11035	Tarifa
36.0649	-5.5354	11035	El Cuartón
36.0654	-5.6756	11035	Valdevaqueros
36.0705	-5.5228	11035	El Bujeo
36.0828	-5.4994	11004	Pelayo
36.0846	-5.7386	11035	EL Chaparral
36.0875	-5.4361	11004	La Ballenera
36.0890	-5.7743	11035	Bolonia
36.1175	-5.6474	11035	Puertollano
36.1186	-5.6363	11035	Cañada de la Jara
36.1333	-5.4505	11004	Algeciras
36.1369	-5.8459	11007	Zahara de los Atunes
36.1441	-5.7002	11035	Facinas
36.1591	-5.4440	11004	Rinconcillo
36.1681	-5.3478	11022	La Línea de la Concepción
36.1691	-5.3386	11022	La Atunara
36.1758	-5.4281	11008	Guadarranque
36.1761	-5.4375	11008	Palmones
36.1788	-5.3812	11033	El Campamento
36.1829	-5.3839	11033	Puente Mayorga
36.1833	-5.4833	11008	Villa de los Barrios
36.1848	-5.4921	11035	Los Barrios
36.1858	-6.0076	11007	Los Caños de Meca
36.1924	-5.9219	11007	Barbate
36.1928	-5.4307	11008	Guadacorte
36.2028	-6.0393	11007	Zahora
36.2053	-5.4217	11033	Taraguilla
36.2098	-5.3845	11033	San Roque
36.2146	-5.4319	11033	Barrio de la Estación
36.2391	-5.3187	11033	Alcaidesa
36.2521	-5.9672	11039	Vejer de la Frontera
36.2642	-5.3343	11033	Guadiaro
36.2653	-5.3355	11033	Urbanización San Roque Club
36.2695	-5.3357	11033	San Roque Club
36.2716	-5.9865	11039	La Muela
36.2772	-6.0885	11014	Conil de la Frontera
36.2825	-5.2946	11033	Sotogrande
36.2861	-5.4204	11013	Castellar de la Frontera
36.2911	-5.2731	11033	Puerto Sotogrande
36.2925	-6.1107	11014	Fuente del Gallo
36.2942	-5.3024	11033	Nuevo Guadiaro
36.3003	-5.3031	11033	Guadiaro
36.3024	-5.2677	11033	Torre Guadiaro
36.3047	-5.2909	11033	San Enrique de Guadiaro
36.3163	-6.1478	11014	Roche
36.3174	-5.4541	11013	Castellar de la Frontera
36.3429	-5.3187	11021	San Martín
36.3438	-5.8128	11901	Benalup-Casas Viejas
36.3440	-5.8115	11901	Benalup de Sidonia
36.3500	-6.1333	11015	Campano
36.3505	-5.2337	29068	Castillo de la Duquesa
36.3505	-6.1612	11015	Novo Sancti Petri
36.3583	-5.9788	11039	Los Naveros
36.3586	-5.8679	11023	Malcocinado
36.3658	-6.0710	11015	Pago del Humo
36.3676	-6.1018	11015	Hozanejos
36.3678	-5.2280	29068	San Luis de Sabinillas
36.3710	-5.8753	11023	Los Baladejos
36.3728	-6.1856	11015	La Barossa
36.3764	-5.2503	29068	Manilva
36.3875	-5.4283	11021	Marchenilla
36.3925	-6.2045	11015	Sancti Petri
36.4198	-6.1437	11015	Chiclana de la Frontera
36.4276	-5.1459	29051	Estepona
36.4352	-5.4539	11021	Jimena de la Frontera
36.4469	-5.2858	29041	Casares
36.4513	-5.0634	29051	Guadalmansa
36.4569	-5.9272	11023	Medina Sidonia
36.4587	-5.0459	29051	Costalita
36.4606	-5.0413	29051	Saladillo Benamara
36.4621	-5.7238	11001	Alcalá de los Gazules
36.4647	-5.0153	29051	Atalaya Isdabe
36.4666	-5.4116	11021	San Pablo
36.4667	-6.2500	11012	Torregorda
36.4697	-5.0301	29051	El Paraíso
36.4720	-5.0039	29069	Guadalmina
36.4724	-5.0475	29051	Bel-Air
36.4759	-6.1982	11031	San Fernando
36.4875	-4.9525	29069	Puerto Banús
36.4878	-4.9586	29069	Playa Duque Marbella
36.4884	-4.9912	29069	San Pedro Alcántara
36.4904	-4.7428	29069	Cabopino
36.4927	-4.7057	29070	Riviera del Sol
36.4928	-4.7701	29069	Marbella Del Este
36.4928	-4.7172	29070	Sitio de Calahonda
36.4940	-4.7556	29069	Artola
36.4971	-6.1795	11031	La Carraca
36.4986	-6.1383	11028	Barrio de Jarana
36.4997	-6.2677	11012	Zona Franca de Cadiz
36.5011	-4.9624	29069	Nueva Andalucia
36.5011	-4.6832	29070	La Cala De Mijas
36.5020	-4.7834	29069	Elviria
36.5022	-4.6805	29070	Calla de Mijas
36.5025	-4.8135	29069	Las Chapas
36.5049	-4.6805	29070	Mijas Costa
36.5075	-6.2689	11012	Puntales
36.5091	-4.6431	29070	El Faro
36.5154	-4.8858	29069	Marbella
36.5154	-6.2467	11028	Matagorda
36.5167	-6.2333	11028	El Trocadero
36.5178	-5.3158	29056	Gaucín
36.5213	-5.0061	29023	Urbanización la Heredia
36.5225	-5.8658	11025	Paterna de Rivera
36.5236	-5.0463	29023	Benahavís
36.5239	-4.9946	29023	Lomas de la Quinta
36.5245	-4.9689	29069	El Ángel
36.5267	-6.2891	11012	Cadiz
36.5282	-6.1901	11028	Puerto Real
36.5307	-4.7595	29069	La Mairena
36.5389	-5.3868	29046	El Colmenar
36.5400	-4.6247	29054	Fuengirola
36.5455	-5.2357	29057	Genalguacil
36.5484	-4.6194	29054	San Francisco
36.5512	-5.2761	29029	Benarrabá
36.5540	-4.6149	29070	Santa Fe de los Boliches
36.5611	-4.7079	29070	Entrerrios
36.5647	-4.6143	29054	Torreblanca
36.5647	-5.2156	29064	Jubrique
36.5649	-4.8556	29076	Ojén
36.5736	-5.2755	29006	Algatocín
36.5819	-4.5506	29025	Torrequebrada
36.5827	-4.9496	29061	Istán
36.5859	-6.2679	11027	Vista Hermosa
36.5939	-6.2330	11027	El Puerto de Santa María
36.5945	-5.2610	29024	Benalauría
36.5958	-4.6373	29070	Mijas
36.5961	-4.5727	29025	Benalmádena
36.5992	-4.5351	29025	Arroyo de la Miel
36.6000	-4.5368	29025	Benalmádena Costa
36.6024	-4.6203	29070	Osunillas
36.6033	-6.2767	11027	Inmaculada
36.6055	-5.7989	11902	San José del Valle
36.6064	-5.2692	29022	Benadalid
36.6127	-5.1498	29081	Pujerra
36.6170	-5.1884	29052	Faraján
36.6171	-5.3427	29046	Cortes de la Frontera
36.6204	-4.4998	29901	Torremolinos
36.6236	-6.3600	11030	Rota
36.6244	-5.1697	29065	Júzcar
36.6293	-6.3848	11030	Almadraba
36.6303	-4.8319	29073	Monda
36.6304	-4.4916	29901	Playamar
36.6321	-5.1219	29060	Igualeja
36.6340	-5.2022	29014	Alpandeire
36.6402	-5.2461	29021	Atajate
36.6430	-4.6873	29008	Alhaurín el Grande
36.6455	-5.1541	29037	Cartajima
36.6500	-6.1667	11020	El Solete Alto
36.6500	-6.3167	11030	El Campillo
36.6512	-5.2741	29063	Jimera de Líbar
36.6538	-6.0923	11020	La Cartuja
36.6563	-5.1292	29077	Parauta
36.6563	-4.8343	29058	Guaro
36.6575	-5.6556	11003	Algar
36.6595	-4.7564	29042	Coín
36.6627	-4.4589	29067	Guadalmar
36.6640	-4.5614	29007	Alhaurín de la Torre
36.6667	-6.0667	11020	Lomopardo
36.6681	-6.2293	11027	Balbaina
36.6714	-6.0969	11020	Montealegre Alto
36.6749	-5.6490	11020	Dehesilla de Algar
36.6778	-5.4460	11038	Ubrique
36.6833	-6.1000	11020	Las Abiertas
36.6843	-2.7723	04902	Las Entinas
36.6865	-6.1361	11020	Jerez de la Frontera
36.6872	-4.9051	29090	Tolox
36.6877	-5.9965	11020	Alcántara
36.6886	-6.4195	11030	Playa de la Ballena
36.6918	-5.7773	11006	Vallejas
36.6964	-5.3860	11040	Villaluenga del Rosario
36.6970	-5.8256	11006	Caserío Los Majadales
36.6973	-6.1007	11020	Albaladejo
36.7000	-6.4167	11016	Costa de Rota
36.7006	-2.7898	04902	Almerimar
36.7007	-5.4222	11009	Benaocaz
36.7012	-3.4449	18140	Carchuna
36.7012	-2.8445	04902	Guardias Viejas
36.7024	-3.4144	18140	Calahonda
36.7040	-3.4897	18140	Torrenueva
36.7071	-6.2034	11020	Añina
36.7107	-4.6330	29038	Cártama
36.7129	-6.1095	11020	Bogás
36.7144	-4.2447	29082	Torre de Benagalbón
36.7146	-6.0871	11020	Guadalcacin
36.7146	-6.3755	11030	Las Brevas
36.7167	-6.4000	11016	Manchuelas
36.7167	-6.4000	11016	Caserío Majadales
36.7171	-4.2758	29082	Rincón de la Victoria
36.7173	-4.1981	29094	Benajarafe
36.7180	-4.3065	29082	Cala del Moral
36.7193	-5.2522	29028	Benaoján
36.7202	-4.4203	29067	Málaga
36.7207	-3.5410	18140	Playa Granada
36.7208	-4.5025	29067	Puerto de la Torre
36.7213	-4.3581	29067	El Palo
36.7233	-2.8415	04902	Matagorda
36.7238	-4.3724	29067	Pedregalejo
36.7242	-5.9305	11006	Jédula
36.7242	-6.1706	11020	Macharnudo Alto
36.7252	-3.5218	18140	El Varadero
36.7257	-3.3550	18093	Castell de Ferro
36.7264	-4.2243	29094	Chilches
36.7264	-4.5338	29067	Campanillas
36.7270	-4.1512	29094	Valle Niza
36.7274	-4.8576	29013	Alozaina
36.7295	-4.2235	29094	El Hornillo
36.7315	-2.8865	04902	Balerma
36.7315	-4.1292	29094	Almayate Bajo
36.7322	-3.9451	29091	Torrox Costa
36.7325	-3.6917	18017	Almuñécar
36.7325	-2.6208	04079	Las Marinas
36.7325	-4.9212	29100	Yunquera
36.7333	-6.4000	11016	Pastrana
36.7333	-6.4000	11016	Hidalgo
36.7333	-6.1167	11020	El Carrascal
36.7333	-3.9667	29091	Castillo Bajo
36.7333	-4.6167	29038	Estación de Cártama
36.7334	-6.2873	11020	Alíjar
36.7338	-6.3455	11032	Miraflores
36.7349	-3.7376	18017	La Herradura
36.7366	-6.4370	11016	Chipiona
36.7368	-5.2499	29074	Montejaque
36.7373	-2.6462	04079	Las Salinas
36.7376	-5.8569	11006	El Guijo
36.7378	-4.2454	29082	Benagalbón
36.7383	-4.1824	29094	Los Puertas
36.7393	-3.9896	29091	el Morche
36.7402	-4.1580	29094	Almayate Alto
36.7408	-3.2995	18162	Castillo de Baños
36.7420	-4.0929	29094	Torre del Mar
36.7423	-5.1671	29084	Ronda
36.7428	-3.5872	18173	Salobreña
36.7439	-3.4417	18140	La Garnatilla
36.7440	-2.2101	04013	La Almadraba de Monteleva
36.7447	-3.3908	18093	Gualchos
36.7461	-4.0366	29094	Mezquitilla
36.7462	-3.9988	29091	Huit
36.7462	-6.0669	11020	La Parra
36.7463	-6.4050	11016	Santo Domingo
36.7466	-4.4914	29067	El Chaparral
36.7468	-3.6013	18173	La Caleta-Guardia
36.7471	-3.2790	18162	La Mamola
36.7483	-3.0208	04003	Adra
36.7485	-3.1707	18006	La Rábita
36.7486	-3.1539	18006	El Pozuelo
36.7489	-2.9097	04904	Balanegra
36.7492	-3.0937	04003	La Alcazaba
36.7496	-4.0728	29094	Caleta de Vélez
36.7500	-3.6000	18173	Velilla
36.7500	-2.9833	04003	La Fuente Santilla
36.7500	-6.4000	11016	Costa de Sanlúcar
36.7507	-3.5179	18140	Motril
36.7507	-5.8106	11006	Arcos de la Frontera
36.7514	-2.8420	04902	Onáyar
36.7516	-3.2352	18177	Melicena
36.7526	-3.4036	18093	Jolúcar
36.7526	-3.1446	18006	El Castillo de Huarea
36.7528	-3.8744	29075	Nerja
36.7541	-2.6828	04903	El Campo
36.7547	-4.0707	29094	La Caleta
36.7549	-6.3034	11032	Pastrana
36.7557	-3.6127	18173	Monte de los Almendros
36.7565	-3.6768	18017	Taramay
36.7565	-2.9843	04003	El Puente del Río
36.7568	-2.9934	04003	El Campillo
36.7574	-2.6103	04079	El Puerto
36.7579	-3.9523	29091	Torrox
36.7582	-6.0315	11020	Nueva Jarilla
36.7583	-5.5053	11011	El Bosque
36.7583	-2.6541	04079	Cortijada de Marín
36.7583	-3.3111	18162	Haza del Trigo
36.7584	-4.2424	29071	Valdés
36.7584	-3.8429	29075	Maro
36.7587	-6.3899	11032	La Jara
36.7591	-4.1856	29094	Cajís
36.7600	-5.6726	11006	Fuensanta
36.7601	-3.0648	04003	Guainos Altos
36.7602	-5.3684	11019	Grazalema
36.7605	-2.1091	04066	San José
36.7609	-6.4012	11016	Valdeconejos
36.7624	-4.2139	29066	Macharavialla
36.7632	-3.1826	18006	La Haza Mora
36.7637	-3.3775	18124	Los Carlos
36.7638	-5.7799	11006	El Santiscal
36.7642	-2.6147	04079	Roquetas de Mar
36.7643	-3.1309	04003	Las Hoyas del Barranco
36.7651	-5.4666	11019	Benamahoma
36.7653	-4.2971	29092	Totalán
36.7654	-4.7083	29080	Pizarra
36.7666	-3.2044	18006	Los Chilchez
36.7667	-3.1667	18006	La Tejera
36.7667	-4.1167	29094	Huertas Bajas
36.7667	-2.2167	04013	El Pozo del Cabo
36.7667	-6.3500	11032	El Botánico
36.7667	-3.7667	18017	Cortijada Cantarriján
36.7667	-5.6167	11006	Caserío Las Carboneras
36.7667	-2.8333	04902	Cabriles
36.7669	-2.7285	04902	La Mujer
36.7675	-3.4537	18140	Los Tablones
36.7685	-3.8774	29075	El Molino
36.7702	-2.9543	04904	El Pardo
36.7711	-4.3196	29067	Olías
36.7711	-2.7636	04902	Galiana
36.7713	-4.2551	29071	Moclinejo
36.7718	-3.3263	18170	Los Díaz
36.7718	-3.7529	18017	El Cerval
36.7721	-3.5650	18173	Lobres
36.7739	-3.0326	04003	La Romera
36.7739	-4.0395	29005	Algarrobo
36.7763	-2.8146	04013	El Ejido
36.7764	-3.7349	18017	Los Mateos
36.7773	-3.0267	04003	Los Enríquez
36.7780	-4.1523	29094	Cabrillas
36.7781	-6.3515	11032	Sanlúcar de Barrameda
36.7782	-2.8485	04902	Ñeca
36.7784	-3.0027	04003	La Alquería
36.7784	-3.2302	18006	Los Chaulines
36.7789	-5.1638	29084	Frontones
36.7797	-3.3644	18170	Los Morales
36.7798	-2.7283	04902	El Algarrobal
36.7809	-3.0236	04003	Los Curros
36.7811	-4.1027	29094	Vélez-Málaga
36.7817	-2.7751	04902	La Aldeílla
36.7819	-3.0682	04003	La Parra
36.7823	-2.2420	04013	El Cabo de Gata
36.7833	-6.3333	11032	Monte Olivete
36.7833	-3.6833	18109	Los Bañuelos
36.7833	-3.3500	18170	Los Arcos
36.7833	-4.1833	29062	Iznate
36.7833	-3.1000	04003	Buenavista
36.7834	-4.0163	29086	Carraspite
36.7841	-2.7751	04902	Santa Maria del Aguila
36.7849	-3.1717	18006	La Balsilla
36.7859	-3.6078	18133	Molvízar
36.7862	-4.8428	29040	Casarabonela
36.7867	-3.0780	04003	Los Pérez
36.7875	-3.8944	29053	Frigiliana
36.7876	-5.5559	11026	Prado del Rey
36.7883	-3.4040	18124	Lújar
36.7886	-3.3319	18170	Los Gálvez
36.7892	-2.1095	04066	El Pozo de los Frailes
36.7894	-3.4944	18184	La Gorgoracha
36.7896	-4.9472	29031	El Burgo
36.7904	-3.6964	18017	La Gelibra
36.7908	-4.1615	29027	Benamocarra
36.7915	-2.8315	04902	Los Aljibillos
36.7918	-3.1749	18006	Casafuerte
36.7920	-3.7506	18017	El Rescate
36.7920	-3.2050	18006	Albuñol
36.7922	-6.2895	11032	Cortijo de Evora
36.7930	-3.1059	04003	Los Dagas
36.7937	-6.3000	11032	Cabeza Gorda
36.7939	-5.8763	11006	Caserío San Rafael
36.7944	-2.9952	04029	El Río Chico
36.7947	-3.2982	18162	Polopos
36.7948	-3.4359	18184	Lagos
36.7950	-3.3142	18162	Las Casillas
36.7951	-3.2677	18177	Sorvilán
36.7962	-2.5831	04079	La Ribera de la Algaida
36.7969	-3.6672	18109	Jete
36.7982	-4.0133	29086	Sayalonga
36.7983	-4.0664	29019	Las Casillas
36.7984	-6.3358	11032	Bonanza
36.7997	-6.1728	11020	La Mariscala
36.7998	-5.5734	11041	Las Montañas
36.8000	-3.6390	18103	Ítrabo
36.8000	-3.8000	29075	Río-Miel
36.8000	-4.1167	29094	Real Bajo
36.8000	-4.1333	29094	Real Alto
36.8000	-4.1333	29094	Huertas Altas
36.8000	-3.1667	18006	El Palomar
36.8000	-5.8167	11006	El Algarbejo
36.8000	-2.6000	04079	Algaida
36.8000	-5.1408	29020	Arriate
36.8013	-3.9404	29091	Río
36.8022	-3.7374	18017	Ríoseco Alto
36.8034	-3.0769	04003	Los Valentines
36.8036	-2.0634	04066	Los Escullos
36.8051	-5.8496	11006	Caserío Las Cañas
36.8054	-2.1325	04066	Boca de los Frailes
36.8058	-2.6217	04102	La Gangosa Vistasol
36.8083	-3.1374	04003	Cuesta Vieja
36.8083	-4.1236	29094	Trapiche
36.8085	-3.1518	18141	Los Sapos
36.8087	-2.5982	04079	El Parador de las Hortichuelas
36.8088	-3.1726	18006	Los Morenos
36.8089	-4.2161	29009	Almáchar
36.8095	-3.3482	18170	Rubite
36.8098	-2.6000	04079	Las Hortichuelas
36.8107	-2.5878	04079	El Campillo del Moro
36.8108	-2.5778	04079	El Pillico
36.8120	-2.2479	04013	Mazarulleque
36.8129	-3.2075	18004	Los Gálvez
36.8130	-2.6961	04102	Casablanca
36.8132	-3.3070	18162	Haza del Lino
36.8133	-5.1400	29084	La Cimada
36.8137	-2.0520	04066	La Isleta del Moro
36.8141	-2.5724	04079	Aguadulce
36.8148	-4.1714	29094	Las Zorrillas
36.8148	-4.2352	29094	Borge
36.8158	-5.2980	11019	Montecorto
36.8158	-3.6798	18148	Otívar
36.8162	-4.0441	29019	Arenas
36.8167	-3.7000	18148	Venta de Cazulas
36.8167	-6.0167	11020	Romanina Alta
36.8167	-4.0167	29086	Azafranes
36.8167	-3.9500	29045	Acebuchal
36.8168	-5.7445	11010	Bornos
36.8184	-3.2783	18177	Alfornón
36.8186	-3.1766	18006	Los Rivas
36.8186	-5.6352	11041	Alberite
36.8187	-4.1658	29094	Triana
36.8201	-3.0252	04029	El Río Grande
36.8201	-2.4207	04013	El Bobar
36.8203	-4.0310	29019	Daimalos
36.8212	-3.1680	18006	Los Sevillanos
36.8218	-5.8425	11006	Cortijo Rey
36.8218	-2.8714	04038	Dalías
36.8220	-3.0751	04003	Los Clementes
36.8224	-2.4367	04013	El Jaúl
36.8236	-4.7058	29012	Alora
36.8249	-5.9416	11020	La Blanquita
36.8253	-3.3681	18147	Olías
36.8255	-4.5407	29011	Almogía
36.8260	-2.6801	04043	El Cañuelo
36.8263	-2.5160	04013	La Garrofa
36.8269	-6.0833	11020	Casablanca
36.8277	-3.2114	18004	Albondón
36.8289	-3.3321	18147	Bargis
36.8304	-4.0592	29019	Los Valverde
36.8313	-4.2274	29050	Cútar
36.8316	-2.6427	04102	Vícar
36.8319	-2.8677	04038	Celín
36.8320	-3.3608	18147	Fregenite
36.8324	-3.5154	18184	Vélez de Benaudalla
36.8332	-2.3160	04013	Retamar
36.8332	-3.3346	18147	Bargis Bajo
36.8333	-4.1333	29094	Los Vados
36.8333	-3.2833	18179	Los Pallares
36.8333	-2.6833	04043	La Balsilla de Taray
36.8333	-3.2500	18179	Calarillo
36.8333	-5.3833	11042	Zahara de la Sierra
36.8335	-3.9743	29045	Cómpeta
36.8336	-3.1475	18141	El Collado
36.8346	-3.0860	18181	La Noria
36.8350	-4.1936	29026	Benamargosa
36.8350	-4.1001	29087	Rubite
36.8353	-3.5791	18906	Guájar Fondón
36.8361	-3.6743	18120	Lentegí
36.8364	-2.4353	04013	La Vega de Acá
36.8369	-2.6181	04102	La Envia
36.8376	-2.9694	04029	San Roque
36.8381	-2.3811	04013	Costacabana
36.8381	-2.4597	04013	Almería
36.8399	-3.9921	29016	Árchez
36.8402	-2.4060	04013	La Cañada de San Urbano
36.8406	-5.3913	11042	Zahara
36.8407	-3.5852	18906	Guájar-Faragüit
36.8418	-4.1555	29094	Atalayas
36.8420	-3.1660	18141	Los Archillas
36.8440	-5.7789	11017	El Algarbejo
36.8459	-2.1231	04066	El Cerro Blanco
36.8466	-3.9868	29034	Canillas de Albaida
36.8467	-3.2277	18004	Los Morenos
36.8469	-2.9497	04029	Berja
36.8486	-2.4714	04013	El Barranco del Caballar
36.8487	-2.0443	04066	El Campillo de Rodalquilar
36.8490	-4.1311	18013	Portugalejo
36.8493	-4.2466	29044	Comares
36.8500	-5.9000	11020	Las Navas
36.8503	-2.1228	04066	Albaricoques
36.8505	-3.3410	18147	Alcázar
36.8526	-2.3531	04013	El Alquián
36.8529	-4.8200	29036	Carratraca
36.8530	-6.0378	41903	El Cuervo
36.8543	-3.6250	18906	Guájar Alto
36.8545	-2.4232	04013	El Mamí
36.8546	-4.0243	29085	Salares
36.8548	-5.3233	11018	El Gastor
36.8559	-4.2109	29050	La Zubia
36.8565	-2.3825	04013	Loma Cabrera
36.8595	-2.4817	04013	La Cuesta del Gato
36.8598	-5.6448	11041	Villamartín
36.8601	-3.2144	18004	Los Vargas
36.8605	-2.4496	04013	El Barranco de Amatisteros
36.8623	-4.0331	29087	Sedella
36.8623	-3.1025	18181	Los Casimiros
36.8624	-4.1414	29099	La Viñuela
36.8626	-5.8729	11017	La Zorrilla
36.8631	-4.1412	29099	Viñuela
36.8640	-5.1818	29084	Setenil de las Bodegas
36.8649	-5.5970	11041	El Serrecín
36.8652	-2.9687	04029	La Peñarrodada
36.8653	-3.1992	18004	Los Cózares
36.8656	-3.0568	04029	Turón
36.8659	-4.5930	29011	Monterroso
36.8667	-3.2333	18179	Los Rafaeles
36.8667	-3.2000	18004	Fuentequemada
36.8679	-6.3041	11032	La Algaida
36.8680	-4.1951	29099	Los Romanes
36.8691	-5.4645	11005	Madrigueras
36.8691	-2.6585	04013	Félix
36.8708	-6.1759	11037	Trebujena
36.8709	-5.6767	11010	La Laguna
36.8718	-2.4233	04101	La Juaida
36.8730	-4.0825	29033	Canillas de Aceituno
36.8735	-5.4197	11005	Arenal
36.8745	-5.8060	11017	Espera
36.8748	-2.0292	04066	Las Hortichuelas Bajas
36.8754	-5.0449	29048	Cuevas del Becerro
36.8767	-2.7262	04043	Carcáuz
36.8773	-2.6018	04041	Enix
36.8779	-5.7312	11017	Carija
36.8780	-4.8469	29018	Ardales
36.8794	-3.2983	18179	Torviscón
36.8802	-2.0047	04066	Las Negras
36.8804	-5.4054	11005	Algodonales
36.8805	-3.0577	18181	El Marchal
36.8833	-3.2000	18121	Los Garcías
36.8833	-3.3833	18147	Los Agustines
36.8833	-3.0333	04029	La Rambla
36.8833	-2.4167	04101	Cortijo del Marqués
36.8833	-2.4333	04052	Barrio del Carmen
36.8837	-3.0265	04029	Benínar
36.8843	-3.3991	18147	Los Tablones
36.8844	-2.1830	04066	Los Nietos de Campo Hermoso
36.8850	-3.1094	18141	Murtas
36.8851	-2.4376	04052	Huércal de Almería
36.8851	-2.9715	04029	El Cid
36.8854	-4.9815	29904	Serrato
36.8860	-3.1955	18121	Los Morenos
36.8880	-2.9256	04029	Castala
36.8901	-2.4270	04101	Viator
36.8901	-3.2224	18044	Los Mateos
36.8915	-6.0509	41053	Las Arenas
36.8920	-2.2806	04013	Cuevas de los Medinas
36.8921	-2.6271	04041	El Marchal de Antón López
36.8922	-3.1799	18035	La Rambla del Banco
36.8922	-2.9991	04029	Hirmes
36.8926	-4.4294	29039	Casabermeja
36.8946	-2.3708	04101	Las Viudas
36.8950	-4.1289	18013	El Cerro
36.8952	-3.1141	18141	Mecina Tedel
36.8959	-4.1378	18013	Venta Baja
36.8981	-5.8750	11017	El Algarrobillo
36.9000	-3.4833	18116	Secano
36.9000	-6.0167	41053	Majadavieja
36.9000	-3.0333	04007	La Vega
36.9000	-2.4333	04024	El Chuche
36.9008	-2.9388	04029	Chirán
36.9026	-3.3012	18016	Almegíjar
36.9026	-3.4238	18147	Órgiva
36.9030	-4.1141	29002	Alcaucín
36.9035	-1.9808	04066	San Pedro
36.9035	-2.1174	04066	El Pozo del Capitán
36.9045	-5.1724	11002	Alcalá del Valle
36.9052	-4.3356	29043	Colmenar
36.9083	-3.0976	18141	Cojáyar
36.9091	-4.7573	29012	El Chorro
36.9099	-6.0535	41053	Pago Dulce
36.9102	-3.5581	18910	Pinos del Valle
36.9104	-2.1725	04066	San Isidro de Nijar
36.9108	-3.5533	18910	Barrio Bajo
36.9109	-3.1341	18182	Pelegrinas
36.9123	-4.1253	18013	Los Cortijillos
36.9129	-2.1757	04066	Los Pipaces
36.9130	-2.0663	04066	Fernán Pérez
36.9148	-3.2093	18121	Caserío Bulumor
36.9157	-3.2777	18016	Notáez
36.9159	-5.2338	11036	Torre Alháquime
36.9162	-5.7049	11041	San Lázaro
36.9162	-2.4369	04074	Pechina
36.9164	-2.1248	04066	El Cortijo de los Olivos
36.9167	-6.0833	41053	Zancarrón
36.9167	-6.0833	41053	La Estación
36.9167	-3.5000	18116	Escolta
36.9167	-3.2167	18121	Caserío Lobrazán
36.9167	-5.6667	11041	Caserío La Cordillera
36.9173	-4.2932	29083	Ríogordo
36.9177	-5.7997	11017	San Bernardino
36.9185	-3.4818	18116	Lanjarón
36.9192	-3.4155	18147	Bayacas
36.9198	-3.0291	04007	Darrícal
36.9208	-6.0753	41053	Lebrija
36.9209	-3.5251	18910	Tablate
36.9220	-3.4083	18043	Carataunas
36.9221	-5.5430	11029	Puerto Serrano
36.9249	-5.6214	11041	Los Izquierdos
36.9249	-2.4594	04024	Benahadux
36.9250	-4.1446	29002	Toril
36.9264	-3.1050	18182	Jorairátar
36.9267	-2.2979	04013	Las Cuevas de los Úbedas
36.9268	-3.4281	18040	Cáñar
36.9274	-3.5415	18119	Béznar
36.9274	-3.2876	18033	Venta del Relleno
36.9279	-3.6228	18007	Barrio Bajo
36.9280	-3.3230	18901	Mecina Fondales
36.9283	-3.6318	18007	Albuñuelas
36.9285	-3.2123	18121	Lobras
36.9286	-3.4054	18176	Soportújar
36.9293	-3.5828	18902	Restábal
36.9293	-4.1916	29079	Periana
36.9293	-2.1340	04066	El Rodón
36.9298	-3.3139	18901	Ferreirola
36.9302	-3.5971	18902	Saleres
36.9303	-4.5304	29902	Villanueva de la Concepción
36.9303	-5.4125	11005	La Muela
36.9305	-3.6217	18007	Barrio de Fernán Núñez
36.9312	-3.0607	04007	Los Montoros
36.9316	-3.2541	18044	Cástaras
36.9321	-4.6826	29093	Valle de Abdalagís
36.9325	-4.6232	29015	La Joya
36.9333	-4.1167	18013	Venta Alta
36.9333	-3.0667	04007	Los Lozanos
36.9333	-2.4500	04078	Las Cuevas Viejas
36.9333	-2.4500	04078	Las Cuevas de Mayo
36.9333	-2.4667	04024	Las Cuevas de María
36.9339	-3.2325	18044	Nieles
36.9342	-5.2668	11024	Olvera
36.9345	-3.3090	18901	Atalbéitar
36.9350	-3.9115	18106	Játar
36.9357	-3.3267	18901	Pitres
36.9357	-3.5711	18902	Melegís
36.9358	-5.9111	41020	San Rafael
36.9361	-2.4502	04078	El Marraque
36.9362	-2.1319	04066	Campohermoso
36.9369	-3.8621	18020	La Resinera
36.9374	-3.0434	04007	Las Canteras
36.9380	-3.2944	18033	Busquístar
36.9382	-3.5558	18119	Chite
36.9388	-4.1137	18013	Espino
36.9394	-4.2281	29079	Mondrón
36.9400	-1.9343	04066	Agua Amarga
36.9402	-3.3610	18151	Pampaneira
36.9415	-4.1171	18013	Los Morales
36.9419	-3.3107	18163	Pórtugos
36.9426	-1.9075	04032	Mesa Roldán
36.9429	-3.0247	04007	Lucainena
36.9445	-3.2115	18121	Tímar
36.9451	-2.4630	04078	Rioja
36.9459	-3.1802	18035	Cádiar
36.9474	-3.5600	18119	Murchas
36.9478	-3.5506	18119	Talará
36.9488	-3.2259	18112	Juviles
36.9490	-3.3561	18032	Bubión
36.9492	-1.9740	04066	Los Cerrillos
36.9492	-3.8231	18107	Jayena
36.9494	-2.0716	04066	El Charco del Lobo
36.9498	-3.5475	18119	Mondújar
36.9500	-3.0667	04007	Rambla Seca
36.9500	-3.2833	18033	Los Llanos
36.9500	-4.8000	29032	Gobantes
36.9500	-2.4000	04074	El Cortijo Blanco
36.9500	-3.0500	04007	Caserío Río Ugijar
36.9511	-2.4032	04074	El Chorrillo
36.9515	-5.0244	29035	Cañete la Real
36.9515	-4.2090	29079	Baños de Vilo
36.9532	-2.4925	04047	Gádor
36.9536	-4.4418	29015	Villanueva de Cauche
36.9536	-5.8308	41020	La Harinosa
36.9540	-2.4678	04078	Abriojal
36.9541	-2.1103	04066	El Bermejo
36.9544	-3.8577	18020	Fornes
36.9549	-2.4767	04047	Paulenca
36.9561	-3.1794	18035	Narila
36.9564	-2.6844	04055	La Fuente de Los Morales
36.9569	-2.5686	04011	Alhama de Almería
36.9578	-3.1368	18035	Yátor
36.9580	-3.8936	18020	Arenas del Rey
36.9581	-4.1214	18013	Ventas de Zafarraya
36.9609	-3.0552	18182	Ugíjar
36.9615	-3.3586	18042	Capileira
36.9616	-2.2531	04066	Las Matanzas
36.9625	-2.0953	04066	El Saladar y Leche
36.9651	-3.8697	18020	Retamales
36.9658	-2.6021	04012	Alicún
36.9659	-3.5888	18908	Cónchar
36.9665	-2.2060	04066	Níjar
36.9667	-2.4000	04074	Sierra Alhamilla
36.9667	-4.8500	29032	Peñarrubia
36.9667	-2.5500	04011	Los Imposibles
36.9667	-2.5333	04081	Las Yeseras de Galáchar
36.9667	-4.1333	18192	Cortijo de Chinales
36.9675	-3.1923	18030	Alcútar
36.9676	-3.0132	04007	Cherín
36.9679	-3.5397	18119	Acequias
36.9680	-3.2739	18033	Las Fuentezuelas
36.9680	-2.6094	04051	Huécija
36.9723	-5.2223	41076	Pruna
36.9723	-2.2944	04066	Las Mañicas
36.9724	-5.6022	11041	Tierras Nuevas
36.9728	-3.1509	18904	Golco
36.9734	-5.4402	41035	Coripe
36.9740	-2.1469	04066	Los Tristanes
36.9745	-2.5609	04011	Galáchar
36.9746	-2.9615	04007	Alcolea
36.9748	-2.5313	04081	Santa Fe de Mondújar
36.9755	-4.1444	18192	Zafarraya
36.9768	-3.1907	18030	Bérchules
36.9776	-3.5395	18143	Nigüelas
36.9802	-2.8596	04046	Fondón
36.9807	-3.1556	18904	Mecina Bombarón
36.9810	-3.1190	18904	Yegen
36.9815	-4.0359	18013	Jurtiga
36.9833	-2.8833	04046	La Casería
36.9833	-4.0000	18013	Corumbela
36.9833	-3.1000	18183	Caserío Cantarilla
36.9833	-4.1500	18192	Casas Morrón de Arate
36.9835	-3.7276	18150	Venta del Fraile
36.9836	-4.9191	29089	Teba
36.9838	-5.9393	41020	Las Cabezas de San Juan
36.9839	-2.5968	04091	Terque
36.9850	-2.8771	04046	Fuente Victoria
36.9856	-4.1278	18192	El Almendral
36.9856	-2.6387	04054	Illar
36.9872	-2.2226	04066	Huebro
36.9879	-3.5660	18071	Dúrcal
36.9882	-2.6199	04028	Bentarique
36.9889	-2.7348	04030	La Barriada de Alcora
36.9889	-3.5921	18908	Cozvíjar
36.9900	-2.5865	04010	Alhabia
36.9933	-1.8989	04032	Barrio de Pescadores
36.9934	-2.6605	04055	Instinción
36.9943	-4.2593	29003	Alfarnate
36.9952	-2.8903	04046	Laujar de Andarax
36.9952	-2.6818	04077	Rágol
36.9953	-5.5714	41064	Montellano
36.9955	-3.9414	18013	Los Morales
36.9957	-4.2606	29004	Alfarnatejo
36.9962	-3.0829	18183	Válor
36.9967	-1.8965	04032	Carboneras
36.9968	-4.3654	29096	Villanueva del Rosario
36.9971	-3.0692	18183	Mecina Alfahar
36.9978	-6.5510	21005	Matalascañas
36.9981	-2.7737	04071	Padules
36.9993	-2.3697	04088	Los Góngoras
37.0000	-2.0500	04060	Ibáñez
37.0000	-6.1500	41053	El Teléfono
37.0000	-2.8833	04057	El Batán
37.0004	-3.2654	18180	Trevélez
37.0010	-3.0055	04020	Picena
37.0010	-1.9356	04032	El Llano de Don Antonio
37.0021	-5.0218	29010	Almargen
37.0025	-2.5948	04015	Alsodux
37.0026	-2.7905	04014	Almócita
37.0030	-3.0715	18183	Nechite
37.0039	-3.0440	18903	Mairena
37.0049	-2.9437	04073	Guarros
37.0068	-6.5682	21005	Torre de la Higuera
37.0069	-3.9896	18013	Alhama de Granada
37.0074	-1.9333	04032	Los Vicentes
37.0085	-3.0139	04020	Laroles
37.0087	-3.0335	18903	Júbar
37.0096	-2.7394	04030	Canjáyar
37.0124	-2.7913	04023	Beires
37.0152	-5.1495	41008	Algámitas
37.0161	-1.9936	04032	Gafares
37.0167	-4.0167	18013	Torresolana
37.0167	-5.9333	41020	La Estación
37.0173	-2.6036	04015	Santa Cruz
37.0174	-2.6034	04080	Santa Cruz De Marchena
37.0176	-2.0786	04060	El Puntal
37.0194	-4.5612	29015	Antequera
37.0204	-3.9836	18013	Los Baños
37.0209	-1.9228	04032	El Cumbrero
37.0222	-2.9534	04073	Paterna del Río
37.0238	-3.8081	18072	La Pera
37.0241	-2.3680	04088	Joluque
37.0246	-3.6268	18150	Padul
37.0256	-6.1339	41053	Casa Villalón
37.0260	-1.9295	04032	El Saltador Bajo
37.0266	-2.0803	04060	Polopos
37.0283	-4.3389	29097	Villanueva del Trabuco
37.0287	-2.3429	04088	Marchante
37.0295	-2.2661	04094	Turrillas
37.0302	-3.8287	18001	Agrón
37.0307	-2.9961	04020	Bayárcal
37.0310	-5.9947	41020	San Leandro
37.0335	-2.6216	04005	Albolodúy
37.0341	-1.9987	04086	Los Loberos
37.0350	-1.9600	04032	La Cueva del Pájaro
37.0359	-2.0936	04060	Los Guardines
37.0360	-2.2442	04094	Los Encalmados
37.0386	-2.7452	04067	Ohanes
37.0389	-1.8903	04064	El Algarrobico
37.0404	-2.2010	04060	Lucainena de las Torres
37.0419	-4.6959	29015	Bobadilla
37.0421	-5.7599	11035	Pantano del Águila
37.0441	-3.5603	18068	Sierra
37.0454	-6.0084	41020	Llanos de San Juan
37.0467	-4.0680	18013	Pilas Dedil
37.0474	-6.5653	21005	El Acebuche
37.0474	-2.3111	04088	Tinadas
37.0483	-4.8631	29032	Campillos
37.0489	-2.0641	04086	Mizala
37.0491	-1.9362	04032	El Barranco de García
37.0496	-5.1754	41100	Villanueva de San Juan
37.0499	-2.3908	04088	Tabernas
37.0512	-2.0436	04086	Peñas Negras
37.0544	-6.0426	41020	Nuevo Rocío
37.0544	-6.6153	21005	Chozas de la Poleosa
37.0548	-3.8732	18185	Ochichar
37.0563	-5.8321	41095	Guadalema de los Quinteros
37.0566	-2.5395	04050	Fuente Santa
37.0571	-1.8819	04064	Sopalmo
37.0577	-2.0200	04086	Gafarillos
37.0600	-3.9169	18034	Cacin
37.0615	-5.8047	41095	El Palmar de Troya
37.0621	-2.7348	04067	Tices
37.0622	-3.7613	18072	Escúzar
37.0624	-3.9755	18174	Santa Cruz del Comercio
37.0639	-1.9115	04093	La Adelfa
37.0639	-2.5438	04005	Gebera
37.0641	-6.0385	41020	Rancho Villa
37.0645	-2.0446	04086	El Campico
37.0656	-5.1211	41090	La Mezquitilla
37.0667	-2.3667	04088	Pago Aguilar Bajo
37.0676	-2.1391	04086	La Cumbre
37.0684	-3.8198	18185	Ventas de Huelma
37.0686	-2.3234	04088	Espoliz
37.0705	-6.2373	41012	Cortijo de Adalia
37.0709	-1.8630	04064	El Agua del Medio
37.0710	-2.0105	04086	Gacia Bajo
37.0718	-2.3048	04088	Cañada de Miralles
37.0724	-5.0982	41090	El Saucejo
37.0728	-3.6013	18068	Dílar
37.0784	-6.5542	21005	San Vicente
37.0795	-5.6341	41011	El Coronil
37.0798	-3.6530	18149	Suspiro del Moro
37.0809	-3.9849	18174	Seco de Lucena
37.0819	-3.8850	18061	La Zahora
37.0833	-1.9167	04093	El Puntal
37.0836	-6.6219	21005	Las Casillas
37.0836	-6.2740	41012	Choza de Huerta Tejada
37.0840	-3.8075	18185	Ácula
37.0842	-5.8563	41095	El Torviscal
37.0868	-1.9268	04093	Cufría
37.0875	-5.5981	41011	La Gironda
37.0877	-2.1758	04086	El Barranco de los Lobos
37.0878	-6.5642	21005	El Alamillo
37.0885	-3.6332	18149	Otura
37.0889	-2.0747	04086	El Río de Aguas
37.0900	-2.7307	04901	Santillana
37.0905	-2.5828	04005	Las Alcubillas Altas
37.0920	-2.5851	04005	Las Alcubillas Altas
37.0922	-5.8608	41095	Estación de las Alcantarillas
37.0927	-1.9441	04093	La Carrasca
37.0928	-6.0836	41079	EL Reboso
37.0937	-2.3013	04088	Los Yesos
37.0940	-6.1145	41079	Queipo de Llano
37.0945	-3.3995	18134	Pradollano
37.0945	-2.0644	04086	El Tesoro
37.0950	-3.3969	18134	Sierra Nevada
37.0960	-2.0973	04086	Urrá
37.0965	-1.9195	04093	El Dondo
37.0965	-4.3887	29017	Archidona
37.0976	-2.1235	04086	Sorbas
37.0991	-3.5311	18134	Caserío Huenes
37.0992	-4.9843	41037	Los Corrales
37.0994	-3.8127	18061	Cortijada Noniles
37.1000	-2.0000	04093	Gacia Alto
37.1000	-2.7667	04001	El Serval
37.1000	-1.9833	04093	El Puerto
37.1005	-3.7208	18126	Malá
37.1021	-3.5635	18193	Balzáin
37.1022	-6.5119	21005	Los Mimbrales
37.1038	-2.0297	04086	La Herrería
37.1046	-3.6056	18084	Gójar
37.1055	-2.8638	18069	Los Canos
37.1061	-2.6485	04065	Nacimiento
37.1087	-4.9635	41062	Martín de la Jara
37.1088	-3.6456	18014	Alhendín
37.1094	-6.0794	41079	Poblado El Coto
37.1099	-4.5132	29015	Cartaojal
37.1132	-2.6611	04065	La Rambla-Encira
37.1139	-4.7030	29059	Humilladero
37.1140	-1.9180	04093	Cabrera
37.1149	-2.0126	04086	La Huelga
37.1153	-6.6721	21005	El Abalario
37.1164	-5.8728	41069	Juan Gómez
37.1167	-2.8000	04002	Los Monjos
37.1167	-2.0333	04086	Las Viñicas
37.1167	-6.1500	41079	El Puntal
37.1167	-3.9167	18013	Cortijo de El Romeral
37.1167	-3.3500	18094	Cortijada Dehesa del Calvario
37.1172	-3.8779	18061	Tajarja
37.1189	-2.5401	04050	Gérgal
37.1191	-3.5840	18084	Zubia
37.1191	-3.6077	18145	Ogíjares
37.1203	-2.1211	04086	El Mayordomo
37.1208	-5.4540	41065	Morón de la Frontera
37.1218	-1.9351	04093	Cortijo Grande
37.1236	-6.1042	41079	Poblado de San Lorenzo
37.1242	-6.7931	21050	Ermita del Carmen
37.1242	-3.6549	18905	Gabia la Chica
37.1242	-4.8677	29088	Sierra de Yeguas
37.1245	-4.0432	18171	Las Rosuelas
37.1253	-2.0086	04022	Los Giles
37.1253	-4.6569	29072	Mollina
37.1256	-4.0195	18171	Los Llanos
37.1268	-2.4716	04050	El Arroyo de Verdelecho
37.1274	-4.0563	18171	Cañada de Junco
37.1292	-3.7641	18061	Cortijada Santa Catalina
37.1299	-6.4848	21005	El Rocío
37.1309	-1.8335	04064	Mojacar Playa
37.1313	-3.8213	18061	Chimeneas
37.1323	-2.7971	04002	Abrucena
37.1331	-6.0900	41079	Poblado de San Vicente Ferrer
37.1332	-3.5372	18134	Monachil
37.1333	-1.8833	04093	La Cañada Ancha
37.1336	-3.9411	18034	El Turro
37.1338	-3.5727	18036	Cájar
37.1346	-3.6681	18905	Gabia la Grande
37.1353	-4.7300	29055	Fuente de Piedra
37.1353	-2.7121	04901	Doña María
37.1355	-3.6703	18905	Las Gabias
37.1367	-6.8239	21050	Faro El Picacho de la Barra
37.1367	-6.6164	21005	La Mediana
37.1368	-3.5591	18134	Barrio de la Vega
37.1368	-4.2785	18122	Cuesta de la Palma
37.1375	-6.8270	21050	Mazagón
37.1376	-2.0155	04048	Almocáizar
37.1391	-2.1310	04086	Moras
37.1402	-1.8510	04064	Mojacar
37.1417	-3.8650	18061	Cortijo Las Villas
37.1420	-1.9602	04048	Alfaíx
37.1422	-2.3371	04088	Los Nudos
37.1422	-3.9002	18061	Las Chozas
37.1424	-2.7781	04001	Abla
37.1425	-3.4922	18157	El Purche
37.1430	-6.3417	21005	Pescador
37.1431	-2.6920	04901	La Estación de Doña María Ocaña
37.1435	-3.5848	18087	Los Carballos
37.1439	-3.6253	18021	Armilla
37.1448	-2.0444	04086	Barriada Los Castaños
37.1450	-3.6462	18062	Churriana de la Vega
37.1451	-2.3033	04090	Cocón del Peral
37.1453	-3.5696	18101	Huétor Vega
37.1460	-2.0632	04086	Los Ramírez
37.1461	-2.0882	04086	Los Alias
37.1492	-3.6778	18905	Híjar
37.1496	-2.7817	04001	El Camino Real
37.1499	-2.0825	04086	Cariatiz
37.1499	-2.0846	04086	Los Maños
37.1500	-5.0833	41068	Navarredonda
37.1500	-1.9333	04048	Las Norias
37.1500	-3.6000	18087	Cruz de Lagos
37.1504	-4.0658	18171	Salar
37.1512	-5.6389	41063	Cortijo de Palomo
37.1521	-2.8011	04002	Pago de Escuchagranos
37.1522	-1.8950	04093	Turre
37.1534	-2.0753	04086	Los Pérez
37.1536	-3.6707	18057	Cúllar-Vega
37.1547	-4.2077	18122	Riofrío
37.1561	-6.1000	41079	Los Llanos
37.1570	-5.7180	41063	Los Molares
37.1571	-6.4712	21005	Cruz de Veguita
37.1599	-3.4386	18094	Güéjar-Sierra
37.1601	-3.5355	18047	Cenes de la Vega
37.1601	-3.0720	18010	Aldeire
37.1602	-1.8262	04064	La Marina de la Torre
37.1605	-2.6259	04050	Aulago
37.1606	-6.3800	21040	Palacio del Rey
37.1606	-3.4670	18094	Canales
37.1617	-3.5505	18087	Barranco del Oro
37.1618	-5.9243	41069	Los Palacios y Villafranca
37.1628	-2.7674	04001	Las Torrecillas
37.1635	-3.5021	18157	Pinos Genil
37.1646	-3.6626	18911	Ambroz
37.1650	-3.5594	18087	Lancha del Genil
37.1655	-2.1082	04086	La Mela
37.1660	-4.2921	18122	La Bobadilla
37.1660	-2.1109	04086	El Fonte
37.1661	-2.4905	04068	El Tallón Bajo
37.1667	-2.5500	04050	Porto-Carrero
37.1667	-4.0833	18171	Las Huertas
37.1667	-4.0000	18171	La Dehesa
37.1667	-5.9333	41069	Dársena
37.1667	-3.6167	18087	Cañaveral
37.1672	-3.9651	18138	Moraleda de Zafayona
37.1683	-1.9403	04048	Los Gallardos
37.1687	-3.1382	18117	Lanteira
37.1689	-4.1513	18122	Loja
37.1698	-4.0877	18171	Venta del Pulgar
37.1706	-2.7701	04001	Las Adelfas
37.1715	-3.7215	18175	Santa Teresa
37.1715	-2.8401	04045	Fiñana
37.1720	-3.6653	18911	Purchil
37.1723	-3.6909	18911	Belicena
37.1725	-3.0354	18074	Ferreira
37.1727	-4.1278	18100	La Esperanza
37.1733	-7.3778	21010	Isla Canela
37.1748	-2.4743	04068	Olula de Castro
37.1748	-6.2815	41012	Partido de Resina
37.1749	-1.9884	04022	Serena
37.1751	-6.1112	41079	El Mármol
37.1757	-6.6456	21005	Caserío El Villarejo
37.1765	-3.5411	18087	Jesús del Valle
37.1766	-2.9502	18097	Huéneja
37.1774	-6.6234	21005	Los Cabezudos
37.1775	-2.6704	04065	Los Sanchos
37.1775	-2.0734	04059	El Chive
37.1777	-2.7354	04901	Escúllar
37.1780	-1.9973	04022	Los Pinos
37.1780	-3.9420	18138	El Chaparral
37.1785	-6.6720	21005	Los Bodegones
37.1797	-2.9911	18069	Dólar
37.1802	-3.1155	18018	Alquife
37.1803	-2.6759	04065	Gilma
37.1804	-3.9043	18158	Fuensanta
37.1814	-6.0833	41079	El Hoyuelo
37.1814	-1.8225	04049	Garrucha
37.1821	-6.9661	21060	Punta Umbría
37.1826	-2.0136	04022	El Albarico
37.1826	-2.0542	04059	El Barranco Sopalmo
37.1828	-4.3338	29098	Villanueva de Tapia
37.1828	-2.3300	04082	Zarzales
37.1833	-3.0667	18114	La Calahorra
37.1833	-2.8333	18069	La Acifría
37.1835	-4.4503	29095	Villanueva de Algaidas
37.1836	-6.5542	21005	Cortijo de la Cañada
37.1838	-3.1596	18108	Jérez del Marquesado
37.1839	-2.6995	04901	El Cortijo Real
37.1841	-4.4500	29095	Rincona
37.1844	-7.3376	21010	Punta del moral
37.1846	-2.2049	04095	Uleila del Campo
37.1848	-2.4402	04033	Castro de Filabres
37.1852	-5.7809	41095	Utrera
37.1852	-4.0340	18100	Las Cuevas
37.1855	-4.0374	18100	Venta Nueva
37.1857	-2.8470	18069	La Estación
37.1858	-3.4835	18070	Dúdar
37.1865	-2.8951	18097	Las Cuevas
37.1870	-7.3417	21010	Isla del Moral
37.1882	-3.6067	18087	Granada
37.1886	-3.7189	18175	Santafé
37.1888	-2.7514	04001	La Fuente Mendoza
37.1889	-2.1012	04086	El Pilar
37.1912	-6.3408	21005	Juncosilla
37.1914	-3.8964	18158	Albenzaíre
37.1915	-2.8964	18097	Molinos y Sierra
37.1921	-3.6436	18087	Bobadilla
37.1924	-2.3125	04082	Moratón
37.1925	-3.4665	18168	Quéntar
37.1934	-5.7717	41095	Consolación
37.1939	-1.9817	04022	Bédar
37.1941	-2.4015	04097	Velefique
37.1941	-2.1111	04059	Los Cazaminches
37.1946	-2.6768	04065	Los Rojas
37.1948	-2.6396	04050	Cortijo del Cerezo
37.1952	-3.8328	18115	Láchar
37.1954	-7.3261	21042	Punta del Caimán
37.1957	-4.0608	18100	Urbanización Cerro Beyla
37.1958	-1.8610	04100	La Jara
37.1963	-3.7410	18175	El Jau
37.1975	-2.0196	04059	El Barranco de las Minas
37.1977	-1.8930	04100	Valle de Este
37.1980	-3.8117	18048	Cijuela
37.1983	-3.8713	18158	Trasmulas
37.1983	-4.0469	18100	Huétor-Tájar
37.1985	-2.2192	04027	Los Medinas
37.1996	-2.0095	04022	El Campico
37.1998	-3.7716	18059	Chauchina
37.2000	-2.3000	04082	Rambla del Marqués
37.2000	-1.8167	04100	Los Amarguillos
37.2000	-7.3167	21042	Isla Cristina
37.2011	-3.6265	18087	Cerrillo de Maracena
37.2020	-3.7940	18059	Romilla
37.2026	-7.2858	21042	Playa del Hoyo
37.2033	-4.0613	18100	Estación de Huétor-Tájar
37.2037	-2.3463	04082	Senes
37.2038	-4.7245	29055	Los Pérez
37.2038	-4.7780	41082	La Roda de Andalucía
37.2051	-3.8341	18158	Daimuz Bajo
37.2054	-4.3010	14037	Fuente del Conde
37.2057	-7.2374	21042	Islantilla
37.2063	-1.8124	04100	Puerto Rey
37.2065	-6.1777	41079	Caserío Dehesa de Abajo
37.2067	-3.5622	18087	Fargue
37.2069	-6.0806	41079	La Compañía
37.2071	-3.8017	18079	La Paz
37.2071	-7.2091	21044	La Antilla
37.2073	-4.0998	18122	Torre-Agicampe
37.2074	-1.8691	04100	El Esparragal
37.2075	-7.3233	21042	Puente Carrera
37.2076	-3.6349	18127	Maracena
37.2083	-6.7086	21014	El Corchuelo
37.2087	-4.6586	29001	Alameda
37.2095	-4.1526	18122	Los Arenales
37.2121	-2.2418	04027	Benizalón
37.2124	-1.8139	04100	Vera Playa
37.2124	-4.0630	18100	Caserío El Cárcamo
37.2133	-7.4081	21010	Ayamonte
37.2137	-2.0257	04059	El Marchal (Lubrin)
37.2144	-3.8115	18079	El Martinete
37.2145	-4.0140	18188	Villanueva de Mesía
37.2154	-2.0668	04059	Lubrín
37.2154	-7.0573	21021	El Portil
37.2162	-2.0236	04059	El Marchal
37.2167	-2.5000	04019	Olapra
37.2167	-1.8333	04100	Media Legua
37.2167	-2.0333	04059	La Cruz
37.2169	-3.7517	18175	Pedro Ruiz
37.2177	-7.1221	21021	El Rompido
37.2180	-3.4809	18024	Beas de Granada
37.2184	-2.7157	18023	El Cortijo-Cuatro Casas
37.2191	-3.6052	18165	Pulianillas
37.2199	-2.7436	04901	El Haza de Riego
37.2202	-3.7829	18079	Fuente Vaqueros
37.2207	-3.3445	18094	Agustinos
37.2208	-3.5941	18111	Jun
37.2209	-3.5163	18099	Huétor Santillán
37.2216	-5.3115	41065	La Puebla de Cazalla
37.2225	-7.2694	21042	La Redondela
37.2226	-1.9839	04022	Los Matreros
37.2230	-3.6083	18165	Pulianas
37.2239	-2.1296	04059	Los Jarales
37.2240	-2.0436	04059	La Alameda
37.2242	-7.3592	21010	Fotea
37.2248	-3.6869	18022	Atarfe
37.2252	-3.1609	18049	Cogollos de Guadix
37.2257	-7.3148	21010	Pozo del Camino
37.2260	-4.8942	41072	Pedrera
37.2271	-3.1332	18005	Albuñán
37.2274	-3.9450	18102	Brácana
37.2280	-2.2847	04090	Tahal
37.2291	-2.4813	04019	El Barrancón
37.2294	-3.2415	18123	Lugros
37.2309	-3.6551	18003	Albolote
37.2314	-2.2393	04026	Benitagla
37.2315	-3.5538	18189	Víznar
37.2318	-3.7234	18022	Baños de Sierra Elvira
37.2323	-3.6290	18153	Peligros
37.2323	-2.1259	04059	Los Braulios
37.2326	-7.3919	21010	Moral de la Frontera
37.2327	-1.9149	04016	Los Llanos del Mayor
37.2333	-2.0667	04059	Los Hernández
37.2333	-6.9500	21041	Fábrica de Gas del Puerto
37.2333	-3.5667	18011	Canteras
37.2335	-1.8994	30024	Morata
37.2338	-3.8201	18158	Valderrubio
37.2346	-6.8947	21055	Palos de la Frontera
37.2353	-4.4871	29047	Cuevas Bajas
37.2353	-2.2665	04009	Alcudia de Monteagud
37.2359	-6.2552	41012	Cortijo de los Molinos
37.2372	-3.7608	18158	Alitaje
37.2374	-3.5681	18011	Alfacar
37.2376	-5.1031	41068	Osuna
37.2380	-4.5462	14010	El Tejar
37.2382	-3.8449	18102	Escóznar
37.2383	-6.4016	21040	Casas de la Callera
37.2383	-3.9665	18102	Tocón
37.2386	-2.7915	18023	San Pedro
37.2393	-2.0418	04059	El Pocico
37.2394	-3.7337	18158	Buenavista
37.2394	-6.0094	41034	La Atalaya
37.2394	-2.2906	04090	Benitorafe
37.2413	-2.1226	04059	La Breña
37.2414	-2.0774	04059	La Yedra
37.2422	-1.7993	04035	Las Bombardas
37.2428	-2.8162	18023	El Prado
37.2432	-5.9732	41038	La Corchuela
37.2435	-1.8591	04100	Vera
37.2448	-6.3067	41097	Villamanrique de la Condesa
37.2454	-1.9176	04016	Antas
37.2463	-3.2940	18154	Marchalejo
37.2475	-4.1514	18122	Ventorros de San José
37.2485	-4.5826	14048	Palenciana
37.2489	-7.0542	21060	El Rincón
37.2490	-1.9403	04016	La Huerta
37.2490	-1.7981	04035	Palomares
37.2497	-3.8685	18102	Estación de Illora-Lachar
37.2500	-2.0500	04059	Los Marquesados
37.2505	-3.7814	18158	Ánsola
37.2506	-6.2601	41012	Cortijo de Quema
37.2509	-1.7688	04035	Villaricos
37.2509	-1.9353	04016	Aljariz
37.2511	-3.7497	18158	Pinos Puente
37.2513	-2.9184	18097	Las Piletas
37.2515	-4.9144	41046	Gilena
37.2521	-3.6523	18003	Cortijo del Aire
37.2527	-1.7976	04035	Natí
37.2527	-4.9927	41001	Aguadulce
37.2528	-1.9605	04016	Jauro
37.2535	-4.3611	14037	Concejo y Remolino
37.2539	-3.0318	18114	Estación de Lacalahorra
37.2545	-2.2666	04036	Chercos
37.2548	-7.2043	21044	Lepe
37.2556	-4.1691	18913	Zagra
37.2557	-3.6563	18003	El Chaparral de Cartuja
37.2559	-3.7889	18158	Casa Nueva
37.2566	-3.8045	18158	Zujaira
37.2567	-3.0979	18907	Alcudia de Guadix
37.2575	-1.8249	04035	Desert Springs
37.2576	-3.2338	18161	Polícar
37.2576	-3.5969	18095	Güevéjar
37.2577	-4.3084	14037	Iznájar
37.2578	-2.6076	04008	Los Santos
37.2579	-2.5847	04083	Las Casillas
37.2585	-1.8140	04035	La Hoya del Camaino
37.2585	-2.2397	04009	El Campillo
37.2585	-1.8410	04035	La Algarrobina
37.2591	-3.5777	18144	Nívar
37.2598	-2.4531	04019	Bacarés
37.2602	-2.3460	04056	El Arroyo Franco y Estella
37.2606	-2.8299	18023	Güitamarín
37.2617	-2.2110	04034	Cóbdar
37.2618	-1.9156	04016	El Real
37.2627	-5.5453	41011	El Arahal
37.2634	-2.4814	04019	El Cortijuelo
37.2635	-3.9130	18102	Alomartes
37.2647	-6.5167	21005	Almonte
37.2649	-2.9478	18069	El Pocico
37.2651	-3.7137	18022	Caparacena
37.2664	-6.9400	21041	Huelva
37.2667	-4.4143	29049	Cuevas de San Marcos
37.2667	-2.2667	04036	Las Paletas
37.2667	-2.2500	04036	El Soto
37.2671	-6.8133	21050	Ermita de Montemayor
37.2672	-3.1022	18907	Esfiliana
37.2679	-6.0626	41034	La Puebla del Río
37.2683	-4.5412	14010	Benamejí
37.2693	-4.8276	41054	Lora de Estepa
37.2699	-7.0231	21002	Aljaraque
37.2703	-4.6881	41014	Corcoya
37.2704	-2.7246	18023	El Tesoro
37.2711	-2.2704	04036	El Secano
37.2712	-2.1292	04004	La Tía Lucía
37.2713	-3.6134	18037	Calicasas
37.2715	-4.2292	18012	Fuentes de Cesna
37.2721	-1.8399	04035	Las Cunas
37.2734	-6.0505	41034	La Vega
37.2735	-1.7952	04035	Las Herrerias
37.2742	-4.4883	14024	Encinas Reales
37.2743	-5.9666	41038	Lugar Nuevo
37.2754	-3.7986	18158	Cozcojar
37.2756	-6.8385	21050	Moguer
37.2760	-3.2857	18154	La Peza
37.2763	-3.5726	18050	Cogollos Vega
37.2769	-5.8842	41038	Matachica
37.2784	-2.2559	04058	La Boquera
37.2784	-2.1327	04004	La Piedra del Zahor
37.2785	-2.6331	18023	Blanques del Saúco
37.2786	-1.8178	04035	Burjulú
37.2786	-3.2058	18025	Beas de Guadix
37.2793	-2.5462	04083	Los Sapos
37.2811	-7.1507	21021	Cartaya
37.2821	-2.2859	04062	La Rambla de la Orica
37.2822	-4.4257	29049	Vadofresno
37.2824	-1.7931	04035	Los Pocos Bollos
37.2829	-5.9209	41038	Dos Hermanas
37.2829	-2.5094	04083	Los Menas
37.2833	-7.1833	21044	Valle del Álamo
37.2833	-1.8333	04035	Las Orillas
37.2833	-1.8000	04035	El Rincón
37.2833	-2.8500	18069	El Raposo
37.2833	-4.1000	18122	Cortijada Los Chorreros
37.2833	-3.9833	18135	Arroyo-Pinares
37.2836	-2.1823	04004	Albanchez
37.2840	-2.1345	04004	Los Utreras
37.2841	-2.3507	04056	El Reul Alto
37.2844	-1.8642	04035	La Arnilla
37.2855	-3.7626	18158	Búcor
37.2868	-1.7929	04035	La Mulería
37.2876	-4.1462	18012	La Carrera de la Viña
37.2877	-6.0541	41034	Coria del Río
37.2877	-3.8811	18102	Illora
37.2882	-2.5317	04083	El Cántaro Alto
37.2884	-2.3034	04062	El Marchal
37.2884	-7.1805	21044	La Barca
37.2888	-3.0035	18907	La Trinidad
37.2891	-1.8578	04035	Jucainí
37.2895	-2.5126	04083	El Rascador
37.2905	-5.4970	41071	Paradas
37.2917	-6.3787	21040	Hinojos
37.2919	-2.1292	04031	Los Morillas
37.2923	-2.4373	04021	La Mojonera
37.2926	-4.8790	41041	Estepa
37.2927	-2.2477	04058	Las Huertecicas Altas
37.2939	-4.7597	41026	Casariche
37.2940	-2.9565	18907	Charches
37.2941	-3.1696	18089	Paulenca
37.2944	-6.7667	21046	Hacienda de la Luz
37.2944	-2.5337	04083	El Cántaro Bajo
37.2945	-1.8686	04035	Burgallana
37.2948	-2.6256	18023	Tres Morales
37.2949	-2.2194	04058	Lijar
37.2950	-2.5411	04083	La Loma Alta
37.2964	-4.8275	41041	La Salada
37.2964	-3.2035	18128	Marchal
37.2968	-1.8822	04035	Cuevas del Almanzora
37.2971	-6.9422	21041	Ciudad de los Niños
37.2973	-1.8849	04035	El Realengo
37.2977	-2.3342	04056	Laroya
37.2993	-3.1392	18089	Guadix
37.3000	-3.9667	18135	El Hoyo
37.3007	-6.0357	41070	Santa Eufemia
37.3022	-1.8843	04035	El Calguerín
37.3023	-1.7669	04035	El Tomillar
37.3024	-7.3441	21073	Villablanca
37.3029	-3.6079	18050	Caserío La Dehesilla
37.3030	-4.6556	14038	Jauja
37.3034	-1.8683	04035	Los Campos
37.3034	-6.3010	41075	Pilas
37.3035	-3.2201	18054	Graena
37.3036	-2.1471	04004	El Barranco del Infierno
37.3040	-6.7293	21046	Lucena del Puerto
37.3042	-6.2496	41012	Aznalcázar
37.3047	-2.1812	04004	La Fuente del Tío Molina
37.3048	-2.3720	04087	El Alamí
37.3049	-3.4289	18099	El Molinillo
37.3049	-3.2104	18054	Los Baños
37.3050	-5.7941	41004	Trujillo
37.3073	-1.7650	04035	Los Lobos
37.3074	-7.4336	21010	Santa Clara
37.3079	-4.6730	41014	Badolatosa
37.3087	-2.5361	04083	El Marchal del Abogado
37.3090	-6.5956	21061	Rociana
37.3100	-5.9736	41038	Los Merinales
37.3100	-1.8831	04035	El Alhanchete
37.3110	-6.1100	41010	Almensilla
37.3112	-6.1998	41015	Gelo
37.3115	-1.7582	04035	Los Perdigones
37.3120	-1.7049	04035	Cala El Calón
37.3158	-7.1701	21021	Tariquejo
37.3167	-6.8414	21064	San Juan del Puerto
37.3167	-7.1167	21021	Pasada de los Bayos
37.3167	-1.7833	04035	Las Jaulas
37.3167	-5.9667	41038	La Salud
37.3167	-7.0833	21021	La Mogaya
37.3167	-6.9000	21041	La Alquería y Valcasao
37.3167	-1.7667	04035	El Tarahal
37.3167	-4.0500	18135	Cortijo de Baratas
37.3167	-3.2167	18054	Cortes
37.3175	-4.2560	14037	El Higueral
37.3176	-3.1906	18167	Purullena
37.3177	-6.3786	21040	Torrecuadros
37.3178	-5.8357	41004	Hacienda de Zafra
37.3186	-3.6469	18003	Arenales
37.3190	-3.7844	18132	Tiena la Baja
37.3196	-1.7014	04035	Cala Panizo
37.3198	-3.3326	18067	Diezma
37.3215	-7.2952	21073	Centenil
37.3222	-6.0586	41070	Palomares del Río
37.3224	-2.3984	04084	Sierro
37.3231	-4.0090	18135	Montefrío
37.3233	-5.8172	41004	Marchenilla
37.3242	-6.6807	21014	Bonares
37.3246	-3.4492	18099	Caserío Prado Negro
37.3247	-2.1443	04031	Arroyo Albanchez
37.3253	-4.1585	18012	Algarinejo
37.3261	-6.7635	21064	Candón
37.3262	-3.5957	18066	Deifontes
37.3269	-4.3683	14058	Rute
37.3290	-5.4168	41060	Marchena
37.3296	-3.7387	18132	Berbe-Bajo
37.3299	-3.6988	18051	Las Torres
37.3300	-5.7892	41004	Gandul
37.3306	-2.4361	04021	Bayarque
37.3317	-3.7666	18132	Los Olivares
37.3328	-1.6932	04035	El Pozo del Esparto
37.3331	-1.7583	04035	Grima
37.3332	-2.3009	04062	Macael
37.3335	-2.9050	18085	Las Juntas
37.3344	-2.3256	04062	Canfornal
37.3348	-6.0260	41044	Gelves
37.3357	-2.6757	18039	El Lugarillo
37.3358	-2.0744	04017	Los Carrascos
37.3360	-3.8322	18132	Puerto-López
37.3360	-1.7659	04035	El Largo
37.3362	-6.9485	21041	Peguerillas
37.3365	-2.5972	04008	Alcóntar
37.3369	-3.9411	18135	Cortijo de los Gitanos
37.3379	-5.8395	41004	Alcalá de Guadaira
37.3385	-6.4651	21040	Garruchena
37.3387	-2.3882	04087	Suflí
37.3389	-1.9967	04053	La Concepcíon
37.3389	-3.1801	18167	El Bejarin
37.3396	-3.7865	18132	Moclín
37.3402	-2.5488	04083	Angosto de Arriba
37.3405	-3.4106	18099	Sillar Alta
37.3407	-2.3040	04062	Los Carriles
37.3413	-6.5397	21013	Bollullos par del Condado
37.3422	-2.0398	04103	Zurgena
37.3427	-3.8131	18132	Buenavista
37.3427	-2.1056	04017	La Cinta
37.3436	-5.6860	41058	Casablanca
37.3437	-2.7382	18039	Los Olmos
37.3444	-4.0658	18135	Cortijo de la Orozca
37.3446	-6.0639	41059	Mairena del Aljarafe
37.3449	-2.5091	04083	Serón
37.3454	-2.9428	18085	Los Bastianes
37.3454	-3.3628	18067	Sillar Baja
37.3461	-2.4333	04092	Tíjola
37.3461	-2.5789	04074	Pechina
37.3471	-7.1478	21021	Cañada del Ruido
37.3474	-2.3608	04076	Purchena
37.3476	-2.7879	18023	Cortijo Nuevo
37.3479	-2.0086	04103	El Palacés
37.3482	-3.3314	18154	Los Villares
37.3493	-2.1364	04031	Almanzora
37.3494	-1.9661	04053	Santa Bárbara
37.3499	-2.5328	04083	Los Donatos
37.3499	-3.2946	18063	Darro
37.3499	-1.9755	04053	El Pilar
37.3500	-3.1333	18089	San Torcuato
37.3500	-6.7167	21053	Las Mallas
37.3500	-1.7833	04035	Guazamara
37.3500	-2.3500	04076	Estación de Purchena
37.3500	-1.9500	04053	El Río
37.3500	-2.0667	04031	El Arroyo Aceituno
37.3500	-2.4000	04076	Cortijos del Judío
37.3500	-3.6500	18003	Caserío El Pozuelo
37.3500	-2.0833	04017	Apeadero
37.3502	-2.0738	04017	Arboleas
37.3503	-2.4115	04018	Armuña de Almanzora
37.3508	-1.9927	04053	Overa
37.3509	-2.2249	04031	La Hoya
37.3511	-2.4503	04092	Dalid
37.3514	-2.6686	18039	Rejano
37.3515	-2.1921	04031	Cantoria
37.3519	-3.1640	18089	Benalúa de Guadix
37.3529	-6.1966	41015	Benacazón
37.3534	-2.0408	04103	La Alfoquia
37.3535	-5.2248	41052	La Lantejuela
37.3539	-2.0765	04017	El Chopo
37.3544	-2.2975	04069	Olula del Río
37.3552	-6.2774	41051	Huévar del Aljarafe
37.3555	-4.2490	14055	Las Lagunillas
37.3562	-4.9890	41084	El Rubio
37.3568	-4.0614	18135	Lomas de Marcos
37.3572	-4.2208	14055	Los Villares
37.3573	-2.0276	04103	El Cucador
37.3580	-6.6598	21053	Corral de la Bodega
37.3581	-6.0373	41086	San Juan de Aznalfarache
37.3583	-2.5606	04083	Fuencaliente y Calera
37.3589	-4.7288	14056	Cordobilla
37.3591	-3.8966	18102	Vallequemado
37.3598	-1.6596	04075	San Juan de los Terreros
37.3599	-3.5494	18105	Barcinas
37.3607	-2.2581	04044	Fines
37.3613	-3.9563	18135	La Cazuela
37.3618	-2.7658	18023	Balsillas
37.3621	-6.6789	21053	Niebla
37.3622	-4.1250	14055	Serval
37.3623	-4.7539	14056	Sotogordo
37.3623	-2.0116	04103	Los Carasoles
37.3631	-6.3930	21030	Chucena
37.3636	-7.2487	21021	Dehesa de las Yeguas
37.3637	-6.1914	41087	La Estación de Benacazón
37.3640	-4.8498	41050	Herrera
37.3655	-3.2639	18063	El Anchurón
37.3665	-2.4221	04018	El Canalito
37.3667	-7.1333	21021	Pasada del Palo
37.3667	-2.4833	04092	Los Porteros
37.3667	-2.6667	18039	Los Castellanos
37.3667	-6.0167	41091	Las Playas
37.3667	-1.7667	04035	Las Canalejas
37.3667	-2.3167	04069	Huimayor
37.3667	-1.9833	04053	Fuente del Pino
37.3667	-2.9667	18085	Cuevas de Almería
37.3667	-3.6167	18105	Cortijada Los Almendros
37.3667	-6.2833	41051	Carraca
37.3668	-6.8977	21035	El Judío
37.3671	-2.7041	18039	Mórax
37.3687	-3.7771	18132	Tózar
37.3688	-6.1585	41094	Umbrete
37.3694	-2.9702	18085	Gor
37.3700	-2.6653	18039	Los Alejos
37.3701	-6.3292	41025	Carrión de los Céspedes
37.3708	-3.2174	18089	Belerda de Guadix
37.3712	-4.9595	41061	Marinaleda
37.3716	-3.7139	18051	Colomera
37.3722	-2.2036	04031	La Hojilla
37.3722	-5.8322	41004	Hacienda de la Soledad
37.3728	-6.0459	41093	Tomares
37.3730	-5.7495	41058	Mairena del Alcor
37.3736	-3.0638	18089	Hernán-Valle
37.3736	-6.0723	41017	Bormujos
37.3740	-2.4488	04061	Los Manolones
37.3742	-2.4476	04061	Cela
37.3762	-3.8593	23002	La Alhondiguilla
37.3763	-6.9690	21035	Gibraleón
37.3768	-4.9429	41061	Matarredonda
37.3787	-2.6674	18039	Balax
37.3802	-4.7610	14056	Palomar
37.3811	-6.1552	41040	El Loreto
37.3815	-6.1258	41040	Espartinas
37.3817	-2.3157	04069	El Prado
37.3820	-2.6654	18039	Los Manzanos
37.3828	-5.9732	41091	Sevilla
37.3833	-1.9500	04053	Los Ruedos
37.3833	-6.8333	21070	La Estación
37.3833	-6.9667	21035	El Puente
37.3833	-1.7500	04075	Casas Altas
37.3833	-3.6833	18051	Casa Puerto Blanco
37.3833	-6.1000	41040	Casa de Megina
37.3833	-2.3667	04096	Campo Bajo
37.3843	-3.7802	18132	Limones
37.3843	-1.6951	04075	Los Caparroses
37.3846	-4.3865	14058	Zambra
37.3846	-2.0926	04017	Los Higuerales
37.3852	-5.9049	41091	Torreblanca de los Caños
37.3855	-2.4990	04092	Higueral
37.3859	-6.0526	41029	Castilleja de la Cuesta
37.3860	-6.5523	21054	La Palma del Condado
37.3861	-6.8268	21070	Trigueros
37.3863	-6.3344	41030	Castilleja del Campo
37.3865	-6.0773	41047	Gines
37.3867	-3.4682	18105	Faucena
37.3870	-1.9942	04053	Almajalejo
37.3875	-3.1251	18076	Cortijo Guájar
37.3876	-2.0288	04103	Los Llanos
37.3876	-6.2035	41087	Sanlúcar la Mayor
37.3877	-7.3491	21066	San Silvestre de Guzmán
37.3885	-6.6064	21077	Villarrasa
37.3886	-2.1495	04006	Albox
37.3886	-2.1971	04072	La Piedra Amarilla
37.3890	-1.7461	04075	La Fuente
37.3892	-1.9430	04053	Huercal-Overa
37.3894	-2.9958	18085	Estación de Gor
37.3894	-4.7669	14056	Puente-Genil
37.3898	-3.5907	18105	El Frage
37.3899	-6.4329	21047	Manzanilla
37.3906	-6.7389	21011	Candón
37.3911	-5.7199	41102	El Viso del Alcor
37.3918	-2.3883	04085	Somontín
37.3925	-2.0811	04017	Limaria
37.3926	-3.5276	18105	Iznalloz
37.3933	-2.1141	04006	La Aljambra
37.3935	-1.6929	04075	Pilar de Jaravía
37.3937	-4.0297	18135	Lojilla
37.3951	-2.9596	18085	El Alambique
37.3956	-2.9845	18085	Estación de Gorafe
37.3958	-2.5928	18023	Estación de Hijate
37.3959	-2.7349	18039	Bodurria
37.3962	-6.1408	41098	Villanueva del Ariscal
37.3968	-2.5934	04008	El Hijate
37.3972	-1.7628	04075	El Convoy
37.3973	-6.4746	21074	Villalba del Alcor
37.3974	-1.6177	30003	Matalentisco
37.3974	-2.3649	04096	Urrácal
37.3982	-5.8115	41024	Torrepalma
37.3990	-6.3929	21032	La Estación
37.3993	-3.4272	18159	Estación de Piñar
37.4000	-4.0000	18135	Valdegranada
37.4000	-2.1333	04006	Los Carmonas
37.4000	-2.6833	18039	Las Molineras
37.4000	-2.0000	04103	Las Lomas
37.4000	-1.7333	04075	Las Casicas
37.4000	-3.1333	18076	Cuevas de Serrano
37.4000	-3.1500	18076	Cortijo Ober
37.4000	-3.7167	18051	Casa Caurilla
37.4004	-2.4250	04061	Lúcar
37.4012	-1.6698		El Cocón
37.4020	-6.0331	41021	Camas
37.4022	-1.9399	04053	San Isidro
37.4023	-3.0112	18085	Las Viñas
37.4044	-1.9065	04053	El Saltador
37.4045	-2.9434	18085	Los Charcones
37.4057	-3.2506	18096	Estación de Huélago
37.4063	-1.5829	30003	Águilas
37.4067	-4.0822	14004	La Fuente Grande
37.4071	-4.0109	18135	Venta Valero
37.4076	-2.2253	04072	Partaloa
37.4084	-6.3887	21032	Escacena del Campo
37.4085	-2.1929	04072	Los Mármoles
37.4088	-4.4852	14038	Lucena
37.4088	-4.7880	41041	Puerto Alegre
37.4089	-6.6815	21053	Lavapiés
37.4093	-2.1550	04006	Los Paredes
37.4096	-6.0552	41028	Castilleja de Guzmán
37.4101	-2.9397	18085	Rambla de Valdiquín
37.4101	-2.1562	04006	Locaiba
37.4102	-3.3738	18159	Bogarre
37.4103	-3.0051	18085	Cenascuras
37.4104	-3.1716	18076	Fonelas
37.4113	-7.2220	21076	Los Huertos del Batán
37.4115	-1.7450	04075	Pulpí
37.4122	-4.0457	14004	Brácana
37.4132	-7.4564	21065	El Romerano
37.4133	-2.0544	04017	Los Higuerlas
37.4151	-1.6458	30003	Huerto del Abad
37.4158	-5.7455	41024	Hacienda Ronquera
37.4162	-6.0742	41096	Valencina de la Concepción
37.4167	-5.9667	41091	San Lázaro
37.4167	-6.7000	21053	La Peñuela
37.4167	-6.7167	21053	El Guijillo
37.4167	-3.9500	23002	Cantera Blanca
37.4171	-1.8512	04053	Gacia
37.4174	-1.7749	04075	Benzal
37.4180	-6.1560	41067	Olivares
37.4184	-1.9973	04053	La Parata
37.4188	-4.5880	14038	Navas del Selpillar
37.4189	-2.1971	04072	El Cerro Gordo
37.4191	-2.5597	04083	La Jauca
37.4195	-6.4025	21056	Paterna del Campo
37.4197	-1.9606	04053	La Rambla Grande
37.4197	-3.2623	18096	Huélago
37.4204	-7.4436	21065	Puerto Carbón
37.4206	-6.1105	41085	Salteras
37.4213	-1.8781	04053	San Francisco
37.4220	-1.7314	04075	El Molino
37.4233	-3.8212	23002	Mures
37.4233	-5.8233	41081	Hacienda de Tarazona
37.4235	-6.1668	41003	Albaida del Aljarafe
37.4243	-5.9702	41091	Pino Montano
37.4245	-5.9846	41091	San Jerónimo
37.4249	-4.0593	14004	Barranco del Lobo
37.4257	-6.7932	21011	Beas
37.4257	-2.1657	04006	Llano de los Olleres
37.4265	-2.9923	18085	Rambla de Balata
37.4271	-3.5206	18105	Montalbanes
37.4274	-3.6835	18028	Benalúa de las Villas
37.4280	-2.9291	18023	Baúl
37.4294	-5.9263	41091	Valdezorras
37.4297	-1.7311	04075	La Herradura
37.4308	-1.8133	04053	Los Pinares
37.4314	-1.5008	30003	Calabardina
37.4314	-7.1720	21076	Madre del Agua
37.4327	-1.5787	30003	El Labradorcico
37.4329	-1.7831	04075	Los Soleres
37.4333	-4.6167	14002	Zapateros
37.4333	-6.6667	21077	Parpajoso
37.4333	-2.1765	04006	El Llano del Espino
37.4333	-2.3000	04070	El Jaral
37.4349	-7.0559	21063	El Campillo
37.4350	-3.9757	23002	Hortichuela
37.4355	-2.1202	04006	Los Marcelinos
37.4355	-6.0411	41089	Santiponce
37.4366	-1.4845	30003	Cope
37.4367	-4.6076	14045	Moriles
37.4367	-2.7248	18039	Caniles
37.4372	-1.6049	30003	Los Melenchones
37.4381	-4.1952	14055	Priego de Córdoba
37.4390	-2.0201	04053	La Perulera
37.4390	-4.0905	14004	Almedinilla
37.4393	-4.0118	23002	Pilas de Fuente Soto
37.4394	-3.3302	18909	Moreda
37.4404	-2.3577	04076	El Campillo
37.4405	-2.1557	04006	Los Graneros de Abajo
37.4407	-3.4043	18159	El Moralejo
37.4412	-1.7391	30024	Pozo de la Higuera
37.4430	-2.6815	18039	Los Gallardos
37.4430	-2.9420	18085	Los Balcones
37.4442	-4.2747	14015	Carcabuey
37.4443	-3.6065	18105	Onítar
37.4446	-3.4386	18159	Piñar
37.4451	-7.1060	21063	San Bartolomé de la Torre
37.4464	-2.2758	04070	El Ogarite
37.4464	-6.2457	41087	Villarán
37.4468	-2.5822	18039	El Pertiguero
37.4468	-2.6915	18039	Los Mesas
37.4473	-2.3258	04070	El Cortijo Blanco
37.4473	-3.5822	18105	Caserío El Pozuelo
37.4496	-3.8354	23002	Ribera Baja
37.4500	-3.6167	18105	Caserío Balagar
37.4503	-7.0745	21063	Estación de San Bartolomé
37.4508	-3.5080	18105	Terre
37.4514	-2.0334	04089	Santopétar
37.4518	-4.1548	14055	La Concepción
37.4527	-1.8345	30024	Rincón y las Ramblicas
37.4532	-2.5351	18056	Pozo del Lobo
37.4535	-3.2904	18909	Laborcillas
37.4540	-4.1005	14004	Los Llanos de Rueda
37.4544	-3.5600	18105	Caserío Poloria
37.4559	-6.4390	21056	Alpizar
37.4584	-5.9771	41081	Majalobas
37.4593	-1.5079	30003	Las Casicas
37.4593	-3.1561	18076	Almidar
37.4598	-1.8589	04053	Las Norias
37.4603	-2.0777	04089	Los Teones
37.4614	-3.9230	23002	Alcalá la Real
37.4615	-3.8844	23002	Santa Ana
37.4628	-2.7120	18039	Los Pinos
37.4629	-4.0651	14004	Sileras
37.4631	-1.6735	30003	Los Arejos
37.4633	-6.0111	41007	La Algaba
37.4633	-1.9875	04053	Santa María de Nieva
37.4638	-2.1503	04006	Saliente Bajo
37.4641	-3.4789	18159	Venta Nueva
37.4641	-5.3461	41042	Fuentes de Andalucía
37.4651	-3.8392	23002	Ribera Alta
37.4652	-3.2605	18083	Delgadillo
37.4660	-1.5417	30003	Barranco de los Lobos
37.4662	-1.5808	30003	Cuesta de la Cabra
37.4667	-4.0333	14004	Vizcantar
37.4667	-2.0333	04089	Los Mundos
37.4667	-2.1000	04006	Los Blases
37.4667	-3.9833	23002	Las Caserías
37.4667	-2.1000	04006	La Escurría
37.4667	-2.7333	18039	Fábrica Azucarera
37.4667	-6.0000	41007	Caserío Peral
37.4667	-3.6667	18028	Caserío Los Espinares
37.4671	-1.9204	04053	Urcal
37.4688	-2.0774	04089	Taberno
37.4688	-2.2162	04070	Rambla de Oria
37.4694	-2.6704	18039	El Francés
37.4697	-4.0842	14004	La Carrasca
37.4704	-1.8937	04053	Las Labores
37.4705	-4.5547	14013	Huertas Bajas de Cabra
37.4708	-6.5936	21053	El Guijo
37.4712	-6.7502	21053	La Cumbre
37.4712	-5.6461	41024	Carmona
37.4719	-4.5816	14044	Monturque
37.4725	-4.4421	14013	Cabra
37.4726	-1.7747	30024	Almendricos
37.4727	-7.4655	21065	Sanlúcar de Guadiana
37.4732	-1.5466	30003	Rincón de la Casa Grande
37.4740	-6.4070	21056	Tujena
37.4741	-3.5522	18105	Dehesas Viejas
37.4742	-2.1969	04070	El Arroyo de Medina
37.4743	-6.0033	41007	El Aral
37.4745	-4.1142	14055	Las Higueras
37.4769	-4.0340	14004	Fuente-Álamo
37.4771	-2.0027	04053	La Hoya
37.4772	-2.5788	18056	Almendro
37.4775	-2.7177	18039	Cuevas de las Yeseras
37.4783	-2.1497	04006	Las Pocicas
37.4785	-3.3212	18083	Gobernador
37.4800	-1.6022	30003	Majada del Moro
37.4801	-3.0421	18086	Gorafe
37.4806	-6.6691	21053	Los Caños
37.4809	-2.5725	18056	Azores
37.4821	-5.8403	41081	Buitrago
37.4823	-3.6177	18038	Campotéjar
37.4833	-2.1667	04006	Los Rodríguez
37.4833	-2.0000	04053	Los Camachos
37.4833	-2.1500	04006	Galeras
37.4833	-2.1500	04006	El Lugarico
37.4833	-1.6500	30003	Barranco de los Asensios
37.4833	-1.6500	30003	Barranco del Atalayón
37.4836	-6.7136	21053	Caballón
37.4846	-6.7076	21053	Rabo-Conejo
37.4850	-2.3993	04070	El Chaparral Alto
37.4850	-6.3651	21032	Peñalosa
37.4853	-2.2929	04070	Oria
37.4858	-5.9421	41081	San José de la Rinconada
37.4858	-6.8598	21011	Fuente de la Corcha
37.4861	-5.9809	41081	La Rinconada
37.4862	-3.8374	23033	Frailes
37.4871	-2.3677	04070	La Fuente del Negro
37.4873	-4.2421	14055	Zagrilla
37.4906	-2.5942	18023	La Jámula
37.4907	-2.7726	18023	Baza
37.4915	-1.7225	30024	La Escarihuela
37.4919	-4.1436	14055	Castil de Campos
37.4922	-4.0517	14004	San José
37.4930	-1.5001	30003	Garrobillo
37.4934	-4.1937	14055	El Tarajal
37.4935	-1.8779	04053	Goñar
37.4954	-3.9074	23002	Charilla
37.4955	-1.4802	30024	El Cantal
37.4959	-3.5093	18105	Domingo Pérez
37.4963	-2.2475	04070	Daimuz
37.4965	-3.7913	23033	Cañada de Alcalá
37.4976	-6.0852	41085	Almuédano
37.4985	-2.5738	18056	Pozo Iglesias
37.4994	-7.2912	21076	Villanueva de los Castillejos
37.5000	-5.9500	41005	La Lobera
37.5000	-3.5833	23064	Casa Olivos
37.5007	-5.9382	41081	Cartuja
37.5017	-3.6737	18137	Montillana
37.5024	-4.2146	14055	El Esparragal
37.5029	-3.2313	18152	Pedro Martínez
37.5033	-2.4753	04061	El Sahuco
37.5046	-2.0618	04089	Los Pardos
37.5046	-3.3561	18178	Torre-Cardela
37.5047	-1.5157	30024	Pinilla
37.5062	-4.0586	23003	La Rábita
37.5076	-7.2704	21003	El Almendro
37.5084	-4.1635	14055	El Cañuelo
37.5085	-3.3203	18152	Estación de Pedro Martínez
37.5099	-6.7189	21072	El Castaño
37.5099	-1.4028	30024	Calnegre
37.5110	-4.1463	14031	Fuente-Tójar
37.5111	-1.9067	04053	Abejuela
37.5114	-1.6246	30003	Tebar
37.5121	-3.1071	18187	Baños de Alicún de las Torres
37.5134	-2.1561	04006	Saliente Alto
37.5134	-1.9516	04053	La Fuensanta
37.5137	-6.0263	41049	Torre de la Reina
37.5141	-2.2021	04070	El Villar
37.5148	-4.6572	14002	Aguilar
37.5152	-1.9839	04053	El Puertecico
37.5158	-3.1760	18152	Olivares
37.5167	-2.6833		El Aljibete
37.5167	-5.8667	41081	Casablanquilla
37.5171	-4.0073	23026	Los Chopos
37.5178	-5.9818	41005	Alcalá del Río
37.5181	-3.4824	18136	Cotilfa Alta
37.5191	-6.2699	41013	Aznalcóllar
37.5198	-7.4161	21037	El Granado
37.5209	-3.7633	23093	Cerezo Gordo
37.5221	-2.3136	04070	La Umbría de Arriba
37.5222	-6.2445	41013	Mina Caridad
37.5227	-4.5786	14042	Ríofrío
37.5230	-2.2349	04070	El Margen
37.5232	-3.4192	18088	El Navazuelo
37.5245	-3.2557	18152	Pierres
37.5251	-7.4925	21037	Puerto de la Laja
37.5256	-2.7847	18023	Rambla del Agua
37.5258	-6.1048	41045	El Esparragal
37.5259	-4.1649	14055	Zamoranos
37.5259	-4.0450	23003	Sabariego
37.5260	-5.2488	41056	La Luisiana
37.5276	-1.4388	30024	Los Curas
37.5277	-5.1586	41039	Villanueva del Rey
37.5282	-4.2395	14039	Morellana
37.5286	-3.9422	23026	Castillo de Locubín
37.5295	-1.4491	30024	Umbrías
37.5296	-6.1548	41045	Gerena
37.5299	-2.9083	18078	Freila
37.5300	-3.7059	23064	Navalcán
37.5300	-2.9525	18089	Bácor
37.5302	-3.6561	23064	Noalejo
37.5310	-3.3225	18088	Doña Marina
37.5333	-3.9167	23026	Retamalejos
37.5333	-1.3833	30026	Palazuelos
37.5333	-2.7500	18023	La Colonia
37.5333	-2.7500	18023	Cuevas del Baico
37.5333	-1.1167		Jorel
37.5336	-2.2034	04070	Los Cerricos
37.5360	-2.4316	04070	La Bermeja
37.5362	-2.6384	18056	Mazarra
37.5380	-3.2479	18152	Vertientes Altas
37.5381	-3.1489	18152	Caregüela
37.5382	-1.7462	30024	Turbinto
37.5388	-2.0178	04099	Los Cabreras
37.5406	-2.9630	18089	Olivar
37.5407	-1.4850	30024	Ermita del Ramonete
37.5408	-3.5759	23064	Manzanillo
37.5416	-3.9951	23026	Ventas del Carrizal
37.5417	-2.3305	04070	Los Álamos
37.5422	-1.6939	30024	Las Oliveras
37.5422	-5.0826	41039	Écija
37.5425	-3.9060	23026	Las Cabreras
37.5426	-6.0563	41049	Guillena
37.5429	-2.8420	18194	Zújar
37.5431	-3.9111	23026	Sierrezuela
37.5433	-4.3153	14075	Zuheros
37.5444	-4.1619	14055	Campo-Nubes
37.5445	-1.6862	30024	Los Jopos
37.5446	-1.6865	30024	La Galera
37.5448	-5.2174	41056	El Campillo
37.5453	-2.4611	04070	Matián
37.5454	-2.2323	04070	La Yegua Baja
37.5459	-1.6946	30024	Las Norias
37.5478	-6.4802	21012	La Caba
37.5479	-2.5076	18056	Llano del Abad
37.5486	-7.1147	21006	Alosno
37.5487	-3.1985	18152	Fuente Caldera
37.5489	-2.1240	04099	El Bancalejo
37.5494	-5.8714	41018	Brenes
37.5496	-1.8224	30033	Las Casicas
37.5500	-1.7275	30024	Pelile y El Jurado
37.5500	-6.5667	21012	Mascote
37.5500	-3.8333	23093	Marroquín Encina Hermosa
37.5500	-5.8500	41018	La Vega
37.5500	-6.5667	21012	La Tiesa
37.5500	-2.7500	18023	Barrio del Chopo
37.5509	-2.6046	18056	El Charcón
37.5522	-4.0274	14055	Tobazo
37.5530	-4.5557	14042	La Sierra
37.5532	-1.3821	30026	Cañada de Gallego
37.5535	-4.3560	14022	Doña Mencía
37.5535	-3.7504	23093	Fresnadilla
37.5540	-6.2672	41013	El Campillo
37.5543	-1.9557	04099	Los Gázquez
37.5543	-1.1697	30016	La Azohía
37.5543	-2.6070	18056	Venta del Peral
37.5549	-2.1993	04037	El Campillo
37.5553	-3.6355	23019	Campillo de Arenas
37.5558	-2.4253	04070	Malagón
37.5558	-4.6904	14042	Jarata
37.5563	-3.9171	23026	Fuente Rueda
37.5571	-3.3986	18088	Guadahortuna
37.5572	-3.0887	18187	Villanueva de las Torres
37.5577	-2.2104	04037	El Cantal
37.5580	-4.2797	14039	Luque
37.5588	-3.9471	23026	El Cerrajón
37.5604	-1.7153	30024	Los Abades
37.5614	-1.2564	30026	El Puerto de Mazarrón
37.5614	-2.6290	18056	La Amarguilla
37.5629	-4.8436	14060	Santaella
37.5633	-1.8097	30033	Puerto Lumbreras
37.5634	-1.1491	30016	Campillo de Adentro
37.5635	-1.3154	30026	Bolnuevo
37.5635	-1.4486	30026	Pastrana
37.5651	-6.4650	21012	Tabladilla
37.5659	-0.9182	30016	Trapajugar
37.5664	-2.2772	04037	Róquez
37.5667	-6.1000	41049	Las Pajanosas
37.5667	-5.8000	41024	La Estación
37.5675	-2.3273	04037	La Aspilla
37.5688	-1.1805	30016	Urbanización San Ginés
37.5689	-5.4267	41022	La Campana
37.5703	-2.0047	04099	La Losilla
37.5707	-0.9421	30016	Escombreras
37.5709	-1.7537	30033	Esparragal
37.5713	-3.8472	23093	El Papel
37.5716	-1.4402	30026	Barranco de Seca
37.5722	-3.5053	18136	Montejicar
37.5735	-1.5091	30024	Viquejos
37.5746	-1.2086	30016	Isla Plana
37.5751	-6.7543	21072	Valverde del Camino
37.5754	-2.5309	18056	Pulpite
37.5758	-1.7812	30033	Espartal y Mirones
37.5763	-1.2144	30016	El Mojón
37.5779	-1.2527	30026	El Alamillo
37.5782	-5.6668	41024	Guadajoz
37.5792	-1.1967	30016	Los Madriles
37.5795	-1.7349	30033	La Estación
37.5798	-1.6448	30024	Purias
37.5798	-1.7562	30033	Esparragalico
37.5800	-4.7493	14040	Montalbán de Córdoba
37.5814	-2.6699	18029	Cuevas de Lavaderas
37.5819	-2.4594	18056	Venta Quemada
37.5823	-3.2424	18002	Alamedilla
37.5826	-3.5574	23064	La Umbría
37.5833	-5.8833	41101	Pelagatos
37.5833	-2.5833	18056	Mures
37.5833	-1.8000	30033	Los Pallareses
37.5833	-2.7167	18029	Cuevas de Río Baza
37.5833	-2.4333	18056	Aguaderico de Rubio
37.5841	-2.5757	18056	Cúllar de Baza
37.5844	-5.9665	41019	Burguillos
37.5847	-4.7074	14042	La Zarza
37.5858	-3.2950	18002	El Hacho
37.5860	-1.3146	30026	Las Moreras
37.5861	-1.7799	30033	Polígono de Puerto Lumbreras
37.5863	-4.6380	14042	Montilla
37.5863	-4.4676	14046	Nueva-Carteya
37.5866	-1.0717	30016	Portús
37.5868	-2.4187	18056	Tarifa
37.5878	-5.9315	41019	Mudapelos
37.5882	-1.5781	30024	Campo López
37.5885	-0.9531	30016	Coto de San Juan
37.5888	-3.1032	18064	Dehesas de Guadix
37.5890	-3.8145	23093	Valdepeñas de Jaén
37.5892	-5.8744	41101	Villaverde del Río
37.5902	-1.4980	30024	Madroñeras y El Llano
37.5903	-2.3629	04037	El Contador
37.5904	-1.3808	30026	Fuente de Meca
37.5909	-4.0824	23003	Alcaudete
37.5910	-1.3595	30026	Las Pedreras
37.5911	-0.8533	30041	Portman
37.5912	-3.0066	18064	Tamojares
37.5917	-5.7321	41092	Los Rosales
37.5919	-2.1196	04099	La Mata de Bolaimí
37.5922	-2.9495	18912	Rambla Matanza
37.5923	-1.7856	30033	Esparragosilla
37.5927	-0.9697	30016	Peñarroya
37.5932	-1.9251	30024	Nogalte
37.5938	-1.2577	30026	Los Lorentes
37.5948	-2.7438	18029	Cuevas de Luna
37.5950	-1.8271	30024	Cuesta de Mellado
37.5953	-2.2684	04037	Chirivel
37.5954	-3.8902	23034	Zarzaíca
37.5955	-3.0146	18064	Valdemanzanos
37.5963	-2.3948	18056	Las Vertientes
37.5969	-1.0687	30016	Casas las Escarihuelas
37.5973	-3.2039	18002	El Peñón
37.5975	-2.8151	18194	Baños de Zújar
37.5983	-1.2515	30026	Las Balsicas
37.5983	-6.8998	21017	La Torerera
37.5988	-0.9714	30016	Santa Lucía
37.5992	-1.3149	30026	Mazarrón
37.5992	-5.2102	41901	Cañada Rosal
37.5999	-0.8068	30016	Atamaría
37.6000	-1.2833	30026	Molino de Carrasco
37.6000	-3.9000	23034	Las Ventas
37.6000	-2.8333	18194	Las Juntas
37.6000	-5.8000	41023	El Valle
37.6000	-2.7500	18029	Cuevas de Río Baza
37.6000	-1.0000	30016	Barrio de la Concepción
37.6005	-2.0426	04099	Los Tonosas
37.6006	-3.8484	23093	Chircales
37.6013	-1.3760	30026	Leiva
37.6020	-0.9840	30016	Cartagena
37.6026	-6.8506	21017	Sotiel Coronada
37.6037	-5.9909	41019	Las Cardonas
37.6045	-3.0724	18064	Tarahal
37.6045	-2.6965	18029	Cuevas de Yeseras
37.6046	-7.1183	21006	Tharsis
37.6052	-4.8193	14060	El Toril
37.6056	-2.7476	18029	Cuevas de Puente Abajo
37.6061	-0.9162	30016	Alumbres
37.6064	-1.9190	04099	Henares
37.6067	-1.0764	30016	Galifa
37.6071	-5.7160	41092	San José
37.6076	-2.9294	18912	Cuevas del Campo
37.6076	-4.7396	14057	La Rambla
37.6078	-4.9660	14057	Los Algarbes
37.6083	-2.7025	18029	Benamaurel
37.6086	-6.5415	21012	Berrocal
37.6088	-1.0296	30016	Los Garcías
37.6089	-7.3289	21058	Cabezas del Pasto
37.6090	-3.1365	18015	Alicún de Ortega
37.6090	-5.7340	41092	Tocina
37.6093	-1.0039	30016	Rambla de Benipila
37.6097	-0.7581	30016	Cobaticas
37.6103	-5.8247	41023	Cantillana
37.6105	-6.6841	21078	El Pozuelo
37.6108	-1.4263	30026	La Atalaya
37.6110	-7.2926	21058	Las Herrerías
37.6118	-1.2985	30026	Los Rincones
37.6124	-1.3160	30026	Los Serranos
37.6129	-2.5401	18056	El Soriano
37.6132	-1.0421	30016	Canteras
37.6137	-4.0281	23003	Sierra Ahillos
37.6139	-5.6248	41006	La Piedra de la Sal
37.6139	-0.7633	30016	Jordana
37.6143	-7.2488	21058	Puebla de Guzmán
37.6145	-6.1487	41043	Dehesa del Toril
37.6146	-0.8092	30016	Urbanizacion Campo Norte
37.6147	-0.7767	30016	Las Barracas
37.6151	-5.6669	41006	Alcolea del Río
37.6152	-3.4873	18136	Las Cañadas
37.6154	-3.3706	23044	Zamora
37.6156	-0.9785	30016	Casas del Mojón
37.6165	-1.4604	30024	Los Loberos
37.6165	-3.9172	23034	Regüelo
37.6167	-5.8333	41023	Santa Matilde
37.6167	-5.8833	41101	Mesa Redonda
37.6167	-1.3833	30026	Los Vivancos
37.6167	-2.0500	04099	Los Torrentes
37.6167	-1.0500	30016	Los Roses
37.6167	-3.4833	23044	Las Cañadas
37.6167	-3.9000	23034	Haza Mora
37.6167	-0.9333	30016	El Ferriol
37.6167	-0.8500	30016	El Descargador
37.6167	-1.1667	30016	El Cañar
37.6167	-1.1667	30016	Caserío Los Fuentes de los Solanos
37.6167	-0.7167	30016	Cala Reona
37.6167	-3.8188	23093	Ranera
37.6167	-4.3224	14007	Baena
37.6171	-1.0945	30016	Los Albadalejos
37.6172	-0.9651	30016	Casas del Zorra
37.6177	-0.9967	30016	San Antonio Abad
37.6191	-0.8780	30041	La Unión
37.6193	-1.8294	30024	Barranco de los Hilarios
37.6202	-3.2958	23017	Estación de Huelma
37.6204	-1.6790	30024	Casa Castillo
37.6208	-1.6802	30024	El Vado
37.6216	-0.7787	30016	Los Belones
37.6217	-3.0463	18064	Cherrín
37.6218	-3.6147	23901	Cazalla
37.6232	-0.9169	30041	Los Paredes de Roche
37.6234	-1.1197	30016	Perín
37.6236	-1.7279	30024	La Torrecilla
37.6239	-0.8361	30016	Llano del Beal
37.6243	-6.5822	21078	Marigenta
37.6245	-0.9731	30016	La Asomada
37.6251	-0.9275	30016	Los Roches
37.6251	-0.9879	30016	Barrio de Peral
37.6259	-0.8202	30016	El Estrecho de San Gines
37.6260	-3.4457	23044	Ruiz Cerezo
37.6261	-6.1723	41043	El Garrobo
37.6264	-3.7300	23093	El Parrizoso
37.6269	-5.6897	41099	Villanueva del Río
37.6271	-3.2286	18002	Rambla de los Lobos
37.6278	-7.0236	21075	Villanueva de las Cruces
37.6279	-3.5368	23018	Arbuniel
37.6280	-0.7297	30016	Playa Honda
37.6283	-0.9977	30016	Los Barreros
37.6286	-1.3816	30026	Los Lardines
37.6287	-5.0464	41039	Villar
37.6290	-1.0415	30016	Los Marfagones
37.6294	-0.8301	30016	El Estrecho
37.6294	-0.9857	30016	Los Molinos
37.6295	-1.0141	30016	La Baña
37.6301	-1.4136	30026	La Majada
37.6304	-2.7843	18053	Cuevas de las Cucharetas
37.6308	-0.8114	30016	Los Blancos
37.6315	-1.3195	30026	Viña de Raja
37.6322	-0.6953	30016	La Barra
37.6322	-7.1677	21006	Lagunazo
37.6330	-0.6924	30016	Cabo de Palos
37.6333	-1.1667	30016	Valdelentisco
37.6333	-3.9167	23034	Vadohornillo
37.6333	-1.1667	30016	Rincón de Tallante
37.6333	-6.6667	21078	Palanco
37.6333	-0.8500	30016	Mina Blanca
37.6333	-2.5667	18056	Margen de Abajo
37.6333	-1.0000	30016	Los Gabatos
37.6333	-1.1667	30016	Los Arroyos
37.6333	-0.9667	30016	La Piqueta
37.6333	-1.1000	30016	La Corona
37.6333	-1.4000	30026	La Cañada Honda
37.6333	-2.9333	23070	Colonia Iturraldi
37.6339	-0.8986	30041	El Tornillar
37.6345	-0.8399	30016	El Beal
37.6349	-0.8897	30041	Torreblanca
37.6356	-6.4332	41057	El Álamo
37.6360	-3.6406	23901	Carchelejo
37.6363	-6.6436	21078	Membrillo Alto
37.6371	-1.1885	30021	Los Ruices
37.6377	-3.9341	23034	Huerta del Monte
37.6379	-1.2286	30026	El Mingrano
37.6386	-6.1464	41049	Venta del Alto
37.6395	-1.1223	30016	Los Puchos
37.6398	-1.0046	30016	Los Dolores
37.6402	-6.7387	21078	El Buitrón
37.6407	-0.7635	30016	Mar de Cristal
37.6411	-0.8228	30016	San Ginés de la Jara
37.6411	-1.6128	30024	Aguaderas
37.6413	-4.0065	23060	Las Casillas
37.6413	-0.7165	30016	La Manga del Mar Menor
37.6426	-1.0956	30016	Cuesta Blanca
37.6434	-2.8489	18194	Carramaiza
37.6445	-3.9848	23060	La Carrasca
37.6452	-2.9329	23070	Cañada de los Morteros
37.6454	-5.7750	41099	Alcornocalejo
37.6458	-6.5138	41057	El Madroño
37.6464	-1.1586	30016	Casas de Tallante
37.6466	-1.1243	30016	Casas de los Albañiles
37.6468	-3.3499	23044	Fuente Leiva
37.6474	-0.8670	30016	Algar
37.6476	-3.9085	23034	Fuensanta de Martos
37.6478	-3.4598	23044	Huelma
37.6479	-4.6978	14041	Montemayor
37.6484	-2.0769	04099	Velez Rubio
37.6485	-3.9221	23034	Los Encinares
37.6487	-1.2467	30026	El Margajón
37.6488	-0.7848	30016	Los Nietos
37.6490	-1.0773	30016	La Magdalena
37.6490	-1.6685	30024	Cazalla
37.6491	-5.6280	41006	La Boyal
37.6493	-0.7853	30016	Playa de los Nietos
37.6500	-3.1667	23017	Rambla de Juan Manchego
37.6500	-1.2000	30021	Mayordomos de Arriba
37.6500	-1.2000	30021	Mayordomos de Abajo
37.6500	-2.5667	18056	Margen de Arriba
37.6500	-0.8833	30016	Los Rizos
37.6500	-0.8667	30016	Los Rangos
37.6500	-0.9667	30016	Lo Baturno
37.6500	-3.8333	23099	La Yedra
37.6500	-1.0167	30016	El Plan
37.6510	-0.8572	30016	La Loma
37.6517	-1.5834	30024	Alporchones
37.6520	-1.0466	30016	Pozo de los Palos
37.6527	-3.6358	23901	Carchel
37.6536	-1.4973	30024	Puntarrón
37.6538	-4.8241	14059	San Sebastián de los Ballesteros
37.6541	-4.1635	23003	Los Noguerones
37.6542	-4.9161	14017	Monte Alto
37.6549	-0.9964	30016	Molino Derribado
37.6550	-5.7137	41099	Villanueva del Río y Minas
37.6551	-2.7717	18053	Cortes de Baza
37.6555	-5.0835	41039	Cañada del Rabadán
37.6557	-6.8805	21017	Calañas
37.6559	-1.0866	30016	San Isidro
37.6560	-6.4500	41057	Juan Antón
37.6565	-1.4816	30024	Corvillones
37.6567	-4.9257	14017	La Paz
37.6570	-3.2641	23017	Estación de Cabra
37.6576	-0.9500	30016	Los Roses
37.6579	-3.5309	23018	Santa María
37.6582	-6.5763	21078	Las Delgadas
37.6583	-1.2044	30021	Los Guijarros
37.6589	-1.4089	30026	Gañuelas
37.6590	-5.5275	41055	Lora del Río
37.6600	-4.1066	23003	La Bobadilla
37.6602	-1.3663	30026	Camposol
37.6604	-6.4345	41057	Villar Gordo
37.6604	-1.6697	30024	El Molinillo
37.6608	-0.9788	30016	La Vereda
37.6613	-6.3407	41031	El Pedrosillo
37.6613	-0.9361	30016	Los Rosiques
37.6624	-1.1908	30021	Venta de las Palas
37.6628	-6.4569	41057	Juan Gallegos
37.6629	-6.4563	41057	Juan Gallego
37.6631	-1.1903	30021	Las Palas
37.6633	-1.2360	30021	Los Vivancos
37.6636	-0.9023	30016	Los Beatos
37.6636	-2.9914	23070	Cuevecillas
37.6639	-6.2241	41031	El Cañuelo
37.6642	-1.0138	30016	Santa Ana
37.6648	-1.1387	30016	Los Pérez
37.6654	-2.0232	04098	La Ermita del Piar
37.6667	-1.1000	30016	Los Simonetes
37.6667	-1.0333	30016	Los Piñuelas
37.6667	-1.2333	30021	Los Gómez
37.6667	-1.0000	30016	Los Conesas
37.6667	-1.0833	30016	Los Castillejos
37.6667	-5.8833	41027	Los Carrizos
37.6667	-0.9167	30016	Los Caños
37.6667	-0.8500	30016	Caserío Los Rizos
37.6667	-1.1500	30016	Casas del Molino Alto
37.6667	-0.9333	30016	Campo Bajo
37.6682	-6.0754	41049	El Serrano
37.6685	-4.8821	14017	El Rinconcillo
37.6697	-5.1559	14030	Fuente Carreteros
37.6698	-0.9521	30016	La Aparecida
37.6703	-4.2385	14007	Albendín
37.6704	-4.7264	14027	Fernán-Núñez
37.6705	-0.9660	30016	Los Carriones
37.6706	-6.2866	41031	Las Cañadillas
37.6709	-1.6165	30024	La Condomina
37.6712	-1.7017	30024	Lorca
37.6712	-0.8484	30016	Hacienda del Pino
37.6713	-2.9743	23070	Loma de la Mesa
37.6715	-1.9045	30024	Los Morotes
37.6720	-6.5784	21078	Monte Sorromero
37.6720	-1.6548	30024	Santa Gertrudis
37.6736	-6.5644	21049	La Naya
37.6736	-4.9312	14017	La Carlota
37.6737	-2.8076	18053	Teja
37.6743	-2.9721	23070	Fontanar
37.6758	-5.9889	41027	Castilblanco de los Arroyos
37.6775	-1.0221	30016	Miranda
37.6777	-3.8766	23099	Los Poyos
37.6782	-3.8110	23099	Electra Industrial
37.6782	-6.2538	41031	Arroyo de la Plata
37.6790	-3.7588	23050	Otiñar
37.6793	-3.5654	23018	Cambil
37.6798	-4.5536	14025	Espejo
37.6801	-6.6598	21078	Zalamea la Real
37.6810	-7.0716	21023	Montes de San Benito
37.6812	-1.5511	30024	Hinojar
37.6813	-4.8520	14065	La Victoria
37.6815	-4.9783	14017	El Garabato
37.6825	-1.1467	30016	La Machica
37.6825	-0.9676	30016	Los Balanzas
37.6831	-3.2940	23017	Arroyo Santo
37.6831	-1.0429	30016	Los Navarros
37.6833	-6.6000	21018	Vista Alegre
37.6833	-0.9833	30016	Los Vidales
37.6833	-0.9833	30016	Los Segados
37.6833	-0.9500	30016	Los Pérez de Abajo
37.6833	-2.6667	18045	Los Carriones
37.6833	-6.2833	41031	Huertas de Medialegua
37.6833	-1.1000	30016	El Realenco
37.6833	-2.7833	18053	Cuevas de la Miera
37.6833	-0.8312	30016	Los Urrutias
37.6834	-3.3699	23044	Solera
37.6853	-1.2785	30021	La Pinilla
37.6855	-6.4002	41031	La Aulaga
37.6857	-2.7862	18053	Cuevas de Campoy
37.6862	-3.7117	23050	Puerto Alto
37.6876	-1.1654	30021	Torre del Ángel
37.6877	-3.9437	23060	Baños del Agua Hedionda
37.6892	-1.2253	30021	Las Casicas
37.6898	-0.9632	30016	La Palma
37.6900	-0.9892	30016	Lo Tacón
37.6907	-1.0687	30016	La Aljorra
37.6912	-1.0538	30016	Los Estrases
37.6912	-4.4806	14019	Castro del Río
37.6915	-3.8187	23099	Los Villares
37.6917	-1.6213	30024	Baldazos
37.6918	-0.8463	30016	El Carmolí
37.6918	-2.0959	04098	Vélez-Blanco
37.6919	-3.5112	23018	Mata Bejid
37.6930	-3.4261	23044	Cabrita
37.6931	-6.3150	41031	El Castillo de las Guardas
37.6936	-6.7387	21078	El Villar
37.6944	-3.8796	23099	Las Higueras
37.6944	-5.1279	14030	Silillos
37.6945	-6.6298	21018	El Campillo
37.6951	-3.6390	23067	La Cerradura
37.6961	-1.6334	30024	San Julián
37.6963	-6.5497	21052	Nerva
37.6968	-6.3655	41031	Minas del Castillo de las Guardas
37.6969	-6.5943	21049	Minas de Ríotinto
37.6973	-2.3265	18146	Pozo de la Rueda
37.6985	-1.2115	30021	Casas de Egea
37.6987	-4.9501	14017	La Chica Carlota
37.6994	-1.0035	30016	Casas Nuevas
37.6995	-6.6583	21018	Traslasierra
37.6998	-1.2459	30021	Campillo de Arriba
37.7000	-6.2833	41031	Ventorro del Negro
37.7000	-6.6167	21018	Mina
37.7000	-0.9500	30016	Los Pérez de Arriba
37.7000	-0.9833	30016	Los Celdranes
37.7000	-3.8000	23099	Las Cábilas
37.7000	-6.6000	21049	La Atalaya
37.7000	-6.9333	21017	Jaroso
37.7000	-1.0333	30016	El Palmero
37.7000	-3.8500	23099	Don Juan
37.7000	-2.9167	23070	Chaparral
37.7002	-5.2812	14049	Palma del Río
37.7005	-4.8930	14017	Arrecife
37.7026	-2.9337	23070	Pozo Alcón
37.7027	-2.7981	18053	Cardiles
37.7032	-4.1137	23060	Monte Lope Alvarez
37.7037	-2.2741	04063	Casablanca
37.7038	-3.2877	23017	Cabra del Santo Cristo
37.7044	-5.8866	41027	Los Melonares
37.7049	-5.0996	14030	Fuente Palmera
37.7055	-2.2457	04063	La Alfahuara
37.7067	-1.2222	30021	Campillo de Abajo
37.7068	-0.9465	30016	Fuente Amarga
37.7079	-1.0441	30016	Las Lomas
37.7081	-3.3534	23015	Aulabar
37.7082	-1.7693	30024	Las Canales
37.7088	-4.9889	14017	La Fuencubierta
37.7089	-5.3450	41074	Peñaflor
37.7091	-4.9481	14017	Las Pinedas
37.7101	-1.2026	30021	Las Suertes
37.7102	-2.1645	04063	María
37.7103	-1.3933	30039	Los Cantareros
37.7115	-6.8727	21017	El Perrunal
37.7116	-0.9934	30016	Pozo Estrecho
37.7117	-0.9686	30016	Los Conesas
37.7119	-4.8669	14017	Quintana
37.7124	-1.2584	30021	Cueva de Pagán
37.7135	-2.8018	18053	Cuevas del Mosco
37.7135	-1.4054	30039	Paretón
37.7138	-1.2157	30021	Los Agustinillos
37.7138	-2.0652	04098	Montalviche
37.7140	-6.5815	21049	La Dehesa
37.7141	-1.3697	30026	El Romero
37.7144	-4.9436	14017	Barriaga
37.7146	-6.2875	41031	Archidona
37.7150	-6.4145	41031	El Peralejo
37.7156	-3.6094	23067	El Carretón
37.7156	-3.7624	23050	Puente de la Sierra
37.7159	-2.9977	23042	Hinojares
37.7159	-3.2275	23017	El Chantre
37.7167	-1.0481	30016	El Albujón
37.7167	-1.0833	30030	Los Vidales
37.7167	-1.0000	30016	Los Tropeles
37.7167	-6.8500	21004	Los Silos
37.7170	-2.6406	18045	Castilléjar
37.7171	-2.4078	18146	Fuente Nueva
37.7173	-3.1866	23017	Estación de Huesa
37.7173	-1.0841	30030	Los Madriles
37.7175	-0.9208	30016	La Puebla
37.7179	-1.0741	30030	La Mina
37.7182	-1.2207	30021	Lo Jorge
37.7188	-1.1555	30021	El Espinar
37.7193	-1.0752	30030	Los Conesas
37.7197	-2.5410	18082	La Alquería
37.7211	-3.9726	23060	Martos
37.7212	-2.4775	18146	Orce
37.7218	-0.9981	30037	La Rambla
37.7238	-3.3821	23015	Bélmez de la Moraleda
37.7239	-1.1697	30021	Fuente-Álamo de Murcia
37.7253	-6.5496	21052	Peña del Hierro
37.7253	-0.9803	30037	Bernal
37.7263	-6.1762	41083	El Ronquillo
37.7264	-3.3173	23044	Aguadux
37.7264	-6.9062	21023	Tamujoso
37.7266	-7.0874	21015	Cabezas Rubias
37.7267	-3.0471	23045	Ceal
37.7293	-1.0839	30030	Lobosillo
37.7298	-1.8905	30024	Fuensanta
37.7300	-0.8647	30902	Torre del Rame
37.7308	-6.3487	41031	Valdeflores
37.7316	-5.0854	14030	Peñalosa
37.7319	-1.7600	30024	El Collado
37.7325	-1.1111	30021	El Estrecho
37.7326	-2.3895	18146	Venta de Micena
37.7327	-1.8665	30024	La Parroquia
37.7329	-4.2142	23077	San Bartolomé
37.7329	-2.6147	18082	El Cura
37.7331	-5.1384	14030	Villalón
37.7331	-2.7883	18046	Fuente Vera
37.7333	-3.0833	23045	Vega de la Higuera
37.7333	-1.0667	30030	Los Romeras
37.7333	-1.1333	30021	Los Celdranes
37.7333	-0.9333	30037	Las Gilas
37.7333	-0.9167	30037	Las Casicas
37.7336	-1.2228	30021	Los Guerreros
37.7339	-4.6334	14021	Santa Cruz
37.7346	-1.2424	30021	Cuevas de Reyllo
37.7354	-6.9369	21023	El Cerro de Andévalo
37.7354	-2.9703	23042	Cuenca
37.7356	-1.8183	30024	Pantano de Puentes
37.7356	-1.2795	30021	Cánovas
37.7357	-6.2942	41031	La Alcornocosa
37.7359	-6.3820	41031	Peroamigo
37.7360	-1.0857	30030	Los Urreas
37.7369	-2.8595	18053	Campo Cámara
37.7370	-3.0291	23045	Arroyo Molinos
37.7378	-3.3630	23015	Horno del Vidrio
37.7379	-5.1135	14030	La Herrería
37.7381	-3.8176	23050	Jabalcuz
37.7400	-3.3670	23015	Alhori
37.7400	-7.3450	21057	Paymogo
37.7401	-3.6495	23067	Pegalajar
37.7415	-1.0263	30037	Chacón
37.7424	-2.8723	18053	La Ermita
37.7426	-2.5518	18082	Galera
37.7429	-0.9540	30037	Torre-Pacheco
37.7430	-3.6931	23038	La Guardia de Jaén
37.7433	-1.2497	30021	Lo Legaces
37.7436	-6.3722	41031	Las Cortecillas
37.7439	-0.9107	30037	Mar Menor
37.7443	-0.8504	30902	Los Alcázares
37.7449	-2.6916	18045	Felines y Santa Catalina
37.7467	-3.3848	23015	Bélmez
37.7472	-3.9143	23051	Jamilena
37.7473	-4.0598	23060	El Madroño
37.7480	-6.6602	21018	La Poderosa
37.7481	-3.0985	23045	Picos del Guadiana
37.7482	-2.6407	18045	La Sacristía
37.7496	-3.9682	23087	San Antonio
37.7499	-2.7800	18046	El Cejo
37.7500	-0.9333	30037	Los Martínez
37.7500	-5.6151	41033	Cañada de la Jara
37.7503	-1.1139	30021	Los Rabales
37.7508	-3.1520	23073	Dehesa de Guadiana
37.7516	-1.8026	30024	Los Juanetes
37.7538	-4.1709	23077	Santiago de Calatrava
37.7544	-1.0609	30037	La Atalaya
37.7556	-1.0941	30021	Balsa-Pintada
37.7561	-5.1313	14030	Ochavillo del Río
37.7561	-0.9994	30037	La Estrella
37.7567	-1.1983	30021	Hacienda del Alamo
37.7568	-6.6176	21019	La Majada
37.7574	-4.9439	14033	Guadalcázar
37.7590	-0.8367	30902	Los Narejos
37.7592	-0.9433	30037	Las Carrionas
37.7593	-1.7572	30024	Calderones
37.7595	-3.8954	23086	Fuente del Ciervo
37.7595	-1.0340	30037	Gimenado
37.7600	-3.0316	23073	Belerdas
37.7607	-3.2027	23054	Larva
37.7614	-6.6815	21004	San Platón
37.7617	-6.7562	21004	San Miguel
37.7620	-1.2634	30021	Los Almagros
37.7625	-1.7064	30024	Torrealvilla
37.7626	-1.3428	30008	Casas del Aljibe
37.7628	-1.1405	30030	La Graña
37.7629	-1.3221	30008	Los Muñoces
37.7630	-7.0252	21023	La Joya
37.7643	-3.0764	23045	Huesa
37.7647	-4.1227	23087	Lendínez
37.7651	-0.8623	30035	Los Cortados
37.7655	-1.7358	30024	Los Raspajos
37.7665	-6.5736	21019	Campofrío
37.7666	-1.2522	30021	Los Paganes
37.7666	-6.6176	21019	Ventas de Arriba
37.7667	-0.9667	30037	Sotos Nuevos
37.7667	-1.0500	30037	Los Castillos
37.7667	-1.0333	30037	Lo Navarro
37.7667	-2.8500	18046	Fuentes Nuevas
37.7668	-3.1191	23045	Dondoncilla
37.7668	-2.7577	18046	Las Almontarás
37.7671	-1.1742	30021	Corverica
37.7672	-3.7291	23050	Fontanares
37.7675	-3.9578	23087	Torredonjimeno
37.7679	-1.3524	30008	La Molata
37.7687	-3.0223	23073	Tiscar
37.7688	-6.5085	21036	La Granada de Río Tinto
37.7688	-1.5023	30039	Totana
37.7688	-1.7847	30024	Las Cañadas
37.7692	-3.0715	23045	Rincones
37.7692	-3.7903	23050	Jaén
37.7695	-0.9608	30037	La Vela
37.7697	-1.0284	30037	Los Rocas Viejos
37.7701	-3.8176	23050	Caño Quebrado
37.7703	-5.9412	41027	La Parrilla
37.7705	-3.8973	23086	Torre del Campo
37.7706	-1.2175	30021	Escobar
37.7718	-0.8589	30035	Roda
37.7725	-0.9438	30037	Los Rocas
37.7730	-1.0499	30037	La Pedrera
37.7736	-3.0846	23045	Cortijillos
37.7737	-0.9159	30037	Molino de las Ánimas
37.7743	-1.6105	30006	Los Allozos
37.7747	-1.2377	30021	Casas del Llano
37.7756	-4.2204	14063	Valenzuela
37.7768	-0.9837	30037	Hortichuela
37.7770	-3.2318	23017	Estación de Larva
37.7771	-1.1233	30030	Valladolises
37.7773	-6.6705	21004	Concepción
37.7777	-3.7036	23038	San Antonio
37.7783	-0.8700	30037	Dolores
37.7785	-0.9724	30037	Los Martínez
37.7786	-4.0738	23087	Torre de Fuencubierta
37.7790	-5.2035	14036	Moratalla
37.7796	-0.8257	30035	Los Buenos
37.7799	-6.8035	21004	Cueva de la Mora
37.7806	-5.8432	41073	Las Jarillas
37.7807	-3.8194	23050	La Imora
37.7809	-5.3884	41078	La Puebla de los Infantes
37.7833	-0.9888	30037	Los Cachimanes
37.7833	-3.7468	23050	Puente Nuevo
37.7833	-3.6167	23058	Vista Alegre
37.7833	-3.1333	23045	Rambla de la Teja
37.7833	-0.9833	30037	Los Urreas
37.7833	-1.0000	30037	Los Sánchez
37.7833	-2.8833	23066	Los Geraldos
37.7833	-2.8667	18046	El Almicerán
37.7841	-3.2000	23054	Los Pozos
37.7841	-4.1515	23041	Fuente Palacios
37.7846	-1.7608	30024	Los Tiemblos
37.7849	-6.8801	21025	Valdelamusa
37.7854	-3.5090	23090	Torres
37.7863	-3.6123	23058	Mancha Real
37.7864	-1.5973	30006	Nonihay
37.7865	-3.4110	23902	Ermita y Torreón de Cuadros
37.7869	-0.9175	30037	Los Camachos
37.7875	-1.7724	30024	Casas de Panes
37.7878	-0.9805	30037	Las Pedreñas
37.7890	-6.7880	21004	Dehesa
37.7907	-4.0834	23087	Pozo de los Mozos
37.7912	-1.0106	30037	Los Castejones
37.7915	-3.0841	23073	Los Rosales
37.7920	-5.1440	14053	Rivero de Posadas
37.7926	-3.4683	23001	Albanchez de Mágina
37.7929	-1.6743	30024	La Juncosa
37.7934	-1.5736	30006	Aledo
37.7942	-6.8146	21004	La Juliana
37.7955	-6.9676	21025	San Telmo
37.7958	-2.7800	18046	Castril
37.7964	-1.5813	30006	Las Canales
37.7964	-2.2859	04063	La Cañada de Cañepla
37.7966	-7.1874	21068	Santa Bárbara de Casa
37.7968	-0.8054	30035	Santiago de la Ribera
37.7980	-1.0097	30037	Roldán
37.7981	-1.1792	30021	Los Arcos
37.7983	-0.9634	30037	Casas de las Chicharronas
37.7985	-4.1574	23041	Higuera de Calatrava
37.7989	-1.7046	30024	Zúñiga
37.7989	-0.9939	30037	Lo Ferro
37.7991	-1.0001	30037	Las Armeras
37.7993	-2.1637	04098	Derde
37.7997	-1.0311	30037	Los Cortados
37.8000	-3.1333	23073	Vega
37.8000	-1.0000	30037	Los Segados
37.8000	-4.0000	23087	Gil Alonso
37.8000	-3.0333	23073	Fique
37.8000	-2.8667	23028	El Almicerán
37.8000	-0.9224	30037	Casas del Hondo
37.8008	-1.4412	30008	Las Flotas de Butrón
37.8010	-0.9492	30037	La Maraña
37.8011	-2.8233	18046	Las Cañadas
37.8021	-5.1073	14053	Posadas
37.8023	-6.7030	21004	Patrás
37.8028	-1.0817	30030	Los Ruices
37.8034	-3.0819	23073	Higueral
37.8039	-3.6499	23058	Casarejo
37.8057	-6.9245	21023	Lomero
37.8059	-0.8071	30035	San Blas
37.8063	-0.8374	30035	San Javier
37.8064	-2.0497	04098	Alcaide
37.8065	-0.8543	30035	Los Isidoros
37.8072	-3.4587	23001	Hútar
37.8077	-0.8573	30035	Pozo-Aledo
37.8102	-1.1719	30030	Lo León
37.8107	-5.0204	14005	Almodóvar del Río
37.8110	-2.5412	18098	Huéscar
37.8120	-6.7942	21004	Serpos
37.8126	-0.8247	30035	La Tejera
37.8153	-4.1200	23041	Espanta Palomas
37.8153	-0.9850	30037	Los Tomases
37.8169	-0.8940	30037	San Cayetano
37.8169	-1.3528	30008	Gañuelas
37.8174	-2.2681	18164	La Cañada Grande
37.8176	-0.7883	30036	Lo Pagán
37.8177	-2.3341	18146	Pinelo
37.8182	-0.9564	30037	Balsicas
37.8184	-1.0788	30030	Los Martínez
37.8188	-1.0278	30030	Valderas
37.8204	-4.8511	14021	Valchillón
37.8218	-3.4114	23902	Bedmar
37.8225	-2.7786	23028	El Batán
37.8229	-0.7872	30036	Los Lorcas
37.8245	-3.9890	23098	Puente del Villar
37.8250	-3.8908	23086	La Iglesia
37.8258	-6.8174	21004	Rincomalillo
37.8265	-3.0979	23073	Lacra
37.8270	-4.0844	23087	La Nava
37.8277	-1.2107	30030	La Murta
37.8295	-0.7867	30036	Los Albaladejos
37.8308	-0.9147	30037	Los Infiernos
37.8310	-1.1573	30030	Corvera
37.8315	-1.1398	30030	Torre-Mochuela
37.8316	-3.9422	23086	La Muña
37.8320	-0.9320	30037	Lo Jerónimo
37.8321	-2.4297	18164	Casas de Don Juan
37.8333	-6.3333	21079	Zufre
37.8333	-4.8667	14021	Majaneque
37.8333	-0.8333	30035	Lo Peña
37.8333	-1.8167	30024	Las Lomas de Lastón
37.8333	-5.2333	14036	Hornachuelos
37.8333	-6.4500	21038	Higuera de la Sierra
37.8340	-1.8390	30024	Cazorla
37.8346	-1.1848	30030	Casas de los Garcías
37.8351	-1.6967	30024	Casas Nuevas
37.8357	-0.7910	30036	San Pedro del Pinatar
37.8358	-2.6683	18098	Puente Duda
37.8371	-0.8410	30035	Los López
37.8371	-1.4691	30008	Azaraque
37.8374	-4.0005	23098	Villardompardo
37.8385	-3.5413	23052	Caniles
37.8388	-1.0259	30030	Casas del Cura
37.8390	-3.2395	23092	Estación Quesada
37.8391	-1.7247	30024	Alagüeces
37.8406	-3.3526	23053	Jódar
37.8416	-3.4771	23052	Jimena
37.8422	-0.8131	30036	Los Tárragas
37.8431	-0.8527	30035	Mirador
37.8432	-3.8620	23086	Garcíez
37.8434	-3.0656	23073	Quesada
37.8438	-1.4515	30008	Los Pavos
37.8441	-1.8763	30024	Zarcilla de Ramos
37.8442	-2.0400	04098	Las Cañadas de Lizarán
37.8454	-6.7622	21004	Escalada
37.8457	-2.1644	04098	Santonge
37.8484	-3.5595	23052	Castillo de Recena
37.8487	-0.9434	30030	Avileses
37.8489	-0.8449	30035	Los Pinos
37.8492	-6.8458	21004	Gil Márquez
37.8499	-3.7612	23050	Grañena
37.8500	-4.9000	14021	Villarrubia
37.8500	-5.8333	41073	Navahonda
37.8500	-0.7833	03902	Los Plazas
37.8500	-0.8333	30035	Las Palomas
37.8500	-1.8500	30024	Hermanillas
37.8500	-5.6333	41033	Fuente el Negro
37.8500	-5.7667	41073	El Pedroso
37.8500	-0.7667	03902	El Mojón
37.8510	-1.4251	30008	Alhama de Murcia
37.8522	-0.8307	30035	El Aljibe
37.8566	-1.4659	30008	Moriana
37.8568	-3.6852	23050	Galapagar
37.8574	-6.8507	21004	Estación de Gil Márquez
37.8576	-2.3398	18164	Cortijos Nuevos del Campo
37.8582	-3.8060	23050	Villar de Cuevas
37.8585	-0.8381	30035	Los Rocas
37.8591	-3.4629	23902	Badulla
37.8593	-4.8027	14021	Alameda del Obispo
37.8593	-3.0435	23073	Heredamiento
37.8600	-6.7373	21067	La Corte
37.8610	-6.7533	21004	Calabazares
37.8615	-0.8749	30030	Casas Blancas
37.8622	-2.2285	04098	Topares
37.8625	-6.7238	21067	Santa Ana la Real
37.8632	-3.3150	23053	Cerro Hernando
37.8635	-1.1695	30030	Los Brianes
37.8636	-1.8888	30024	El Rincón
37.8636	-4.9482	14021	Cigarra
37.8649	-3.1263	23073	Perea
37.8652	-6.6479	21001	Los Madroñeros
37.8652	-1.0564	30030	Casas del Civil
37.8657	-1.1002	30030	Caserío Los Tarquinos
37.8659	-0.7926	03902	Pilar de la Horadada
37.8661	-3.9382	23086	El Berrueco
37.8667	-6.4833	21007	Valdezufre
37.8667	-6.4500	21079	La Umbría
37.8667	-5.6500	41033	Las Balrotas
37.8667	-6.7000	21022	La Presa
37.8667	-6.5167	21007	Jabuguillo
37.8667	-6.6667	21001	El Collado
37.8667	-5.6167	41033	Constantina
37.8672	-4.3183	14014	Cañete de las Torres
37.8685	-1.1318	30030	Los Baños
37.8685	-6.6814	21001	El Cabezuelo
37.8691	-1.1290	30030	Venta de la Virgen
37.8697	-0.7584	03099	Torre de la Horadada
37.8706	-4.8492	14021	El Higuerón
37.8707	-3.2263	23092	Los Propios
37.8710	-4.1850	23069	Porcuna
37.8710	-6.6779	21001	La Umbría
37.8712	-3.5125	23009	Las Escuelas
37.8722	-6.0808	41009	Almadén de la Plata
37.8723	-1.8361	30024	La Paca
37.8725	-1.4589	30008	Carmona
37.8729	-1.0954	30030	Lo Mendigo
37.8731	-6.7400	21067	Fuente del Oro
37.8731	-6.7535	21004	Molares
37.8740	-6.7887	21004	Almonaster la Real
37.8741	-6.6654	21001	Alájar
37.8741	-3.4589	23902	Garcíez
37.8743	-2.6570	18098	San Clemente
37.8749	-3.8839	23035	Fuerte del Rey
37.8767	-3.0386	23073	Bruñel Alto
37.8770	-2.3794	18164	Toscana Nueva
37.8774	-0.8659	30030	Casas Nuevas
37.8785	-1.7073	30024	Zarzadilla de Totana
37.8788	-3.6688	23050	Brujuelo
37.8788	-4.0338	23031	Escañuela
37.8794	-2.3018	18164	Bugéjar
37.8796	-6.6232	21045	Linares de la Sierra
37.8802	-3.1592	23066	Toya
37.8822	-1.0097	30030	La Tercia
37.8833	-1.3667	30023	Vista Bella
37.8833	-6.4667	21059	Puerto-Moral
37.8833	-6.5000	21007	Puerto-Gil
37.8833	-6.0000	41009	Mina San Miguel
37.8833	-6.0667	41009	Mina del Esterquizo
37.8833	-1.1167	30030	La Pareja
37.8833	-6.6667	21022	El Calabacino
37.8833	-2.6333	18098	Cuevas del Canal
37.8833	-6.6833	21022	Casas de Arriba
37.8833	-6.8000	21004	Acebuches
37.8839	-3.0828	23073	Bruñel Bajo
37.8850	-6.7403	21004	Aguafría
37.8850	-4.0823	23006	Cotrufes
37.8853	-1.3825	30008	Los Zancarrones
37.8854	-6.8312	21004	Veredas
37.8857	-1.4911	30008	El Berro
37.8864	-0.7583	03902	Mil Palmeras
37.8864	-1.3556	30023	Librilla
37.8866	-3.1890	23043	Hornos
37.8870	-3.4420	23902	Torreón de Fique
37.8882	-1.8638	30024	Don Gonzalo
37.8884	-1.0521	30030	El Caracolero
37.8896	-3.5612	23009	Jarafe
37.8904	-2.8880	23028	Nava de San Pedro
37.8906	-0.9412	30030	Sucina
37.8916	-4.7728	14021	Córdoba
37.8916	-1.9407	30024	Peña María
37.8917	-1.9398	30024	Fuente Atocha
37.8919	-1.0206	30030	Lo Gea
37.8927	-2.2196	18164	Las Cobatillas
37.8931	-6.8226	21004	Cincho
37.8933	-4.1360	23069	Alharilla
37.8940	-6.5612	21007	Aracena
37.8943	-3.6312	23903	Turumbillo
37.8947	-6.7471	21043	Los Romeros
37.8956	-4.3807	14012	Bujalance
37.8957	-2.1356	04098	Mancheño
37.8967	-4.7132	14021	Las Quemadas
37.8968	-6.7038	21022	Castaño de Robledo
37.8969	-1.4555	30008	Gebas
37.8973	-6.9041	21008	El Hurón
37.8978	-2.3354	18164	Cuartos Nuevos de Abajo
37.8993	-6.7350	21043	El Quejigo
37.8997	-2.4915	18098	El Doctor
37.8997	-3.7376	23050	Almenara
37.9000	-6.2167	21069	Santa Olalla del Cala
37.9000	-1.2333	30030	Los López
37.9000	-2.2833	18164	Las Cuevas de los Medinas
37.9000	-6.7833	21004	Estación de Almonaster
37.9000	-6.5000	21024	Corteconcepción
37.9000	-6.8000	21004	Arroyo
37.9021	-2.0319	30015	Royos de Abajo
37.9028	-6.6202	23074	Los Marines
37.9034	-6.6239	21048	Los Marines
37.9038	-4.1468	23069	Vista Alegre
37.9047	-6.7788	21004	Canaleja
37.9055	-6.6611	21033	Fuenteheridos
37.9055	-2.6025	18098	Moncayo
37.9058	-1.7916	30024	El Pardo
37.9061	-1.7983	30024	Avilés
37.9063	-0.8367	03902	El Pinar de Campoverde
37.9083	-3.2204	23066	Guadiana
37.9090	-2.0941	30015	Retamalejo
37.9102	-3.6621	23903	Torrequebradilla
37.9112	-6.8205	21025	Cortegana
37.9117	-3.8273	23050	Ventosilla
37.9134	-3.1215	23066	Peal de Becerro
37.9134	-2.4198	18164	Lóbrega
37.9136	-0.7230	03099	Cabo Roig
37.9144	-1.2500	30030	Cuevas del Norte
37.9144	-2.1193	30015	Capellanía
37.9149	-3.7850	23050	Las Infantas
37.9149	-3.0034	23028	Cazorla
37.9154	-1.2069	30030	El Palmeral
37.9162	-6.7297	21043	Jabugo
37.9165	-0.7333	03099	Playas de Orihuela
37.9166	-4.0187	23006	Albaida
37.9167	-6.8500	21025	Valconejo
37.9167	-1.3333	30023	Los Vicentes
37.9167	-1.2500	30030	La Vereda
37.9167	-3.2833	23092	Cobatillas
37.9168	-4.8221	14021	Las Ermitas
37.9169	-1.7850	30024	La Canaleja
37.9171	-3.8866	23027	La Torre María Martín
37.9180	-6.5465	21007	Carboneras
37.9183	-1.4154	30029	Fuente Librilla
37.9195	-1.1782	30030	Cuevas del Cigarrón
37.9199	-2.9966	23028	La Iruela
37.9241	-1.5978	30029	Casas Nuevas
37.9255	-3.9341	23035	Corbunillo
37.9258	-0.7285	03099	La Zenia
37.9259	-1.1611	30030	La Paloma
37.9261	-1.8398	30024	Doña Inés
37.9264	-3.4624	23009	Garcíez-Jimena
37.9264	-3.5554	23009	La Laguna
37.9268	-2.1692	30015	La Junquera
37.9269	-3.3640	23092	El Donadio
37.9273	-1.2284	30030	Torre-Guil
37.9277	-6.7694	21043	El Repilado
37.9284	-2.6235	18098	Doña Ana
37.9286	-2.0551	30015	Royos
37.9286	-1.2079	30030	Sangonera la Verde
37.9286	-6.7073	21034	Galaroza
37.9295	-3.0483	23028	La Almedina
37.9303	-0.7223	03099	Playa Flamenca
37.9303	-3.3252	23092	Doña Aldonza
37.9304	-6.7168	21034	Las Chinas
37.9307	-0.7551	03099	Los Dolses
37.9314	-4.4115	14012	Morente
37.9317	-2.9274	23028	El Valle
37.9320	-3.1571	23066	Pozo Lobo
37.9320	-0.7772	03099	Campoamor R-5
37.9323	-6.6703	21034	Navahermosa
37.9327	-1.1316	30030	Verdolay
37.9333	-6.8167	21025	Vega de los Hatos
37.9333	-6.7667	21043	Valdelacanal
37.9333	-4.8833	14021	Santa María de Trassierra
37.9333	-6.8000	21025	Lo de la Vieja
37.9333	-5.4667	41066	Las Navas de la Concepción
37.9333	-5.7500	41032	Cazalla de la Sierra
37.9339	-3.7754	23061	Vega de San Miguel
37.9349	-4.0548	23006	Arjona
37.9358	-4.1387	23006	Santiago
37.9364	-6.6246	21026	Cortelazor
37.9372	-6.5841	21007	Castañuelo
37.9372	-6.6899	21034	Las Cañadas
37.9386	-6.6008	21007	Corterrangel
37.9391	-0.7527	03099	Villamartin
37.9394	-1.1609	30030	El Palmar
37.9398	-1.1416	30030	La Alberca
37.9404	-3.7295	23903	Villargordo
37.9406	-1.1154	30030	Fuensanta
37.9408	-4.4970	14018	El Carpio
37.9411	-1.3700	30030	Barqueros
37.9413	-3.7865	23061	Venta del Llano
37.9417	-3.4628	23009	La Vega de Santa María
37.9420	-3.5456	23009	Gil de Olid
37.9421	-7.0166	21008	Santa Clara
37.9421	-6.9576	21008	Aroche
37.9426	-4.6757	14021	Alcolea
37.9430	-3.2212	23066	El Pósito
37.9442	-1.1114	30030	Algezares
37.9447	-3.5667	23009	La Laguna
37.9450	-1.1246	30030	Santo Ángel
37.9454	-4.2146	23056	Lopera
37.9458	-0.7161	03099	Punta Prima
37.9464	-2.9537	23047	Burunchel
37.9468	-2.9214	23047	Arroyo Frio
37.9485	-3.6217	23050	Torralba
37.9488	-6.6820	21071	Valdelarco
37.9489	-1.8124	30024	Coy
37.9490	-1.2847	30030	Las Salinas
37.9500	-5.3167	14036	San Calixto
37.9500	-3.3833	23092	Miranda
37.9500	-6.3500	21016	Minas de Cala
37.9500	-5.2000	14036	Las Aljabaras
37.9500	-6.1500	21069	El Real de la Jara
37.9500	-6.8333	21025	El Chorrito
37.9514	-2.2814	18164	Pedrerías
37.9520	-3.1343	23028	Arroyo Salado
37.9520	-0.9939	30030	Los Martínez de Cañadas de San Pedro
37.9520	-3.5399	23009	Puente del Obispo
37.9524	-2.1315	30015	Moralejo
37.9539	-6.8318	21025	La Corte
37.9552	-0.7212	03133	Residencia los Altos
37.9557	-3.6083	23014	Posadas Ricas
37.9557	-6.8206	21025	La Pica
37.9557	-0.7327	03099	Los Balcones
37.9558	-1.1530	30030	Aljucer
37.9568	-1.0915	30030	Los Garres
37.9571	-3.0593	23028	Casas de Estepa
37.9575	-2.9714	23047	El Palomar
37.9580	-3.5651	23014	Las Delicias
37.9586	-6.8500	21008	Los Viejos
37.9603	-6.7454	21051	La Nava
37.9609	-6.8444	21008	Los Bravos
37.9609	-0.9718	30030	Hambre Viva
37.9611	-1.1192	30030	Barrio del Progreso
37.9614	-3.3967	23092	Marimingo
37.9616	-2.4396	18164	Puebla de Don Fadrique
37.9618	-2.0337	30015	Tarragoya
37.9619	-2.9794	23047	Estrella
37.9622	-6.8048	21025	Puerto-Lucía
37.9622	-0.9754	30030	Las Casas
37.9625	-1.1274	30030	Ermita de Patiño
37.9626	-4.5455	14067	Villafranca de Córdoba
37.9649	-6.8482	21008	Los Andreses
37.9652	-3.6668	23085	Casillas de Valverde
37.9652	-0.7320	03133	Urbanizacion los Balcones
37.9662	-1.0803	30030	Tiñosa Baja
37.9667	-5.9000	41032	Solanas del Valle
37.9667	-1.1167	30030	Quitapellejos
37.9667	-6.8568	21008	Las Cefiñas
37.9667	-1.5833	30029	Herreña
37.9667	-5.6000	41088	El Cerro del Hierro
37.9667	-3.0667	23028	Celadillas
37.9667	-6.3167	21016	Cala
37.9667	-1.2333	30005	Sangonera la Seca
37.9669	-4.4556	14050	Pedro Abad
37.9673	-2.4788	18164	Balcones
37.9675	-7.2189	21062	Rosal de la Frontera
37.9680	-1.1686	30030	Era-Alta
37.9681	-3.4763	23009	Tres Fuentes
37.9694	-1.2171	30005	Alcantarilla
37.9696	-2.9999	23028	San Martín
37.9698	-3.8088	23061	Mengibar
37.9700	-1.0794	30030	Tiñosa Alta
37.9706	-3.9906	23006	Higuera de Arjona
37.9730	-6.8744	21008	El Puerto
37.9739	-1.0706	30030	Beniaján
37.9742	-4.1068	23007	Arjonilla
37.9755	-3.7669	23061	Colonia
37.9755	-2.5801	18164	Cortijos Nuevos de la Sierra
37.9772	-1.1798	30030	La Raya
37.9779	-1.1048	30030	Los Dolores
37.9785	-1.1962	30030	Puebla de Soto
37.9787	-0.6822	03133	Torrevieja
37.9791	-0.9918	30030	Cabezo de la Plata
37.9797	-0.7890	03120	San Miguel de Salinas
37.9799	-2.3375	18164	Almaciles
37.9799	-2.0960	30015	Casas de Tornajuelo
37.9805	-3.6899	23085	Higueruela
37.9805	-3.1498	23028	El Molar
37.9807	-1.0530	30030	Torreagüera
37.9811	-4.2900	14066	Villa del Río
37.9833	-6.1667	06085	Puerto Lobo
37.9833	-4.0333	23005	Los Villares
37.9833	-6.7500	21051	La Parrilla
37.9833	-3.8000	23061	Fuente de la Casa
37.9833	-2.9833	23047	Dehesa Baja
37.9833	-3.0667	23030	Castillo
37.9839	-3.8830	23027	Cazalilla
37.9849	-3.5309	23014	Begíjar
37.9860	-1.2170	30030	Javalí Nuevo
37.9870	-1.1300	30030	Murcia
37.9884	-3.0308	23030	Almansas
37.9884	-3.1719	23092	Solana de Torralba
37.9885	-1.2041	30030	Javalí Viejo
37.9887	-1.0312	30030	Los Ramos
37.9895	-1.5044	30032	Pliego
37.9903	-1.1974	30030	La Ñora
37.9914	-1.1862	30030	Barrio Los Jerónimos
37.9915	-0.8653	03099	Torremendo
37.9923	-3.0045	23030	Cortijo Grande
37.9925	-0.8721	03099	El Tocino
37.9926	-3.8094	23061	Bética
37.9929	-3.4115	23092	Casa de los Frailes
37.9934	-1.1025	30030	Puente Tocinos
37.9938	-3.4710	23009	Baeza
37.9959	-2.2598	30015	El Entredicho
37.9965	-3.5470	23057	Lupión
37.9975	-3.6378	23085	Torreblascopedro
37.9991	-2.2105	30015	El Moral
37.9995	-2.4599	18164	Porcuna
38.0000	-5.6500	41088	San Nicolás del Puerto
38.0000	-6.4500	21009	Los Murtales
38.0000	-3.0667	23030	Loma Viña
38.0000	-3.9167	23096	La Estación
38.0000	-6.5833	21039	Hinojales
38.0000	-5.8833	41032	El Galeón
38.0000	-3.0000	23030	Cañamares
38.0000	-2.9500	23047	Arroyos
38.0003	-1.1715	30030	Guadalupe
38.0009	-3.0324	23030	Chilluévar
38.0013	-3.1672	23092	Vega de Torralba
38.0034	-3.0308	23030	Chilluévar Vieja
38.0034	-1.9247	30015	Almudena
38.0042	-0.7570	03133	La Marquesa
38.0043	-3.9160	23096	Villanueva de la Reina
38.0045	-4.7704	14047	Cerro Muriano
38.0052	-0.6983	03133	San Luis
38.0053	-3.1036	23028	El Quintanar
38.0054	-1.0725	30030	Llano de Brujas
38.0070	-1.1379	30030	El Castellar
38.0087	-4.3834	14043	La Estacion
38.0088	-1.0912	30030	Casillas
38.0091	-4.3487	14043	Huertos Familiares San Fernando
38.0097	-1.1111	30030	Zarandona
38.0098	-4.1241	23007	Estación de Arjonilla
38.0102	-1.1393	30030	El Puntal
38.0104	-1.1560	30030	Espinardo
38.0111	-0.9967	30030	Zeneta
38.0120	-1.0313	30030	Alquerías
38.0133	-3.3705	23092	Úbeda
38.0138	-1.2434	30038	Los Pulpites
38.0139	-1.0811	30030	Cabecicos
38.0152	-0.6899	03133	El Chaparral
38.0164	-3.9515	23096	La Quintería
38.0167	-6.0833	06086	Santa María de Nava la Zapatera
38.0167	-1.2000	30027	Ribera de Arriba
38.0167	-1.2000	30027	Ribera de Abajo
38.0167	-1.9167	30015	Los Álamos
38.0167	-6.3333	06026	La Vicaría
38.0167	-5.7667	41048	Hornillo
38.0167	-6.5167	21020	Cañaveral de León
38.0167	-6.4167	21009	Arroyomolinos de León
38.0194	-3.7251	23049	Jabalquinto
38.0196	-1.0972	30030	Monteagudo
38.0201	-1.9174	30015	Pinilla
38.0201	-3.1756	23092	Olivilla
38.0202	-2.2080	30015	Hornico
38.0210	-3.6651	23055	Torrubia
38.0211	-3.5031	23046	Ibros
38.0215	-1.9441	30015	Singla
38.0218	-1.0575	30030	Santa Cruz
38.0224	-1.6835	30012	Ucenda
38.0226	-1.2391	30038	Los Vicentes
38.0234	-1.1329	30030	Churra
38.0241	-4.3834	14043	Montoro
38.0244	-1.0878	30030	Las Cuevas
38.0245	-3.1712	23092	Barriga
38.0253	-1.1242	30030	Cabezo de Torres
38.0259	-4.0304	23005	Los Barrios
38.0266	-1.9586	30015	Caneja
38.0267	-4.5223	14001	Adamuz
38.0273	-3.3223	23092	San Bartolomé
38.0281	-1.0492	30030	Barrio de San José Obrero
38.0281	-1.0907	30030	Las Lumbreras
38.0282	-0.7450	03903	Los Montesinos
38.0282	-1.2419	30038	Las Torres de Cotillas
38.0283	-0.6551	03133	Torrelamata
38.0283	-1.8885	30015	Arrabel de la Encarnación
38.0286	-3.1009	23080	Santo Tomé
38.0290	-1.3866	30004	Albudeite
38.0295	-3.8230	23049	Arenales y Sevilleja
38.0303	-4.0645	23005	La Estación
38.0310	-1.9102	30015	Prados
38.0310	-2.2806	30028	Cañada de la Cruz
38.0318	-3.8631	23032	Espelúy
38.0321	-3.4478	23009	La Yedra
38.0331	-3.2158	23088	Nava
38.0333	-6.7667	21028	Valles de Carrasco
38.0333	-5.9333	06053	Prado Gil
38.0333	-1.1167	30030	Los Palacios
38.0333	-0.7500	03903	Lo Bigo
38.0333	-1.0833	30030	Esparragal
38.0333	-3.3333	23092	El Teatino
38.0333	-1.0167	30030	El Raal
38.0333	-5.6333	41002	El Encinar
38.0333	-3.0167	23080	Cañada de la Cierva
38.0333	-5.7167	41002	Alanís
38.0336	-0.8223	03099	Urb Entre Naranjas
38.0339	-2.9980	23080	Rincón
38.0350	-3.5769	23046	Capones
38.0352	-3.8876	23032	El Romeral
38.0354	-3.2900	23088	Torreperogil
38.0356	-1.9346	30015	Navares
38.0357	-1.2124	30027	Torre-Alta
38.0359	-1.4471	30029	Puebla de Mula
38.0365	-2.2411	30028	Los Odres
38.0392	-1.4249	30029	Los Baños
38.0392	-4.0508	23005	Andújar
38.0397	-1.3531	30014	Campos del Río
38.0410	-1.4901	30029	Mula
38.0421	-1.9594	30015	La Cabezuela
38.0426	-3.0970	23095	La Caleruela
38.0430	-2.8612	23904	El Zarzalar
38.0433	-2.6498	18098	El Patronato
38.0452	-1.5177	30029	El Niño
38.0455	-4.1703	23059	Marmolejo
38.0464	-1.0023	30010	Beniel
38.0467	-1.6723	30012	Bullas
38.0468	-2.8499	23904	Coto-Rios
38.0475	-1.0763	30030	El Campillo
38.0476	-3.4625	23074	Rus
38.0484	-1.9635	30015	Barranda
38.0486	-1.9764	30015	La Vereda
38.0493	-3.4831	23020	Canena
38.0496	-1.7773	30017	Burete
38.0496	-2.8176	23904	Casa de las Tablas
38.0499	-1.9567	30015	Altico
38.0500	-0.9833	03099	Remedio de los Desamparados
38.0500	-1.5500		Pinar de la Vidriera
38.0500	-6.3500	06026	Las Lapas
38.0500	-1.2500	30007	Las Barracas
38.0500	-6.6833	21029	La Ortigosa
38.0500	-6.4333	21009	El Castaño
38.0500	-2.9333	23095	El Avellano
38.0500	-6.1000	06085	Dehesilla de Guzmán
38.0500	-6.3000	06085	Arroyo del Moro y Los Cotos
38.0514	-6.6315	21029	La Estación
38.0536	-1.2505	30007	Alguazas
38.0536	-4.4191	14043	Santa Brígida
38.0540	-4.0175	23005	Maroteras
38.0540	-1.0739	30030	Las Peñicas
38.0543	-3.8851	23096	La Crujía
38.0546	-1.2076	30027	Molina de Segura
38.0554	-0.9409	03099	Arneva
38.0555	-1.0768	30030	Cobatillas
38.0570	-0.9192	03099	Hurchillo
38.0582	-3.0418	23095	Arroturas
38.0583	-0.7147	03113	Doña Pepa
38.0584	-3.1434	23095	El Teatino
38.0601	-3.4332	23074	El Mármol
38.0603	-0.6834	03076	Urbanización El Raso
38.0604	-1.9342	30015	Benablón
38.0615	-1.0488	30901	Santomera
38.0619	-6.6456	21029	Cumbres Mayores
38.0621	-1.4376	30029	Casas de Abajo
38.0624	-0.8984	03044	Bigastro
38.0625	-0.8682	03080	Jacarilla
38.0626	-3.6104	23055	Valenzuela
38.0629	-0.9823	03099	Desamparados
38.0632	-2.6344	18098	El Cerezo
38.0632	-1.9146	30015	Arrabal de Benablón
38.0650	-0.7167	03113	Ciudad Quesada
38.0658	-2.1435	30015	Tartamudo
38.0661	-6.8197	21028	Cortijada El Casco
38.0662	-3.3844	23092	Santa Eulalia
38.0667	-5.7500	41048	Postigo
38.0667	-2.9333	23095	Nava del Rico
38.0667	-5.6333	41002	La Nava
38.0667	-3.0000	23095	Fuente de las Monjas
38.0669	-1.7934	30017	Campillo y Suertes
38.0672	-2.0178	30015	Casicas
38.0675	-1.2583	30007	Las Pullas
38.0677	-1.0023	03099	El Arenal
38.0681	-1.0265	30901	Siscar
38.0685	-3.6740	23055	Tobaruela
38.0687	-6.5388	06055	Fuentes de León
38.0692	-3.3145	23075	Sabiote
38.0694	-2.7567	23904	Las Canaleias
38.0716	-0.7057	03113	Pueblo Lucero
38.0728	-2.0061	30015	Archivel
38.0729	-6.6939	21027	Cumbres de en Medio
38.0737	-3.2635	23075	Fuente Diago
38.0741	-1.4413	30029	Yéchar
38.0742	-0.6537	03076	El Moncayo
38.0751	-3.0333	23095	Mogón
38.0766	-1.0186	03099	Reiguero de Poniente
38.0773	-0.8394	03024	Benejúzar
38.0778	-0.7368	03034	Benijofar
38.0780	-6.7445	21028	Cumbres de San Bartolomé
38.0786	-1.2747	30018	Ceuti
38.0804	-3.3423	23092	Madroñal
38.0806	-2.2112	30028	Inazares
38.0810	-1.6604	30012	La Copa
38.0815	-2.5892	18098	La Matea
38.0818	-1.0088	03099	La Aparecida
38.0819	-0.9086	03099	Molíns
38.0820	-3.2508	23075	Hueco del Pico
38.0825	-0.9996	03099	Reiguero de Levante
38.0826	-1.2510	30025	Lorquí
38.0833	-5.0167	14073	Villaviciosa de Córdoba
38.0833	-6.0833	06105	Puebla del Maestre
38.0833	-6.2667	06085	Monesterio
38.0833	-2.7333	23904	Los Centenares
38.0833	-6.8167	21028	Los Campillos
38.0833	-0.8167	03015	La Vereda
38.0833	-1.7833	30017	Las Maravillas
38.0833	-6.3167	06026	Galán
38.0833	-6.4167	06024	Cabeza la Vaca
38.0833	-2.6060	18098	Los Teatinos
38.0842	-2.5783	18098	Las Nogueras
38.0843	-3.3905	23092	Guadalupe
38.0847	-0.8768	03099	La Campaneta
38.0848	-0.9440	03099	Orihuela
38.0850	-0.8348	03024	Las Barracas
38.0851	-0.7460	03113	Formentera de Segura
38.0855	-0.8055	03012	Las Bóvedas
38.0864	-0.7965	03012	Algorfa
38.0865	-1.7585	30017	Escobar
38.0877	-1.8646	30015	Santa Inés
38.0879	-2.7617	23904	Los Archites
38.0879	-2.4145	02055	Cañadas
38.0880	-0.7254	03113	Rojales
38.0884	-3.5252	23046	Corral Rubio
38.0890	-2.2664	30028	Puerto Hondo
38.0894	-0.9774	03099	Bonanza Reiguero
38.0903	-0.6556	03076	Guardamar del Segura
38.0906	-0.7627	03015	Heredades
38.0909	-3.8365	23039	Zocueca
38.0924	-1.7985	30017	Cehegín
38.0930	-0.7726	03015	El Nido
38.0943	-0.8613	03099	San Bartolomé
38.0951	-3.8946	23096	La Condesa
38.0952	-3.6360	23055	Linares
38.0955	-3.6241	23055	La Laguna
38.0964	-3.7779	23010	Bailén
38.0989	-3.0248	23095	Sillero
38.0992	-2.6977	23904	Fuente Segura
38.0996	-2.7243	23904	Las Espumaderas
38.1000	-3.6167	23055	San José
38.1000	-3.6167	23055	Los Tercios
38.1000	-5.8167	41048	Guadalcanal
38.1000	-3.7333	23010	Estacar de la Duquesa
38.1000	-3.4833	23094	Cuevas de Gil Bailde
38.1000	-3.6667	23055	Cañada Incosa
38.1000	-6.3333	06026	Calera de León
38.1017	-3.6658	23055	La Tortilla
38.1034	-2.5676	23904	Huerta del Manco
38.1035	-2.9192	23048	Bardazoso
38.1046	-0.8490	03109	Rafal
38.1048	-0.7380	03062	Daya Vieja
38.1056	-1.8634	30015	Caravaca
38.1060	-0.7251	03062	Los Palacios
38.1061	-1.8771	30015	Mairena
38.1072	-3.3772	23092	Cañavera
38.1080	-1.2874	30009	Algaida
38.1088	-0.7920	03015	Almoradí
38.1123	-3.4544	23074	Los Escuderos
38.1127	-2.5514	23904	Santiago de la Espada
38.1131	-0.7603	03061	Daya Nueva
38.1133	-3.2599	23075	Avinazas
38.1133	-0.7173	03118	San Fulgencio
38.1137	-0.9420	03099	Virgen del Camino
38.1144	-2.5711	23904	La Tejera
38.1154	-2.7994	23043	Bujaraiza
38.1156	-3.0848	23095	Villacarrillo
38.1158	-2.6868	23904	Pontón Alto
38.1162	-0.9098	03111	Redován
38.1163	-1.3004	30009	Archena
38.1166	-6.7030	06067	Consolación
38.1167	-6.5167	06124	Segura de León
38.1167	-6.1500	06086	Pallares
38.1167	-5.6833	06077	Malcocinado
38.1167	-3.2500	23075	Los Calares
38.1167	-6.3667	06026	Los Barrancos
38.1167	-6.6667	06067	Las Nieves
38.1167	-2.9833	23097	Barranco de la Montesina
38.1168	-0.7972	03015	El Camino de Catral
38.1170	-1.7634	30017	Cañada de Canara
38.1172	-2.8165	23043	La Cabañuela
38.1174	-2.6703	23904	Pontones
38.1180	-3.5623	23055	Náquer
38.1186	-0.7657	03061	Puebla de Rocamora
38.1217	-3.5910	23055	Magdalena de Castro
38.1219	-2.7079	23904	El Artuñedo
38.1246	-0.7710	03064	La Florida
38.1250	-0.8782	03049	Callosa de Segura
38.1285	-1.3044	30009	Los Baños
38.1292	-3.6417	23055	Arrayanes
38.1293	-1.1579	30027	Los Valientes
38.1298	-2.6907	23904	Casas Carrasco
38.1323	-2.0857	30028	Casas de Moya
38.1326	-4.8002	14047	Obejo
38.1330	-0.7736	03064	Berengueres
38.1333	-4.9000	14068	Villaharta
38.1333	-5.9167	06053	La Jayona
38.1333	-3.0667	23095	Hoya del Pedregal
38.1333	-3.6833	23055	Cerro Pelado
38.1333	-0.9500	03111	Barrio de las Cuevas
38.1341	-6.8667	21031	Encinasola
38.1347	-1.7578	30017	Carrasquilla
38.1348	-3.5564	23055	Estación de Vadollano
38.1350	-1.0147	03099	Los López
38.1353	-3.1809	23095	Herrera
38.1357	-1.3245	30042	Villanueva de Río Segura
38.1373	-2.3858	02055	Pedro Andrés
38.1393	-2.9329	23097	Cañada de la Madera
38.1400	-0.7709	03064	Dolores
38.1405	-1.3301	30040	Ulea
38.1405	-1.7688	30017	Canara
38.1409	-6.6892	06067	Higuera la Real
38.1413	-0.9621	03025	Benferri
38.1415	-3.6352	23055	La Cruz
38.1416	-0.8874	03058	Cox
38.1421	-1.4523	30034	La Bermeja
38.1423	-1.0002	03099	La Parroquia de Matanza
38.1429	-3.3559	23092	Torrihuela
38.1432	-1.0154	03099	Las Siete Casas
38.1447	-1.7471	30017	Campillo de los Jiménez
38.1462	-0.6460	03065	La Marina
38.1464	-2.6232	23904	Poyotello
38.1470	-1.3426	30031	Ojós
38.1475	-2.3020	02055	Nerpio
38.1475	-6.5595	06021	Bodonal de la Sierra
38.1484	-2.7948	23904	Solana de Padilla
38.1491	-2.7035	23904	Montalvo
38.1499	-2.6917	23904	La Ballestera
38.1500	-2.4833		Tobos
38.1500	-5.7500	41048	Santa Marina
38.1500	-6.2000	06086	Montemolín
38.1500	-5.3500	14029	Los Morenos
38.1500	-3.9333	23005	Los Majuelos
38.1500	-1.0167	03099	Los Barrios
38.1500	-5.3500	14029	La Cardenchosa
38.1500	-6.2500	06086	Garrapito
38.1500	-5.9000	06053	Fuente del Arco
38.1500	-0.8333	03049	Barrio Viejo de Callosa de Segura
38.1515	-0.7971	03055	La Erica
38.1516	-0.8917	03074	Granja de Rocamora
38.1518	-0.8308	03055	Los Dolores
38.1534	-1.3656	30034	Ricote
38.1571	-3.0324	23048	Iznatoraf
38.1590	-1.6538	30017	El Olivar
38.1597	-1.4468	30034	Vite
38.1603	-2.7303	23904	La Agracea
38.1605	-1.2052	30027	Fenazar
38.1606	-0.8021	03055	Catral
38.1611	-0.8013	03055	Catral
38.1617	-1.9508	30028	Benamor de Abajo
38.1625	-2.1911	30028	Arroyo Blanco
38.1630	-2.6919	23904	Los Goldines
38.1631	-0.8115	03059	Casicas
38.1633	-3.9924	23005	El Encinarejo
38.1639	-2.4773	23904	Vites
38.1661	-1.4145	30034	Cuesta Alta
38.1664	-0.4821	03014	Isla Plana
38.1667	-0.7833	03055	Santa Águeda
38.1667	-1.0167	30001	Mafraque
38.1667	-1.9833	30028	La Pava
38.1667	-5.8833	06053	La Estación
38.1667	-0.8333	03904	La Estación
38.1667	-2.9000	23097	Chincolla
38.1667	-0.9333	03099	Casas de los Díaz
38.1667	-6.4167	06124	Ardila
38.1677	-3.1190	23048	Santa Marina
38.1677	-3.6464	23039	Collado del Lobo
38.1679	-3.4450	23008	Arquillos el Viejo
38.1684	-3.0074	23097	Villanueva del Arzobispo
38.1685	-1.4924	30034	Las Ventanas
38.1689	-6.6359	06050	La Estación
38.1691	-2.4236	02055	Los Morenos
38.1692	-6.6537	06050	Fregenal de la Sierra
38.1709	-1.6548	30013	Casas Coloradas
38.1716	-1.4702	30034	Collado de Gil
38.1717	-1.3886	30034	Cañada de Gil
38.1725	-0.8387	03904	San Isidro
38.1738	-3.7748	23011	Baños de la Encina
38.1739	-0.9647	03099	Los Vicentes
38.1749	-2.6355	23043	Tovilla
38.1759	-0.9383	03099	Los Pérez
38.1759	-2.7945	23904	El Tranco
38.1765	-2.6837	23043	La Hoya del Cambrón
38.1773	-5.4663	14029	Piconcillo
38.1774	-0.9698	03099	La Murada
38.1776	-0.7973	03059	San Felipe de Neri
38.1790	-0.8706	03005	Albatera
38.1791	-1.3747	30011	Blanca
38.1793	-2.1707	30028	Calar de la Santa
38.1809	-6.7104	06067	Cabra
38.1814	-4.0404	23005	Virgen de la Cabeza
38.1814	-1.1259	30020	Fortuna
38.1815	-3.4283	23008	Arquillos
38.1816	-2.6231	23081	Cabeza Gorda
38.1828	-3.6870	23039	Guarromán
38.1828	-1.7238	30017	Valentín
38.1833	-6.0000	06134	Trasierra
38.1833	-5.9500	06110	Reina
38.1833	-5.2833	14029	Posadilla
38.1833	-5.3500	14029	Ojuelos Altos
38.1833	-2.3167		Navas de San Juan
38.1833	-3.1667	23079	Mogino
38.1833	-3.0333	23097	Minillas
38.1833	-5.3333	14029	Los Pánchez
38.1833	-1.9667	30028	Los Charcos
38.1833	-6.1500	06086	Gallicanta
38.1833	-2.2500	02055	El Peñón
38.1833	-5.3333	14029	El Alcornocal
38.1833	-3.2000	23079	Aldeílla
38.1834	-3.6741	23039	Adelfar
38.1838	-2.5650	23904	La Toba
38.1838	-3.3160	23063	Navas de San Juan
38.1865	-2.7279	23043	Hornos el Viejo
38.1883	-2.4976	23904	Marchena
38.1889	-2.5550	23904	Casicas del Río Segura
38.1890	-3.1351	23025	Benatae
38.1893	-1.8918	30028	Moratalla
38.1902	-3.5461	23094	Cabrerizas
38.1917	-0.5658	03121	Santa Pola
38.1922	-3.6528	23039	Martín Malo
38.1922	-2.3059	02055	Casa de la Cabeza
38.1945	-3.6704	23039	Los Ríos
38.1950	-0.7123	03065	Derramador
38.1969	-2.0653	30028	La Risca
38.1998	-1.2952	30011	Los Cabañiles
38.2000	-5.1500	14071	Villanueva del Rey
38.2000	-5.3000	14029	Navalcuervo
38.2000	-0.9833	03099	Los Carrillos
38.2000	-2.9167	23097	La Herrera
38.2000	-5.0167	14026	Espiel
38.2000	-6.0333	06074	El Barrilejo
38.2000	-5.9667	06034	Casas de Reina
38.2000	-5.3833	14029	Cañada del Gamo
38.2000	-6.1333	06086	Baldío de la Grulla
38.2000	-5.4833	14029	Argallón
38.2000	-1.8471	30028	El Cobo
38.2015	-0.8126	03059	El Realengo
38.2039	-4.2791	23005	Venta del Charco
38.2041	-3.0596	23025	Fuente de la Torre
38.2043	-1.1146	30020	Los Baños
38.2054	-1.0415	30001	Abanilla
38.2055	-1.3991	30002	Abarán
38.2069	-3.5103	23094	Vilches
38.2070	-2.1546	30028	El Sabinar
38.2108	-2.9755	23097	Gútar
38.2111	-3.6285	23021	La Mesa
38.2112	-0.6600	03065	Asprillas
38.2115	-2.7564	23904	Cañada Morales
38.2125	-3.2399	23079	Poyato
38.2131	-3.1562	23079	El Llano de la Mata
38.2143	-3.6069	23021	El Acebuchar
38.2143	-0.6973	03065	Daimés
38.2144	-3.6684	23039	El Altico
38.2159	-6.7166	06070	El Carbajo
38.2167	-5.8167	06144	Valverde de Llerena
38.2167	-0.7500	03065	Matola
38.2167	-6.0667	06074	Los Molinos
38.2167	-0.7500	03065	La Algoda
38.2167	-3.1667	23079	Hoya
38.2167	-5.2667	14009	Doña Rama
38.2171	-2.7205	23043	Hornos
38.2174	-1.0573	30001	Mahoya
38.2175	-2.5324	23904	Las Gorgollitas
38.2189	-2.8013	23012	Fuente Pinilla
38.2190	-2.9807	23084	Campiña
38.2192	-2.7546	23904	Guadabraz
38.2206	-0.9714	03099	Los Vives
38.2208	-2.6665	23043	La Garganta
38.2214	-3.5917	23024	Fernandina
38.2215	-2.4738	23904	Miller
38.2218	-3.9712	23005	La Lancha
38.2233	-2.1093	30028	Los Cantos
38.2234	-3.4163	23008	El Porrosillo
38.2240	-2.7520	23904	El Majal
38.2244	-3.2271	23079	Rubiales
38.2246	-2.5829	23904	Los Anchos
38.2250	-0.7862	03059	Barrio De La Estacion De Crevillente
38.2262	-3.2583	23079	Chaparral
38.2262	-1.5639	30019	Casas de los Losares
38.2266	-2.7494	23043	El Tovar
38.2280	-1.5039	30019	La Torre
38.2296	-3.6314	23021	Carboneros
38.2300	-1.6999	30013	Calasparra
38.2313	-1.1366	30020	Caprés
38.2320	-1.0380	30001	El Partidor
38.2329	-2.7361	23043	Polvillar
38.2333	-0.6000	03065	Valverde Bajo
38.2333	-7.0000	06093	Pozo Campo
38.2333	-6.0167	06074	Llerena
38.2333	-1.0000	30001	La Umbría
38.2333	-5.5500	06014	La Cardenchosa
38.2333	-3.4500	23094	Hortalanca
38.2333	-2.4333	02086	Gontar
38.2333	-5.2833	14009	El Hoyo
38.2333	-6.9333	06093	Buenavista
38.2333	-3.7167	23011	Araceli
38.2346	-2.9933	23012	Guadahornillos
38.2352	-2.3270	02055	Yetas de Abajo
38.2368	-1.4728	30019	Ginete
38.2372	-2.5072	23904	Peguera del Madroño
38.2378	-0.5931	03065	Valverde Alto
38.2380	-1.0639	30001	El Salado
38.2381	-1.5532	30019	Los Almadenes
38.2386	-1.3367	30002	Hoya del Campo
38.2399	-2.7088	23043	Payer
38.2400	-1.4199	30019	Cieza
38.2402	-1.5135	30019	Horno
38.2406	-3.0536	23084	Sorihuela del Guadalimar
38.2407	-1.8516	30028	Los Granadicos
38.2407	-3.5805	23024	Isabela
38.2416	-2.9436	23012	El Conde
38.2417	-1.0389	30001	El Tollé
38.2424	-7.1197	06140	Valencia del Mombuey
38.2427	-1.0841	30001	Campules
38.2449	-0.5641	03065	Balsares
38.2457	-1.4808	30019	Los Charcos
38.2473	-2.7267	23081	Cortijos Nuevos
38.2483	-3.2076	23079	Santisteban del Puerto
38.2485	-2.5983	23081	Peña Rubia
38.2492	-2.3011	02055	Beg
38.2493	-1.1840	30020	La Garapacha
38.2499	-0.8097	03059	Crevillente
38.2500	-6.5500	06050	Los Tocinillos
38.2500	-6.0833	06074	Las Cardosas
38.2500	-5.5000	14029	La Coronada
38.2500	-1.1500	30020	Hoya Hermosa
38.2500	-6.3000	06052	Fuente de Cantos
38.2500	-1.1667	30020	Fuente Blanca
38.2500	-3.1667	23079	Floristal
38.2500	-6.1000	06074	Cantalgallo
38.2523	-6.7941	06070	La Mariana
38.2524	-2.8887	23012	Beas de Segura
38.2524	-2.0231	30028	Charán
38.2542	-3.1318	23025	Castellar de Santisteban
38.2576	-2.7012	23081	El Ojuelo
38.2579	-2.8355	23012	Cuevas de Ambrosio
38.2593	-1.0021	30001	El Chicamo
38.2622	-0.7011	03065	Elche
38.2623	-1.9080	30028	El Campanero
38.2637	-1.8886	30028	Arrayán
38.2646	-1.0198	30001	Macisvenda
38.2667	-3.2000	23079	Venta
38.2667	-6.4667	06141	Valencia del Ventoso
38.2667	-6.0333	06074	Santa Elena
38.2667	-2.8167	23012	Prados de Armijo
38.2667	-2.0167	30028	Otos
38.2667	-2.2500	02086	Los Belmontes
38.2667	-5.4167	14029	Fuente Obejuna
38.2667	-5.9500	06074	El Pedrosillo
38.2667	-6.5000	06141	Doña Elvira
38.2667	-5.2000	14009	Bélmez
38.2667	-1.1000	30001	Balonga
38.2667	-5.6833	06014	Azuaga
38.2667	-5.8500	06003	Ahillones
38.2699	-1.9840	30028	Benizar
38.2701	-1.0577	30001	Barinas
38.2702	-4.3236	14016	Cardeña
38.2728	-1.9817	30028	La Tercia
38.2730	-0.5397	03065	El Altet
38.2739	-0.9294	03078	Hondón de los Frailes
38.2740	-3.0457	23029	El Campillo
38.2747	-1.8450	30028	Las Murtas
38.2754	-2.7765	23012	Cañada Catena
38.2754	-3.0044	23029	Camporredondo
38.2756	-3.6153	23021	La Carolina
38.2760	-6.9187	06093	Oliva de la Frontera
38.2762	-0.9628	03099	Barbarroja
38.2791	-1.4187	30019	Ascoy
38.2794	-0.9726	30001	Casa Moñino
38.2799	-0.9134	03078	Casas de Galiana
38.2827	-2.0588	30028	Mazuza
38.2833	-1.1500	30020	Peña de la Zafra de Arriba
38.2833	-1.1500	30020	Peña de la Zafra de Abajo
38.2833	-3.6833	23011	Los Guindos
38.2833	-3.0500	23029	Las Erillas
38.2833	-3.0667	23029	Charcón
38.2833	-3.0833	23029	Capilla
38.2833	-5.8167	06019	Berlanga
38.2835	-1.7869	30028	Casas de Architana
38.2859	-2.6652	23081	El Batán
38.2864	-3.5867	23024	Navas de Tolosa
38.2898	-1.3883	30019	Caserío Carrasquilla
38.2931	-0.5882	03065	Torrellano
38.2943	-2.9319	23905	Venta Cabrera
38.2952	-1.1461	30020	Las Casicas
38.2953	-0.6212	03065	Parque Industrial de Elche
38.2958	-2.2947	02086	Sege
38.2978	-2.6523	23081	Segura de la Sierra
38.2979	-2.3465	02086	Graya
38.2979	-1.2665	30002	El Boquerón
38.2992	-1.2977	30002	Casablanca
38.3000	-6.0833	06150	Villagarcía de la Torre
38.3000	-3.1500	23025	Veguillas
38.3000	-0.6167	03065	Santa Ana
38.3000	-5.2667	14052	Peñarroya-Pueblonuevo
38.3000	-0.6333	03065	Las Saladas
38.3000	-3.6000	23024	La Rosa
38.3000	-5.8833	06019	El Rosal
38.3000	-5.0167	14070	El Águila
38.3000	-6.3167	06027	Calzadilla de Los Barros
38.3000	-6.2000	06020	Bienvenida
38.3000	-0.7667	03019	Azafá
38.3014	-0.9827	30001	El Cantón
38.3028	-6.6801	06070	Los Bolsicos
38.3033	-2.9842	23029	Cerro Molino
38.3035	-2.4453	02086	Alcantarilla
38.3050	-1.9093	02072	Tazona
38.3051	-0.9352	03078	La Canalosa
38.3062	-1.7887	30028	El Chopillo
38.3075	-1.8688	30028	Las Cobatillas
38.3082	-3.6564	23024	Vista Alegre
38.3084	-0.8533	03077	Hondón de las Nieves
38.3088	-2.6001	23065	Los Arroyos
38.3091	-2.3902	02086	Paúles
38.3119	-3.0422	23029	Chiclana de Segura
38.3120	-1.9006	02072	Los Olmos
38.3142	-2.7266	23065	Valdemarín
38.3147	-3.5701	23076	Venta Nueva
38.3147	-2.6961	23065	El Aguadero
38.3157	-2.7104	23065	La Torre
38.3167	-0.6833	03065	Vallongas
38.3167	-0.7833	03019	Uchell-Nia
38.3167	-0.8000	03019	Tolomó
38.3167	-5.2833	14052	Peñarroya
38.3167	-0.8167	03019	Ofra
38.3167	-0.7833	03019	Mayorazgo
38.3167	-0.9167	03077	La Solana
38.3167	-5.5833	06059	Granja de Torrehermosa
38.3174	-2.6649	23065	Orcera
38.3176	-1.0552	30001	La Cañada de la Leña
38.3185	-1.1464	30022	La Zarza
38.3187	-3.2283	23079	Reculo
38.3191	-2.6210	23065	Linarejos
38.3199	-0.5584	03065	Bacarot
38.3206	-6.7726	06070	Jerez de los Caballeros
38.3207	-2.8949	23905	Arroyo del Ojanco
38.3228	-4.6287	14069	Villanueva de Córdoba
38.3246	-2.7978	23071	Peñolite
38.3261	-4.3282	14016	Azuel
38.3262	-2.2094	02042	Tobar
38.3270	-1.8822	02072	Cañada Buendía
38.3271	-6.5365	06142	Valverde de Burguillos
38.3289	-6.8732	06070	Alcobaza
38.3290	-3.1269	23062	Aldeahermosa
38.3290	-3.5804	23076	La Aliseda
38.3303	-2.2185	02086	Caserío Claras
38.3314	-6.9553	06159	Zahinos
38.3323	-1.9849	02072	Socovos
38.3326	-3.5008	23076	Estación de Santa Elena
38.3333	-0.6000	03014	Vallonga
38.3333	-6.4000	06081	Medina de las Torres
38.3333	-6.1500	06136	Los Matorrales
38.3333	-6.1833	06136	La Estación
38.3333	-6.6167	06022	Cumbres
38.3333	-6.4667	06013	Atalaya
38.3351	-1.6952	30028	Salmerón
38.3353	-2.4289	02086	Arguellite
38.3365	-0.5091	03014	Babel
38.3366	-1.6856	02037	Las Minas
38.3371	-3.7292	23011	El Centenillo
38.3380	-2.6084	23065	La Hueta
38.3391	-1.0043	03013	Algueña
38.3416	-3.5395	23076	Santa Elena
38.3423	-0.9120	03114	Umbría Alta
38.3425	-3.1040	23062	Montizón
38.3433	-1.8523	02072	Almirez
38.3445	-1.9086	02072	Casas del Arroyo
38.3451	-0.7672	03019	Aspe
38.3452	-0.4815	03014	Alicante
38.3454	-2.5861	23082	La Fresnedilla
38.3468	-0.9022	03114	La Boquera
38.3476	-1.0897	30022	Cañada del Trigo
38.3478	-1.0423	30001	La Solana
38.3492	-2.7116	23016	El Cardete
38.3493	-0.9573	03114	Solana Alta
38.3500	-6.1667	06136	Usagre
38.3500	-0.6167	03014	Rebolledo
38.3500	-5.0000	14070	Las Morras
38.3500	-2.0000	02031	Férez
38.3500	-0.7667	03019	Aljau
38.3506	-0.8709	03114	Umbría Baja
38.3525	-2.4394	02086	Cortijo Prados
38.3529	-2.7396	23065	La Puerta de Segura
38.3532	-2.6512	23016	Benatae
38.3533	-1.6792	02037	Maeso
38.3533	-1.8856	02072	El Cañar
38.3548	-0.9457	03114	Solana Baja
38.3554	-2.2694	02086	Tindavar
38.3554	-2.8032	23071	Puente de Génave
38.3561	-0.7916	03019	Horna
38.3582	-2.6181	23016	Puente Honda
38.3584	-3.5784	23076	Miranda del Rey
38.3608	-6.7882	06148	Los Clementes
38.3615	-0.8973	03114	Las Cuevas
38.3625	-3.0734	23062	Venta de los Santos
38.3627	-0.8939	03114	Pomares
38.3627	-0.4256	03014	La Condomina
38.3641	-0.5956	03014	Font-Calent
38.3647	-6.5399	06022	Barreales
38.3648	-1.1132	30022	Torre del Rico
38.3650	-2.3823	02086	Fuentes
38.3655	-1.0476	03105	El Rodriguillo
38.3656	-2.0402	02042	Abejuela
38.3659	-1.9322	02031	La Rada
38.3659	-0.4629	03014	Vista Hermosa de la Cruz
38.3663	-2.1021	02042	Letur
38.3663	-0.8124	03093	Horna Alta
38.3664	-6.7886	06148	Valle de Santa Ana
38.3667	-5.8333	06076	Maguilla
38.3667	-6.0333	06139	Los Barrancos
38.3667	-0.9000	03114	La Romana
38.3667	-5.3500	14032	La Granjuela
38.3667	-5.0000	14070	Estación del Soldado
38.3667	-6.6667	06070	El Guijo
38.3667	-1.8167	02072	Casas del Río
38.3667	-1.6333	02037	Camarillas
38.3667	-0.6833	03088	Amoloig
38.3670	-6.7965	06148	La Concepción
38.3675	-0.8986	03114	La Romana
38.3677	-0.8424	03114	Collado
38.3679	-0.6931	03088	Garroferos
38.3685	-2.3176	02086	Yeste
38.3716	-0.9892	03105	Tresfuentes
38.3725	-5.9208	06065	Rubiales
38.3725	-0.4958	03014	Ciudad Jardín
38.3750	-5.9992	06065	Higuera de Llerena
38.3760	-7.1675	06154	Villanueva del Fresno
38.3772	-0.6894	03088	Orito
38.3789	-6.8037	06147	Valle de Matamoros
38.3791	-4.8483	14054	Pozoblanco
38.3791	-0.6269	03014	Alcoraya
38.3801	-6.5904	06022	Burguillos del Cerro
38.3803	-0.7285	03088	Monforte del Cid
38.3832	-2.6854	23016	Cañada de Maiblasco
38.3833	-5.0000	14070	Villanueva del Duque
38.3833	-6.4667	06008	Santo Domingo
38.3833	-6.2500	06136	Matanegra
38.3833	-0.7167	03088	Las Norias
38.3833	-6.4667	06008	Huertas del Concejo
38.3833	-0.8833	03089	Falcones
38.3833	-0.9167	03089	Alforins
38.3833	-4.9667	14003	Alcaracejos
38.3833	-6.0000	06065	Agua del Pilar
38.3837	-2.3309	02086	Boche
38.3848	-0.7677	03093	Novelda
38.3863	-0.4998	03014	urbanización Haygón
38.3877	-0.4906	03014	Villafranqueza
38.3878	-0.5325	03014	Los Montoyos
38.3886	-0.9191	03089	Cavafría
38.3889	-2.3729	02086	Moropeche
38.3895	-0.4429	03014	Santa Faz
38.3898	-2.5819	23082	Siles
38.3906	-2.2835	02086	Jartos
38.3922	-0.9898	03105	Las Encebras
38.3935	-0.4325	03050	Benimagrell
38.3964	-0.5255	03014	San Vicent del Raspeig
38.3971	-0.5831	03052	Cañada
38.3998	-2.6946	23091	La Tala
38.4000	-5.3500	14064	Valsequillo
38.4000	-6.4000	06108	Puebla de Sancho Pérez
38.4000	-0.7833	03093	Mola
38.4000	-2.7167	23091	Los Barrancos
38.4000	-0.4000	03050	La Venteta
38.4000	-0.7333	03088	La Serreta
38.4000	-4.5000	14020	Conquista
38.4000	-0.5500	03122	Calandari
38.4000	-5.4333	14011	Blázquez
38.4000	-6.4667	06008	Alconera
38.4014	-1.8299	02072	La Alcantarilla
38.4015	-0.4362	03119	Sant Joan d'Alacant
38.4016	-1.0420	03105	Pinoso
38.4018	-1.2237	30022	Casas del Conejo
38.4048	-2.1068	02042	Almazarán
38.4049	-1.0816	03105	Casas de Ibáñez
38.4052	-6.0040	06139	Valencia de las Torres
38.4054	-0.9533	03089	Casas del Señor
38.4056	-0.7753	03093	Estación
38.4058	-0.5871	03014	Verdegás
38.4060	-4.3049	13042	Fuencaliente
38.4079	-0.4719	03014	Tángel
38.4083	-2.3095	02086	Rala
38.4085	-3.9202	13055	El Hoyo
38.4097	-2.3463	02086	Majada Carrasca
38.4121	-3.3714	23004	Aldeaquemada
38.4123	-2.2066	02030	Peralta
38.4128	-2.0104	02030	Gallego
38.4135	-2.7064	23091	Fuenfría
38.4155	-2.6778	23091	Torres de Albanchez
38.4158	-0.4453	03090	Mutxamel
38.4163	-0.9614	03089	El Xinorlet
38.4166	-3.4969	13016	Venta de Cárdenas
38.4167	-0.8667	03089	Zafra
38.4167	-2.2500	02086	Morote
38.4167	-6.4833	06008	Los Barciales
38.4167	-6.4000	06158	Las Noritas
38.4167	-5.0333	14028	Fuente la Lancha
38.4167	-6.2500	06136	Coto de Murillo
38.4167	-5.7000	06014	Cortijo de Arriba
38.4167	-5.8833	06139	Cornicabra
38.4167	-6.4333	06158	Buen Suceso
38.4167	-0.4500	03090	Barrio Peñacerrada
38.4167	-2.5333	02067	Arroyofrío
38.4167	-4.9000	14006	Añora
38.4188	-0.6980	03088	Pozoblanco
38.4205	-1.5714	02037	Cancarix
38.4211	-2.5810	23082	Cañada del Señor
38.4217	-0.9940	03105	Culebrón
38.4219	-1.6375	02037	Agramón
38.4231	-2.2839	02086	Llano de la Torre
38.4231	-2.5589		Parrizón
38.4239	-0.5779	03014	Moralet
38.4254	-6.4173	06158	Zafra
38.4254	-1.7837	02037	Monte Grajas
38.4257	-0.6570	03002	Sol del Campo
38.4258	-0.6751	03002	Escandella
38.4263	-2.1838	02030	Peñarrubia
38.4265	-2.0157	02030	Vicorto
38.4267	-6.5378	06022	Sierra Gorda
38.4271	-2.5673		Campillo
38.4279	-0.9291	03089	Mañar
38.4284	-2.3692	02086	Raspilla
38.4285	-4.7633	14051	Pedroche
38.4288	-0.3977	03050	El Campello
38.4300	-2.2194	02030	Horno Ciego
38.4306	-2.7331	23037	Génave
38.4312	-2.5055	02028	Cotillas
38.4318	-0.9421	03089	Derramador
38.4325	-2.0355	02030	Villares
38.4332	-3.9621	13055	Solanilla del Tamaral
38.4333	-6.6500	06022	Montes
38.4333	-0.8167	03089	Molinos
38.4333	-5.8500	06029	Los Montes
38.4333	-6.4000	06158	Huerta Plata
38.4333	-2.2500	02049	El Estrecho
38.4333	-6.4333	06158	Cabrahiga
38.4347	-1.3472	30022	La traviesa
38.4381	-0.8406	03093	Monóvar
38.4391	-0.9185	03089	Hondón
38.4400	-0.6384	03002	Agost
38.4404	-1.0894	30043	Raspay
38.4429	-1.8432	02037	Cobatillas
38.4441	-0.8078	03066	La Jaud
38.4450	-1.0514	03105	Paredón
38.4459	-0.9823	03105	Úbeda
38.4464	-2.1513	02030	Picarzos
38.4466	-2.6725	23091	Fuente Carrasca
38.4470	-6.9752	06066	Higuera de Vargas
38.4486	-2.6245	23091	Los Maridos
38.4491	-1.0221	03105	Lel
38.4500	-4.9833	14072	Villaralto
38.4500	-2.3500	02086	Quebradas
38.4500	-5.7167	06014	Porras
38.4500	-6.3833	06122	Los Santos de Maimona
38.4500	-6.0500	06073	Llera
38.4500	-6.5167	06071	La Lapa
38.4500	-6.1167	06136	Encinares
38.4500	-4.9000	14023	Dos Torres
38.4509	-0.9438	03089	Cañada Roja
38.4512	-2.0476	02030	Elche de la Sierra
38.4524	-1.8983	02044	La Matanza
38.4533	-2.3287	02049	Los Collados
38.4541	-1.6123	02037	La Horca
38.4545	-1.2140	30022	El Carche
38.4552	-2.5178	02084	Villaverde de Guadalimar
38.4561	-2.2346	02049	Las Hermanas
38.4572	-2.6068	23101	Onsares
38.4575	-2.6498	23101	La Solana
38.4590	-0.7838	03066	Almafrá
38.4633	-2.1920	02030	Puerto del Pino
38.4649	-1.0883	30043	Quitapellejos
38.4664	-7.0141	06007	Pedro Martín
38.4667	-2.4667	02084	Venta de Mendoza
38.4667	-4.6667	14062	Torrecampo
38.4667	-5.5667	06101	Peraleda de Zaucejo
38.4667	-1.0667	30043	Las Quebradas
38.4667	-0.8333	03066	Las Cañadas Altas
38.4667	-5.7500	06029	La Bóveda
38.4667	-2.8667	23065	Chozas
38.4667	-2.5333	02084	Bellotar
38.4671	-0.3289	03050	Cala d'Or
38.4672	-2.2394	02049	Molinicos
38.4672	-4.0752	13080	Solana del Pino
38.4681	-0.4374	03046	Urbanización Hoya de los patos
38.4682	-1.6136	02037	Minateda
38.4687	-1.2240	30022	Caserío Comisario
38.4700	-0.9730	03089	Cañadas de Don Ciro
38.4744	-0.4335	03046	Urbanización Pisnella
38.4756	-2.0602	02030	Derramadero
38.4768	-3.8260	13075	San Lorenzo de Calatrava
38.4778	-0.7916	03066	Elda
38.4779	-0.4459	03046	El Pla dels Pastors
38.4784	-0.4474	03046	El Pla dels Pastors
38.4792	-1.3250	30022	Jumilla
38.4796	-0.4262	03046	Urbanización Valle Dorado
38.4797	-2.2725	02049	Cañada de Morote
38.4801	-0.4217	03046	Urbanización El Carril
38.4816	-1.0852	30043	Hoya del Mollidar
38.4821	-0.4192	03046	Busot
38.4825	-2.4145	02067	La Casa de la Noguera
38.4826	-0.3422	03050	Caserío Cañada
38.4829	-0.7755	03104	Petrel
38.4833	-2.6000	23101	Villarrodrigo
38.4833	-6.1833	06068	Hinojosa del Valle
38.4833	-4.9500	14023	El Viso
38.4833	-6.2500	06122	El Moral
38.4833	-1.1333	30043	Carche
38.4838	-0.4175	03046	Pueblo de Busot
38.4841	-2.2851	02049	El Pardal
38.4844	-1.7669	02037	Barrio de Quiles
38.4877	-0.5409	03083	Montnegre
38.4885	-2.3512	02049	Mesones
38.4890	-2.3983	02067	El Laminador
38.4909	-1.7427	02037	Isso
38.4909	-6.6842	06117	Salvatierra de los Barros
38.4939	-2.1603	02030	Fuente del Taif
38.4949	-0.2701	03139	Montíboli
38.4954	-2.2260	02049	Pinilla
38.4954	-2.2436	02049	Fuente-Higuera
38.4958	-4.2944	13042	Ventillas
38.4964	-4.7831	14034	Guijo
38.4964	-2.3126	02049	El Quejigal
38.4964	-0.2595	03139	Platja del Paradís
38.4976	-0.5405	03083	Silim
38.5000	-1.6000	02037	Uchea
38.5000	-2.4500	02067	Riópar
38.5000	-2.4167	02067	Fábricas de San Juan de Alcaraz
38.5000	-0.7833	03104	El Monastil
38.5000	-2.3833	02067	El Lugar Nuevo
38.5000	-0.3500	03004	Aigües
38.5006	-5.1465	14035	Hinojosa del Duque
38.5011	-2.2040	02049	Fuente Carrasca
38.5019	-3.8206	13027	Huertezuelas
38.5020	-5.8314	06029	Campillo de Llerena
38.5035	-0.7385	03104	Pusa
38.5050	-0.8386	03066	Cámara
38.5073	-2.4405	02067	El Villar
38.5075	-6.6021	06134	Trasierra
38.5075	-0.2335	03139	Villajoyosa
38.5101	-2.4126	02067	El Gollizo
38.5101	-0.2437	03139	Plans
38.5102	-6.7863	06116	Salvaleón
38.5103	-2.2842	02049	Las Ánimas
38.5106	-1.7010	02037	Hellín
38.5115	-6.5642	06049	Feria
38.5121	-2.2817	02049	La Alfera
38.5123	-7.2818	06042	Cheles
38.5127	-1.9980	02044	El Jinete
38.5130	-2.2426	02049	Los Alejos
38.5132	-3.4978	13016	Almuradiel
38.5134	-4.4418	13015	El Horcajo
38.5140	-2.4571	02067	El Noguerón
38.5147	-6.8492	06016	Barcarrota
38.5153	-6.7462	06116	La Herrería
38.5165	-7.0716	06007	Alconchel
38.5167	-1.8500	02037	Talave
38.5167	-0.2333	03139	San Antonio
38.5167	-2.5500	02016	La Sierra
38.5167	-0.2333	03139	Era de Soler
38.5167	-0.8167	03123	Casas Chorrillo
38.5172	-2.6109	02016	Bienservida
38.5202	-0.9120	03116	Salinas
38.5212	-6.6226	06099	La Parra
38.5219	-2.3341	02049	Cañada del Provencio
38.5221	-3.5635	13098	Viso del Marqués
38.5221	-0.8194	03123	El Toyo
38.5224	-0.4879	03083	Polígon Industrial l'Espartal
38.5227	-1.3131	30022	La Alquería
38.5236	-0.2376	03139	La Ermita
38.5246	-0.4584	03083	l'Espartal
38.5266	-6.4478	06054	Fuente del Maestre
38.5271	-0.5076	03083	el Moratell
38.5277	-0.9900	03140	Colonia de la Sierra de Salinas
38.5281	-2.0842	02011	Casas del Jinete
38.5285	-0.7105	03104	Esquinal
38.5285	-2.1529	02011	El Pozuelo
38.5286	-7.0171	06129	Táliga
38.5304	-0.7608	03104	Caprala
38.5307	-0.5778	03129	Tibi
38.5309	-5.9251	06029	El Casar
38.5311	-0.1703	03139	La Cala
38.5319	-6.3473	06149	San Isidro
38.5333	-0.5062	03083	Barri de Segorb
38.5333	-1.4000	30022	Término de Arriba
38.5333	-5.7333	06029	Santa María
38.5333	-2.5667	02016	Cortijos del Río de Casa
38.5364	-0.1031	03031	Racó de l'Oix
38.5366	-0.4977	03083	l'Almarx
38.5373	-0.8178	03123	Sax
38.5375	-0.6070	03129	Torrosella
38.5382	-0.1310	03031	Benidorm
38.5393	-3.2757	13033	Castellar de Santiago
38.5396	-2.4097	02058	Las Espineras del León
38.5409	-0.5026	03014	Xixona
38.5420	-0.5021	03083	Barri de l'Almarx
38.5421	-1.2916	30022	Fuente del Pino
38.5427	-1.9537	02044	Liétor
38.5429	-2.0215	02044	Hijar
38.5429	-2.5353	02070	El Ojuelo
38.5441	-6.9284	06016	Monterroso
38.5454	-2.3246	02049	Vegallera
38.5457	-6.6531	06089	La Morera
38.5464	-2.9973	13090	Villamanrique
38.5468	-2.5031	02076	Zapateros
38.5469	-0.9510	03140	La Hoya Hermosa
38.5483	-2.0378	02044	Alcadina
38.5486	-0.1062	03031	l'Armanella
38.5490	-2.1170	02011	Las Hoyas
38.5495	-0.1208	03031	Polideportivo Benidorm
38.5500	-0.4512	03083	Abió
38.5500	-0.7833	03123	El Puntal
38.5500	-1.0833	30043	Cerricos del Hondo del Campo
38.5500	-0.3667	03112	Caserío Fuente Higuera
38.5500	-0.3667	03112	Casa Balde
38.5500	-2.0833	02011	Ayna
38.5502	-6.5746	06099	Campo de la Parra
38.5502	-2.1211	02011	Royo-Odrea
38.5507	-2.2738	02017	Las Yeguarizas
38.5513	-0.1185	03031	el Salt de l'Aigua
38.5515	-1.0312	30043	Carrascalejo
38.5518	-6.2377	06113	Ribera del Fresno
38.5526	-1.1178	30043	Pinillos
38.5534	-0.4236	03083	Cabeçó
38.5543	-6.0683	06069	Hornachos
38.5545	-0.8728	03140	Cabreras
38.5565	-2.3788	02058	El Encebrico
38.5575	-6.8457	06010	El Convento
38.5579	-0.5059	03083	Alècua
38.5580	-0.0990	03031	l'Ermita de Sanç
38.5607	-1.6588	02074	Sierra
38.5612	-1.5869	02074	Mora de Santa Quiteria
38.5614	-6.3381	06149	Villafranca de los Barros
38.5617	-6.3111	06149	Guaridas
38.5619	-0.5026	03083	Sot
38.5628	-0.5103	03083	Nutxes
38.5640	-0.2630	03098	Orcheta
38.5649	-4.6771	13015	San Benito
38.5667	-5.3167	14008	Zújar
38.5667	-0.2833	03112	Hoyas de Orcheta
38.5667	-0.6167	03053	Caserío El Campello
38.5674	-0.2124	03069	Finestrat
38.5674	-0.8491	03123	Colonia de Santa Eulalia
38.5677	-2.9261	13069	Puebla del Príncipe
38.5677	-1.6342	02074	Cordovilla
38.5684	-0.9256	03140	El Rincón del Moro
38.5692	-2.5718	02080	Fuente del Espino
38.5703	-6.1958	06106	Puebla del Prior
38.5706	-1.5221	02004	Albatana
38.5709	-1.5997	02074	Santiago de Mora
38.5717	-0.0688	03011	L'Albir
38.5723	-2.4033	02058	Cortijo de Tortas
38.5729	-2.3292	02058	Batán del Puerto
38.5731	-0.9418	03140	Las Ventas
38.5731	-2.5038	02076	Las Parideras
38.5732	-0.5209	03083	la Penya Redona
38.5735	-2.1710	02017	Potiche
38.5736	-0.4342	03083	Serratella
38.5750	-2.6338	02080	Villapalacios
38.5754	-0.8603	03140	El Carrizal
38.5757	-5.1665	14008	Belalcázar
38.5762	-4.0710	13055	Mestanza
38.5768	-0.9004	03140	El Hondó de Carboneras
38.5768	-6.8623	06010	Valmojado
38.5772	-6.7685	06092	Valdehierro
38.5772	-2.0456	02011	Cortijo de la Sarguilla
38.5772	-5.8392	06112	Retamal
38.5778	-2.4515	02008	El Escorial
38.5795	-2.2676	02017	La Fuente del Arenal
38.5806	-0.1032	03011	l'Alfàs del Pi
38.5810	-1.0544	30043	Rabosera
38.5814	-1.0411	30043	Llano
38.5814	-2.2129	02017	Bogarra
38.5815	-2.3185	02058	Ríomadera
38.5826	-1.1105	30043	Los Quiñones
38.5831	-1.8577	02044	Casa Colorada
38.5833	-3.8333	13066	Pozuelo de Calatrava
38.5833	-0.0833	03011	Foyes Blanques
38.5833	-2.4333	02008	Chaparros
38.5833	-0.6167	03053	Caserío Los Alfasos
38.5833	-0.6167	03053	Casas Cabañes
38.5841	-2.0886	02011	La Dehesa
38.5842	-3.0599	13084	Torre de Juan Abad
38.5849	-0.3586	03112	Bortolons
38.5862	-1.7437	02074	Polope
38.5863	-6.7490	06092	Nogales
38.5872	-0.3116	03112	Relleu
38.5885	-0.7563	03043	La Argueña
38.5888	-5.4457	06087	Monterrubio de la Serena
38.5910	-0.1135	03011	Carbonera
38.5921	-1.6919	02074	Tobarra
38.5929	-1.6342	02074	Albojarico
38.5930	-2.5504	02070	Salobre
38.5944	-1.8032	02037	Rincón del Moro
38.5944	-2.0236	02011	Villarejo
38.5950	-2.1207	02011	El Griego
38.5969	-0.6721	03053	Castalla
38.5975	-2.3442	02058	Paterna del Madera
38.5988	-0.0515	03018	Altea
38.5989	-0.4657	03083	Bugaia de Dalt
38.6000	-4.9000	14061	Santa Eufemia
38.6000	-6.3500	06149	Matilla
38.6000	-5.9333	06069	Los Gallegos y Herreras
38.6005	-1.7178	02074	Abenuj
38.6015	-0.0512	03018	Llano del Castillo
38.6036	-2.2649	02017	Las Mohedas
38.6036	-2.2828	02058	Casarrosa
38.6043	-5.5316	06087	Pimienta
38.6051	-1.5825	02074	Villegas
38.6064	-0.4186	03083	La Torre de les Maçanes
38.6074	-1.6383	02074	Aljube
38.6082	-0.0955	03094	Cautivador
38.6089	-0.3730	03132	Teix
38.6092	-3.8760	13094	La Alameda
38.6092	-0.9082	03140	Casas de Jordán
38.6093	-0.2731	03124	Sella
38.6106	-2.8422	13081	Terrinches
38.6110	-0.6637	03096	La Cadolla
38.6112	-2.0486	02011	La Noguera
38.6128	-0.0375	03018	Capnegret
38.6129	-0.8485	03140	Galeno
38.6129	-6.5091	06152	Villalba de los Barros
38.6134	-2.2167	02017	Las Casas de Haches
38.6136	-1.1147	30043	Yecla
38.6137	-0.1269	03094	la Nucia
38.6142	-6.8210	06010	Almendral
38.6142	-6.6280	06121	Santa Marta
38.6145	-4.1398	13048	Hinojosas de Calatrava
38.6151	-4.1845	13026	Cabezarrubias del Puerto
38.6151	-1.4972	02056	Ontur
38.6163	-0.0326	03018	l'Olla
38.6167	-1.7000	02074	Raso
38.6167	-0.0500	03018	Partidor
38.6167	-0.3333	03112	Palanquetas
38.6167	-6.9500	06015	Los Fresnos
38.6167	-0.3000	03124	La Rapella
38.6167	-0.5500	03079	La Canal
38.6167	-2.7000	02008	Guadalmena
38.6167	-0.9833	03140	El Patojo
38.6169	-0.6921	03096	Mosén Juan
38.6180	-2.0056	02044	Moriscote
38.6182	-1.1355	30043	Rasillo
38.6189	-2.8078	13004	Albaladejo
38.6191	-6.7958	06131	Torre de Miguel Sesmero
38.6193	-0.8784	03140	San Juan
38.6193	-1.7843	02074	La Herrera
38.6197	-2.3191	02058	La Casa Nueva
38.6198	-2.0720	02011	La Navazuela
38.6213	-2.5684	02070	Reolid
38.6215	-0.4036	03132	Alcoyes
38.6217	-3.9090	13094	Villanueva de San Carlos
38.6218	-0.4295	03132	Masets
38.6225	-2.4338	02008	La Mesta
38.6226	-0.1309	03107	Polop
38.6229	-2.0289	02006	La Herrería
38.6230	-6.6088	06121	Los Llanos
38.6245	-2.9538	13014	Almedina
38.6253	-0.5723	03079	Ibi
38.6261	-0.6731	03096	Onil
38.6264	-2.1598	02017	Cañadas de Haches de Abajo
38.6265	-2.2585	02017	El Prado del Caño
38.6268	-0.9314	03140	Las Virtudes
38.6270	-3.8661	13094	Belvis
38.6271	-7.0893	06095	Santo Domingo
38.6286	-5.8837	06094	Cuarteles de la Osa
38.6290	-0.9590	03140	Cabezo de la Virgen
38.6304	-2.2546	02008	La Dehesa del Val
38.6312	-0.7646	03043	Biar
38.6316	-1.9676	02044	Casa Blanca
38.6319	-0.0152	03018	Altea Hills
38.6322	-2.1669	02017	Cañadas de Haches de Arriba
38.6326	-1.5035	02056	La Florida
38.6328	-0.8197	03140	La Solana
38.6329	-0.2771	03124	Tagarina
38.6332	-2.5004	02076	Vianos
38.6333	-7.1573	06095	San Benito de la Contienda
38.6333	-0.6667	03096	Caserío Les Eres
38.6333	-0.7500	03043	Casas San Nicolás
38.6333	-0.0167	03018	Altea la Vella
38.6335	-5.5658	06160	Puerto Hurraco
38.6350	-6.9686	06143	Dehesilla
38.6353	-2.2550	02017	Las Casas de Ramón
38.6354	-0.6496	03096	Favanella
38.6364	-4.3532	13015	La Veredilla
38.6372	0.0741	03047	Ifac
38.6373	-0.8657	03140	Villena
38.6373	0.0329	03047	la Canuta
38.6373	-1.9039	02044	Mullidar
38.6376	-2.8662	13076	Santa Cruz de los Cáñamos
38.6386	-2.2853	02058	Los Catalmerejos
38.6396	-3.3626	13085	Torrenueva
38.6398	-0.4661	03083	la Sarga
38.6412	-1.6059	02074	Las Chozas
38.6414	-6.9849	06143	Calderón
38.6422	-4.0139	13071	El Villar
38.6424	-3.4665	13077	Santa Cruz de Mudela
38.6429	-2.2312	02059	La Canaleja
38.6446	-4.5187	13015	La Bienvenida
38.6447	0.0445	03047	Calp
38.6450	-7.0580	06095	San Jorge
38.6452	-0.9736	03140	Casas de Matías
38.6462	-5.7413	06064	Higuera de la Serena
38.6463	-6.4864	06002	Aceuchal
38.6492	-1.9800	02006	Alcadozo
38.6497	-0.6796	03096	La Mata
38.6500	-6.4667	06002	Soledad
38.6500	-6.4833	06002	Santa Ana
38.6500	-6.7167	06092	Los Entrines
38.6500	-6.5000	06002	Jesús
38.6500	-0.1167	03048	Callosa d'En Sarrià
38.6500	-0.0500	03018	Bernia
38.6510	-5.6066	06047	Esparragosa de la Serena
38.6511	-1.7232	02074	Los Charcos
38.6513	-5.6606	06160	Zalamea de la Serena
38.6533	-2.0481	02006	Casa Sola
38.6540	-0.9269	03140	Los Saleros
38.6553	-6.1493	06104	El Madroño
38.6587	-4.2937	13024	Brazatortas
38.6602	-2.1819	02059	Fuenlabrada
38.6602	-4.3442	13015	Veredas
38.6608	-0.5910	03009	Polop Alto
38.6616	-0.9540	03140	La Lagunilla
38.6620	0.0881	03041	La Fustera
38.6622	-3.0720	13037	Cózar
38.6626	-0.3999	03032	Benifallim
38.6627	-2.2646	02059	Arteaga
38.6638	1.4003	07024	Es Cap de Barbaria
38.6644	-0.0198	03041	Pinos
38.6645	-6.1022	06104	Puebla de la Reina
38.6667	-0.4833	03009	Sambenet Alto
38.6667	0.0667	03047	Casas de Torrat
38.6667	-0.0333	03041	Bernia
38.6668	-2.4910	02008	Alcaraz
38.6679	-4.2282	13015	Retamar
38.6681	-1.8702	02063	Nava de Abajo
38.6681	-2.1659	02059	Burrueco
38.6683	1.5564	07024	La Virgen del Pilar
38.6706	-6.9804	06143	Valverde de Leganés
38.6713	-2.1264	02006	Fuente del Pino
38.6714	-6.8281	06010	Capela
38.6718	-0.9514	02025	Los Prados
38.6722	-2.4099	02059	Peñascosa
38.6729	-0.8316	03140	Cascante
38.6739	-0.8133	03052	Cañada
38.6739	-0.2292	03033	Benifató
38.6743	-1.3178	30043	Hoya de Muñoz
38.6743	-1.9175	02063	Nava de Arriba
38.6744	1.4914	07024	Migjorn
38.6745	-0.3294	03008	Alcolecha
38.6747	-5.6405	06078	Malpartida de la Serena
38.6747	-1.4569	02033	Los Chortales
38.6753	-0.1118	03045	Bolulla
38.6756	-6.3017	06004	Palacio Quemado
38.6768	-0.1991	03037	Guadalest
38.6770	-0.4298	03103	Regadío
38.6771	-0.2106	03037	Benimantell
38.6772	1.5163	07024	Es Caló
38.6773	-2.0196	02060	Fontanar de las Viñas
38.6775	-2.0633	02006	El Molinar
38.6777	-1.5260	02033	Casas de la Peña
38.6777	-0.5308	03009	Llacunes
38.6784	-4.7901	13003	Alamillo
38.6789	-2.1048	02006	Santa Ana
38.6793	0.0134	03041	Lleus
38.6795	-5.3979	06018	La Nava
38.6797	-2.1593	02022	El Puerto
38.6800	-0.3584	03103	Penáguila
38.6801	-2.6159	02062	Caserío Matallana
38.6807	-0.4299	03103	Torretes
38.6827	-7.1005	06095	Olivenza
38.6832	-6.4075	06011	Almendralejo
38.6833	-0.0167	03085	Marnes
38.6833	0.1833		Lleus
38.6833	0.1000	03041	Fanadix
38.6833	-0.4667	03009	El Molinar
38.6833	-0.8000	03051	Caserío Solana
38.6833	-0.8000	03051	Caserío El Portillo
38.6833	0.1333	03128	Casas Playas
38.6833	-0.5000	03009	Batoy
38.6835	-2.0489	02006	La Molata
38.6838	-1.2833	30043	Arabí
38.6843	-0.2163	03027	Beniardá
38.6845	-0.2689	03057	Confrides
38.6850	0.0735	03041	Pedramala
38.6851	-0.8757	03140	El Morrón
38.6852	-2.4456	02008	La Hoz
38.6860	-1.5695	02074	Hoya de Santa Ana
38.6860	1.4683	07024	Playa Migjorn
38.6871	-4.1073	13071	Puertollano
38.6873	-0.3280	03022	Ares
38.6877	-6.6397	06121	Cortijo Los Estévez
38.6878	-7.0018	06143	Pocacivera
38.6887	0.1348	03128	Moraira
38.6887	-2.3733	02059	Pesebre
38.6890	0.1422	03128	Rada de Moraira
38.6900	-0.7780	03043	el Camp de Mirra
38.6905	-0.3428	03022	Benasau
38.6910	-6.7092	06045	Entrín Alto
38.6912	-2.2370	02059	Batanes
38.6912	0.0952	03041	Urbanització Montemar
38.6917	-2.5031	02008	Solanilla
38.6917	-2.0258	02060	El Royo
38.6921	-1.4674	02033	Los Mainetes
38.6927	1.3913	07024	Cala Sahona
38.6928	-6.1349	06098	Palomas
38.6929	-1.4316	02033	Fuente-Álamo
38.6931	-1.3332	02051	El Morteruelo
38.6941	-0.1014	03127	Tárbena
38.6942	-0.2573	03057	Abdet
38.6944	-0.4938	03009	Riquer Bajo
38.6945	-5.2933	06023	Almorchón
38.6946	-2.6964	13092	Villanueva de la Fuente
38.6951	-0.6505	46072	Campo Barracas
38.6957	-2.3999	02059	Zorio
38.6972	-4.3328	13015	La Viñuela
38.6980	-2.8644	13057	Montiel
38.6984	-4.4257	13015	Valdeazogues
38.6987	0.0806	03041	Paratella
38.6988	-2.5319	02008	Canaleja
38.6991	-6.9814	06143	Los Llanos
38.6995	-2.0317	02060	La Fuensanta
38.6995	-2.1728	02022	Navalengua
38.6998	-0.5236	03009	Baradello Gelat
38.6999	-4.9262	13046	Los Pedroches
38.6999	-0.8904	03140	El Sochantre
38.7000	0.0500	03041	Serrallonga
38.7000	0.0333	03041	San Antonio
38.7000	-6.6500	06121	Las Yeguas
38.7000	-0.4833	03009	Huerta Mayor
38.7000	-0.7667	03023	Beneixama
38.7001	-5.4951	06018	Benquerencia de la Serena
38.7001	-0.3900	03035	Benilloba
38.7002	-2.6021	02062	Povedilla
38.7009	-0.4251	03056	Penella
38.7010	-0.5003	03009	Baradello de Moia/Moya
38.7019	-1.2020	30043	Ceja
38.7034	-3.7756	13027	La Calzada de Calatrava
38.7036	-2.0631	02060	El Valero
38.7053	-2.3441	02047	Cilleruelo
38.7054	-0.4743	03009	Alcoy
38.7057	1.4289	07024	Sant Francesc de Formentera
38.7058	-0.6784	46072	El Bovar
38.7059	-2.2265	02022	Montemayor
38.7068	-0.9872	02025	Caudete
38.7069	-0.5238	03009	Baradello "El Sargento"
38.7070	-0.7365	03023	El Salse
38.7071	0.0289	03041	Benimallunt
38.7076	1.4554	07024	Sant Ferran de ses Roques
38.7089	-0.4388	03056	Pueblo Nuevo de San Rafael
38.7094	-4.1791	13015	Almodóvar del Campo
38.7101	-5.7985	06146	Valle de la Serena
38.7149	0.0485	03041	Benissa
38.7167	-0.5333	46072	Mariola
38.7167	-0.4500	03056	Gormach
38.7167	-4.8167	13011	Estación de Alamillo
38.7167	-0.4500	03056	Cotes Bajo
38.7167	-6.5167	06126	Castillejos
38.7167	-0.6667	46072	Casas del Notari
38.7167	0.0667	03041	Canor
38.7167	0.0667	03041	Berdica
38.7167	-0.6500	03021	Banyeres de Mariola
38.7170	-1.3231	02051	Casa de Jaime
38.7171	-0.4511	03056	Masías de Moltó
38.7178	-6.8233	06005	La Albuera
38.7183	-2.3161	02047	Masegoso
38.7186	-6.7135	06045	Entrín Bajo
38.7190	-0.3559	03073	Gorga
38.7193	-2.1750	02022	Berro
38.7205	-2.4706	02008	El Horcajo
38.7210	-1.9119	02063	Pozohondo
38.7219	-2.1440	02060	El Sahuco
38.7221	1.4571	07024	Es Pujols
38.7223	-5.2195	06023	Cabeza del Buey
38.7227	-2.3968	02059	Cerroblanco
38.7242	-0.3167	03060	Cuatretondeta
38.7253	-6.5390	06126	Solana de los Barros
38.7255	-0.1924	03054	Castell de Castells
38.7257	-7.2153	06095	Villarreal
38.7263	-6.6704	06040	Corte de Peleas
38.7264	-1.3072	02051	Los Campillos
38.7266	-4.9710	13046	Guadalmez
38.7280	0.0418	03125	Senija
38.7288	-2.0050	02060	Peñas de San Pedro
38.7294	0.1038	03128	Teulada
38.7298	-4.0763	13020	Argamasilla de Calatrava
38.7299	-1.7997	02003	Cerrolobo
38.7305	-0.5975	46072	Reiner
38.7308	-0.3627	03086	Millena
38.7310	1.4183	07024	La Savina
38.7310	-0.2473	03068	Famorca
38.7312	-2.2675	02047	Peñarrubia
38.7319	-1.5867	02029	Pinilla
38.7320	1.4446	07024	Sa Roqueta
38.7320	-5.5439	06036	Castuera
38.7327	0.1435	03042	Benitachell
38.7331	-4.7538	13011	Mina Quinto del Hierro
38.7332	-2.0927	02060	El Roble
38.7332	-0.6655	46072	Poblet dels Ferrers
38.7333	-1.2167	30043	Marisparza
38.7333	0.1167	03128	Casas Abiar
38.7333	-0.0167	03081	Alfarería
38.7350	-0.2677	03067	Facheca
38.7351	-2.1155	02060	El Colmenar
38.7360	1.4441	07024	Las Salinas
38.7360	-2.0373	02060	El Fontanar de Alarcón
38.7362	-6.0331	06094	La Garza
38.7367	-3.0122	13084	Infantes
38.7369	-0.9241	03140	La Bodegueta
38.7369	-6.6303	06126	Retamal
38.7373	-0.3432	03020	Balones
38.7380	-2.7454	13089	Santa Maria
38.7383	-3.8402	13009	Aldea del Rey
38.7384	-6.4925	06011	Casas Marqués de la Encomienda
38.7385	-4.7107	13012	Almadenejos
38.7398	-0.4398	03056	Cocentaina
38.7406	-0.0113	03081	Jalón
38.7427	0.0060	03085	Lliber
38.7430	-1.6574	02029	Mizquitillas
38.7432	-1.3497	02051	Casa de los Catalinorros
38.7450	-0.0645	03100	Parcent
38.7455	-0.5398	46072	Rincón del Cerezo
38.7460	-5.6723	06109	Quintana de la Serena
38.7464	-0.8521	03140	La Zafra
38.7478	-2.0612	02060	La Rambla
38.7491	-6.6209	06126	Cortegana
38.7495	-1.4483	02033	El Cepero
38.7500	-0.2833	03039	Benimassot
38.7502	-1.7807	02003	Abuzaderas
38.7502	-2.8707	13089	Villahermosa
38.7504	-0.0401	03006	Alcalalí
38.7509	-1.9539	02063	Los Pocicos
38.7531	-3.1341	13008	Alcubillas
38.7537	-2.2365	02022	Cucharal
38.7540	-0.3799	03036	Benillup
38.7549	-0.1090	03137	Benichembla
38.7552	-1.3772	02051	Casa del Administrador
38.7557	-2.3094	02047	Ituero
38.7558	-1.5392	02061	Las Anorias
38.7559	-2.9581	13043	Fuenllana
38.7563	-0.2747	03130	Tollos
38.7581	-2.4504	02068	Robledo
38.7585	-2.0297	02060	La Solana
38.7586	-2.0952	02065	El Madroño
38.7588	-1.8906	02063	Campillo del Hambre
38.7591	-0.4294	03056	Alcudia
38.7600	-0.3515	03016	Almudaina
38.7604	-0.0821	03091	Murla
38.7621	-3.3848	13087	Valdepeñas
38.7637	-1.8293	02003	Campillo de las Doblas
38.7639	-0.4477	03056	Estación del Norte
38.7644	-4.5467	13015	Fontanosas
38.7645	-2.2435	02022	El Batán
38.7658	-2.0946	02065	Casica del Madroño
38.7661	-0.9537	03140	La Encina
38.7667	-6.2833	06162	Los Pajares del Encinar
38.7667	-2.3500	02047	Las Cuevas
38.7667	-0.9000	03140	Las Albarizas
38.7667	0.0667	03071	Boterías
38.7667	-0.6167	46072	Bocairent
38.7667	-0.4167	03017	l'Alqueria d'Asnar
38.7706	-2.2404	02022	Casas de Lázaro
38.7722	-2.1594	02071	Cañada Juncosa
38.7726	-0.3379	03106	Benialfaquí
38.7726	-2.5745	02085	Viveros
38.7727	-0.0071	03006	Llosa de Camacho
38.7731	-0.1268	03137	Benimaurell
38.7734	-0.5555	03010	Alfafara
38.7744	0.0854	03071	Gata de Gorgos
38.7746	-4.2512	13015	Tirteafuera
38.7754	-1.1707	02009	Los Pozuelos
38.7754	-4.8316	13011	Almadén
38.7755	-2.4172	02068	El Cubillo
38.7759	-0.3908	03038	Benimarfull
38.7762	-0.0874	03091	Fontilles
38.7766	-3.2327	13010	Pozo de la Serna
38.7769	-0.1084	03137	Fleix
38.7774	-6.4217	06083	Cortijo de Chaves
38.7775	-0.2686	03134	Beniaya
38.7787	-2.6522	02008	El Cepillo
38.7789	-2.1576	02071	Casas de Abajo
38.7798	-0.8508	03140	Las Pebradas
38.7803	-0.1040	03137	Campell
38.7804	-0.0628	03097	Orba
38.7809	-0.3206	03106	Catamarruch
38.7812	-0.4361	03092	Muro del Alcoy
38.7822	-2.0683	02065	La Zarza
38.7829	-1.4003	02027	La Higuera
38.7831	-0.7996	03140	Casas Cubells
38.7833	0.1667	03082	Javea
38.7833	-1.9667	02060	Cañada del Salobral
38.7833	-0.5167	03003	Agres
38.7839	-2.3853	02068	Los Chospes
38.7841	-6.0602	06060	Los Carneriles
38.7842	-0.4155	03092	Benamer
38.7842	-0.7867	46124	Fontanars dels Alforins
38.7850	-6.2457	06004	Alange
38.7852	-0.3427	03106	Planes
38.7876	-4.1377	13091	Villamayor de Calatrava
38.7880	-0.2991	03106	Margarida
38.7886	-1.3272	02051	Montealegre del Castillo
38.7889	-0.4275	03092	Cela de Núñez
38.7904	-6.3767	06133	Torremegía
38.7905	-6.1240	06094	Oliva de Mérida
38.7908	-1.2392	02051	Pozo de la Higuera
38.7928	-0.0299	03030	Benidoleig
38.7931	0.0341	03101	Pedreguer
38.7938	-0.6969	46184	Caserío Morera
38.7948	-0.2514	03134	Alcalá de la Jovada
38.7950	-0.4024	03007	Alcocer de Planes
38.7957	-2.0215	02060	Casa Cañete
38.7959	-4.8663	13038	Chillón
38.7962	0.1820	03082	Aduanas
38.7969	-3.7434	13045	Granátula de Calatrava
38.7975	-4.4006	13015	Navacerrada
38.7982	-2.3709	02068	Villaverde
38.7991	0.0848	03063	Jesús Pobre
38.7998	-0.7770	46124	Torre Vellisca
38.8000	-0.8833	46128	La Font de la Figuera
38.8000	0.0167	03101	Casas Pontet
38.8000	-0.8500	46128	Casas Los Collados
38.8000	0.0010	03101	Casas Jara
38.8000	0.0333	03101	Casas Alfás
38.8014	-0.0716	03131	Tormos
38.8018	-0.8822	46128	Las Cuevas
38.8020	-5.7085	06028	La Guarda
38.8033	-1.7353	02029	Pozo-Cañada
38.8035	-0.7472	46124	Torrefiel
38.8040	-0.6202	46184	Torre de Torús
38.8056	-0.1589	03135	Vall de Ebo
38.8061	-0.4417	03092	Turballos
38.8071	-5.1568	06161	Zarza Capilla
38.8077	0.0559	03101	Muntanya la Sella
38.8083	-6.0513	06060	Valdearenales
38.8088	-4.7069	13012	Gargantiel
38.8099	-2.1010	02065	Pozuelo
38.8103	-1.4345	02027	Aguaza
38.8110	-0.0656	03115	Sagra
38.8122	-2.3235	02008	El Jardín
38.8140	-6.0204	06079	Manchita
38.8156	-0.2706	03136	Llombai de Gallinera
38.8157	-4.2842	13091	San Quintín
38.8164	-0.4088	03028	Gayanes
38.8167	0.0333	03101	Tosals
38.8167	0.1500	03063	Santa Lucía
38.8167	-0.5833	46184	Caserío Casas de Capuchinos
38.8167	-0.6667	46184	Casa San Vicente
38.8167	0.0333	03101	Casas Albardanera
38.8167	-0.7000	46184	Casa Lloma Rasa
38.8167	-0.0167	03026	Casa de la Maestra
38.8167	-0.6667	46184	Casa de Eusebi
38.8167	-0.6167	46184	Balneario
38.8176	0.0093	03063	Pamis
38.8177	-0.2276	03136	Benitaia
38.8181	-6.2176	06083	Zarza de Alange
38.8182	-0.2783	03136	Benissili
38.8192	-6.8078	06015	La Risca
38.8192	-0.2266	03136	Benissivà
38.8197	-0.0341	03117	Sanet y Negrals
38.8202	-5.1140	06100	Peñalsordo
38.8202	-0.3774	03028	Beniarrés
38.8204	-5.0842	06030	Capilla
38.8208	-0.2402	03136	La Carroja
38.8212	-0.0517	03131	Ráfol de Almunia
38.8212	-0.2221	03136	Beniali
38.8217	-0.2624	03136	Alpatró
38.8219	-0.6060	46184	Ontinyent
38.8223	-0.0021	03026	Beniarbeig
38.8227	-2.1835	02071	Barrio del Molino
38.8227	-2.5953	02085	Pinilla
38.8227	-0.5483	46004	Agullent
38.8231	-0.2417	03136	Vall de Gallinera
38.8236	-0.0422	03040	Benimeli
38.8238	-2.0318	02065	Acebuche
38.8249	-2.1828	02071	San Pedro
38.8263	-1.5566	02061	Pétrola
38.8277	-1.2581	02009	Caserío Aljibes
38.8282	0.0172	03095	Ondara
38.8299	-3.5781	13058	Moral de Calatrava
38.8312	-0.1967	03136	Benirrama
38.8317	-2.1539	02065	Cuevas del Molino de las Dos Piedras
38.8333	0.1500	03063	Les Rotes
38.8333	0.1333	03063	Real
38.8333	-6.5333	06083	Perales
38.8333	0.0667	03063	La Xara
38.8333	0.0167	03095	Huerta Parri
38.8333	-0.5167	46068	Benissoda
38.8333	0.0333	03095	Alfatares
38.8333	-0.5000	46003	Atzeneta d'Albaida
38.8346	-3.9447	13022	Ballesteros de Calatrava
38.8346	-1.4603	02027	Corral-Rubio
38.8358	-7.0325	06015	Corchuela
38.8374	-6.0987	06041	Cristina
38.8375	-1.2837	02009	Casas Viejas
38.8376	-1.9627	02003	Los Anguijes
38.8380	-0.5172	46006	Albaida
38.8382	-1.6046	02029	Horna
38.8387	-2.6091	02008	Salinas de Pinilla
38.8408	0.1057	03063	Denia
38.8413	-0.4726	46086	Carrícola
38.8418	-2.4561	02014	El Ballestero
38.8420	-2.9925	13032	Carrizosa
38.8430	-0.1171	03102	Pego
38.8440	-3.2415	13074	San Carlos del Valle
38.8441	-0.3125	03084	Lorcha
38.8447	-4.2983	13025	Cabezarados
38.8452	-4.0634	13030	Caracuel
38.8460	-6.3224	06083	Don Tello
38.8464	-0.0455	03102	Monte Pego
38.8466	-0.5214	46006	Aljorf
38.8471	0.0103	03063	Vergel
38.8475	-0.4174	46056	Beniatjar
38.8482	-0.1532	03001	Adsubia
38.8484	-6.2748	06043	Don Álvaro
38.8488	-6.6236	06072	Lobón
38.8489	0.0195	03901	Mirarrosa
38.8492	-4.5339	13001	Navalmedio de Morales
38.8494	0.0207	03901	Miraflor
38.8500	0.0500	03063	Torrecarrals
38.8500	0.0667	03063	Las Bovetes
38.8500	-0.4667	46047	Bèlgida
38.8501	-3.9640	13095	Villar del Pozo
38.8508	0.0175	03901	Setla
38.8517	-0.8217	46170	Venta del Potro
38.8521	-0.3798	46221	Salem
38.8523	-2.0274	02003	Argamasón
38.8525	0.0849	03063	Marines
38.8525	-3.7721	13088	Valenzuela de Calatrava
38.8538	0.0210	03901	els Poblets
38.8539	-0.5025	46006	Palomar
38.8543	-0.4440	46185	Otos
38.8543	-4.0210	13029	Cañada de Calatrava
38.8544	-6.4540	06012	Arroyo de San Serván
38.8569	-0.7354	46170	La Balsa
38.8579	-4.0814	13035	Corral de Calatrava
38.8594	0.0639	03063	Urbanización La Naranja
38.8595	-6.0999	06060	Guareña
38.8617	-1.1103	02009	Las Fuentecitas
38.8633	-6.1966	06151	Villagonzalo
38.8644	-5.6174	06028	Campanario
38.8665	-0.3999	46210	Ráfol de Salem
38.8667	-6.9667	06015	Pardaleras
38.8671	-1.9227	02003	Salobral
38.8678	-0.5162	46075	Bufali
38.8685	-0.0261	03063	Molinell
38.8692	-1.0971	02009	Almansa
38.8707	-4.8926	13038	Alisedas
38.8714	-1.3485	02018	Bonete
38.8751	-0.1708	03001	Forna
38.8760	-0.7515	46251	Mogente
38.8779	-6.9706	06015	Badajoz
38.8779	-6.7686	06128	Talavera La Real
38.8789	-6.9580	06015	San Roque
38.8793	-0.3612	46219	Rugat
38.8802	-5.0476	06057	Garlitos
38.8803	-4.3570	13001	Abenójar
38.8811	1.2724	07048	Es Cubells
38.8811	-6.0097	06060	Las Gamitas
38.8817	-0.0350	03063	Casas Devesa
38.8824	-6.8821	06015	Urbanización Golf Guadiana
38.8833	-0.3667	46090	Castelló de Rugat
38.8833	-0.5833	46042	Barrio de las Eras
38.8833	-0.0333	03063	Aielo de Rugat
38.8833	-0.5833	46042	Aielo de Malferit
38.8844	-2.1518	02012	Balazote
38.8857	-0.2079	46255	Villalonga
38.8877	1.4056	07048	Platja den Bossa
38.8883	-2.2843	02043	Pradorredondo
38.8886	-6.3879	06025	Calamonte
38.8894	-3.7113	13013	Almagro
38.8894	-6.7003	06901	Valdelacalzada
38.8902	-0.4958	46006	Montaberner
38.8910	-5.8830	06044	Las Cruces
38.8912	1.3966	07048	Sant Jordi
38.8913	-0.3412	46175	Montichelvo
38.8933	-0.8640	46170	Escudero
38.8944	-6.6259	06103	Puebla de la Calzada
38.8945	-0.3199	46240	Terrateig
38.8957	-0.6910	46251	Vallada
38.8964	-2.2666	02043	Tiriez
38.8965	-5.7344	06075	Magacela
38.8967	-5.7257	06075	Sobrante Berrocal
38.8976	-0.9235	46118	Los Brunales
38.8985	1.4133	07026	Es Viver
38.8993	-3.0533	13010	Alhambra
38.9000	-3.0500	13010	Los Peralejos
38.9000	-0.5000	46027	Alfarrasí
38.9006	-4.1695	13035	Pozuelos de Calatrava
38.9006	-1.5282	02029	Villar de Chinchilla
38.9007	-1.9896	02003	Santa Ana
38.9010	1.4162	07026	Figueretes
38.9014	-6.5386	06132	Torremayor
38.9041	-0.8529	46170	Casa Rabosa
38.9046	-1.7386	02029	Pozo de la Peña
38.9048	-1.6940	02029	Estación de Chinchilla
38.9056	-0.4195	46200	Puebla del Duc
38.9058	-2.2775	02043	Casa de Berruga
38.9069	-3.6635	13023	Bolaños de Calatrava
38.9079	-2.2473	02043	La Alberquilla
38.9080	-5.7079	06075	La Torre
38.9084	-6.6178	06088	Montijo
38.9088	1.4330	07026	Ibiza
38.9112	-6.2200	06145	Valverde de Mérida
38.9115	-6.9848	06015	Santa Engracia
38.9130	-6.0113	06060	La China
38.9131	1.2225	07048	Cala Vadella
38.9132	-0.4778	46069	Benisuera
38.9135	-1.5703	02040	Venta de Alhama
38.9144	-0.1137	46181	Tossal Gros
38.9153	-0.1706	46127	La Font d'en Carròs
38.9154	-6.0677	06138	Valdetorres
38.9162	-0.1959	46198	Potríes
38.9167	-0.1167	46181	Tejares
38.9167	-0.0833	46181	Playa
38.9167	-0.5500	46183	L'Olleria
38.9167	-0.2833	46153	Llocnou de Sant Jeroni
38.9167	-2.1167	02012	Los Partidores
38.9167	-6.5833	06088	La Colonia
38.9167	-0.1167	46181	Huertas
38.9167	-0.1500	46127	Castillo del Reboller
38.9167	-0.2667	46091	Castellonet de la Conquesta
38.9167	-0.2833	46033	Almiserà
38.9175	-0.1711	46127	Fuente-Encarroz
38.9180	-6.3429	06083	Mérida
38.9182	-0.2225	46002	Ador
38.9184	1.4443	07026	Ibiza Nueva
38.9186	1.4603	07026	Cap Martinet
38.9193	-5.8003	06044	La Haba
38.9196	-6.4775	06058	La Garrovilla
38.9197	-0.1193	46181	Oliva
38.9199	-0.3469	46057	Benicolet
38.9201	-0.4814	46226	Sempere
38.9202	1.4581	07026	Playa de Talamanca
38.9205	-5.6698	06039	La Coronada
38.9209	-0.8818	46118	Navalón de Arriba
38.9209	-1.7202	02029	Chinchilla de Monte Aragón
38.9210	-1.4176	02039	Bete
38.9219	-2.2427	02043	La Junquera
38.9224	1.2944	07048	Sant Josep de sa Talaia
38.9254	-0.5509	46183	Caserío Capuchinos
38.9254	-0.4859	46138	Guadasequies
38.9259	-5.1467	06114	Sancti Spíritus
38.9260	-0.8753	46118	Navalón de Abajo
38.9267	-0.2203	46187	Palma de Gandía
38.9277	-1.8626	02003	Los Llanos
38.9277	1.4521	07054	Nuestra Señora de Jesús
38.9281	-0.1782	46061	Beniflá
38.9290	-0.8196	46118	Boquilla
38.9294	-6.6909	06903	Guadiana del Caudillo
38.9296	1.4318	07054	Puig d'en Valls
38.9314	-1.6595	02029	El Rincón
38.9317	-2.0885	02038	La Choza
38.9317	1.4971	07054	Roca Llisa
38.9320	-0.2576	46218	Rótova
38.9321	-0.9287	46118	Hoya Redonda
38.9323	1.4480	07054	Jesús
38.9325	-0.1677	46208	Rafelcofer
38.9325	-0.1863	46055	Beniarjó
38.9333	-0.3500	46150	Llutxent
38.9333	-0.5167	46183	Caserío El Salido
38.9333	-0.1500	46037	L'Alqueria de la Comtessa
38.9333	-0.2500	46023	Alfauir
38.9333	-0.1667	46208	Alcudiola
38.9347	-2.2087	02043	Vandelaras de Arriba
38.9348	-2.1396	02038	Oncebreros
38.9355	-3.9814	13064	Poblete
38.9355	-5.9333	06082	Mengabril
38.9358	-6.4065	06083	Estación de Aljucén
38.9381	-1.3478	02039	Casillas de Marín de Arriba
38.9386	-4.8292	13086	Valdemanco del Esteras
38.9393	-0.1541	46188	Palmera
38.9393	1.2381	07048	Cala Tarida
38.9406	-1.7705	02029	La Losilla
38.9413	-2.6849	02057	El Espinillo
38.9414	-0.1329	46195	Piles
38.9419	1.2907	07048	San Agustin des Vedra
38.9429	1.4214	07046	Montecristo
38.9432	-0.1815	46034	Almoines
38.9433	-6.4355	06046	Esparragalejo
38.9436	-1.1084	46044	San Benito
38.9438	-4.6077	13073	Saceruela
38.9442	-3.2381	13079	La Solana
38.9445	-1.3133	02039	Casillas de Marín de Abajo
38.9458	-0.4870	46049	Bellús
38.9461	-2.1994	02043	Vandelaras de Abajo
38.9482	-0.1924	46211	Real de Gandía
38.9483	1.4613	07054	Can Furnet
38.9486	-6.2915	06083	La Cortezona
38.9497	-2.3542	02043	Lezuza
38.9500	-0.1167	46195	La Playa de la Torre de Piles
38.9500	-0.4000	46104	Quatretonda
38.9500	-0.5333	46145	Caserío Casa Sanchis
38.9500	-0.4333	46062	Benigànim
38.9500	-0.1667	46048	Bellreguard
38.9500	-5.6833	06039	Arroyo del Gato
38.9501	-6.1864	06119	San Pedro de Mérida
38.9503	-0.6520	46174	Montesa
38.9504	-0.1401	46168	Miramar
38.9505	-2.5405	02019	El Bonillo
38.9507	-1.2874	02010	Casa de Delgado
38.9523	-6.2576	06135	Trujillanos
38.9532	-1.5824	02040	Fontanar de Arriba
38.9534	1.5206	07054	Cala Llonga
38.9555	-1.8596	02003	La Pulgosa
38.9558	-4.9104	06017	Baterno
38.9563	-5.8616	06044	Don Benito
38.9577	-0.8256	46118	El Transformador
38.9579	-1.5568	02040	Hoya-Gonzalo
38.9587	-1.2305	02010	Alpera
38.9594	-1.4038	02039	Casa Aparicio
38.9600	1.3986	07046	Sant Rafel
38.9608	-1.4975	02039	Oncebreros
38.9610	-0.1870	46131	Benipeixcar
38.9611	-0.1974	46066	Benirredrà
38.9612	-0.1481	46140	Guardamar
38.9617	1.3997	07046	Sant Rafel de Forca
38.9619	1.2354	07048	Cala Bassa
38.9625	-0.5844	46081	Canals
38.9625	-2.2793	02043	Pardales
38.9626	-5.9578	06080	Medellín
38.9628	-2.1268	02038	La Herrera
38.9637	-1.4437	02039	Higueruela
38.9640	-2.7455	02057	Ossa de Montiel
38.9642	-4.0409	13034	Valverde
38.9642	-3.9509	13034	La Poblachuela
38.9644	-3.8905	13056	Miguelturra
38.9650	1.2591	07048	Port des Torrent
38.9662	1.2597	07048	Port d'es Torrent
38.9667	-1.0833	46044	Losilla
38.9667	-1.0167	46044	La Torre
38.9667	-0.1833	46131	Gandia
38.9667	-0.1500	46113	Daimús
38.9667	-0.5833	46020	L'Alcúdia de Crespìns
38.9670	1.2962	07048	Cala d'en Bou
38.9709	-0.1918	46131	Beniopa
38.9720	-3.3433	13054	Membrilla
38.9726	-0.4884	46132	Alboy
38.9728	-0.5753	46081	Ayacor
38.9734	-1.3746	02039	Royo
38.9750	1.3223	07046	Ses Paisses
38.9752	-5.2697	06048	Esparragosa de Lares
38.9759	-0.5651	46145	Anahuir
38.9766	-5.7974	06153	Villanueva de la Serena
38.9772	-5.0497	06125	Siruela
38.9773	-1.0755	46044	Casas de Madrona
38.9778	-2.8832	13902	Ruidera
38.9795	-6.1933	06119	Campomanes
38.9797	-0.6868	46118	Enguera
38.9802	-0.5484	46145	Novelé
38.9805	-3.0247	13019	El Lobillo
38.9807	1.3036	07046	Sant Antoni de Portmany
38.9818	-0.3387	46196	Pinet
38.9818	-4.8713	13002	Agudo
38.9829	-1.9406	02003	Urbanizacion Casas Viejas
38.9833	-4.9333	06130	Tamurejo
38.9833	-0.1500	46131	Puerto de Gandía
38.9833	-0.1500	46131	Los Mártires
38.9833	-0.5667	46096	Cerdà
38.9833	-0.5500	46180	Casas de Quilis
38.9843	-0.5759	46081	Torre Cerdá
38.9845	-0.5673	46243	Torrella
38.9845	1.2955	07046	Es Caló des Moro
38.9845	-4.2925	13051	Luciana
38.9846	1.5341	07054	Santa Eulària des Riu
38.9846	-5.8829	06044	Don Llorente
38.9852	-0.5570	46253	Vallés
38.9863	-3.9291	13034	Ciudad Real
38.9865	-5.2563	06102	Puebla de Alcocer
38.9868	-4.1160	13007	Alcolea de Calatrava
38.9883	-1.2823	02010	La Laguna
38.9892	-0.4699	46132	Genovés
38.9892	-2.2449	02015	Casas de Cuerva
38.9894	-6.1120	06060	Torrefresneda
38.9896	-6.8456	06015	Las Carboneras
38.9904	-0.5185	46145	Xàtiva
38.9912	-0.2427	46002	Marchuquera
38.9918	1.5699	07054	S'Argamasa
38.9926	1.2909	07046	Cala Gració
38.9942	-1.8564	02003	Albacete
38.9948	-5.7222	06153	Entrerríos
38.9951	-0.5753	46154	Llanera de Ranes
38.9971	-1.4932	02039	Los Morabios
38.9980	1.4303	07054	Santa Gertrudis
38.9980	-0.5640	46137	La Granja de la Costera
38.9990	1.4285	07054	Santa Gertrudis de Fruitera
38.9991	1.5790	07054	Es Canar
38.9992	-3.3699	13053	Manzanares
38.9996	-2.3777	02043	El Lituero
39.0000	-0.5167	46145	Sorió
39.0000	-6.6167	06083	La Coneja
39.0000	-0.7333	46118	El Saytón
39.0000	-0.8333	46118	Benali
39.0007	-6.4774	06083	Las Tiendas
39.0020	-6.2889	06084	Mirandilla
39.0020	-0.1640	46131	Platja de Gandía
39.0022	-1.3920	02039	Caserío de Los Morabios
39.0022	-1.3920	02039	Los Morabios
39.0028	-1.8116	02003	La Torrecica
39.0038	-0.2835	46046	La Drova
39.0046	-0.5648	46145	Rotglá y Corbera
39.0062	-5.5344	06097	Orellana la Vieja
39.0067	-1.3063	02010	Las Fuentes
39.0073	1.5475	07054	Can Codolar
39.0084	-2.1184	02015	Las Villas Nuevas
39.0097	-1.3153	02010	Casas de la Peña
39.0098	-1.3537	02010	Casas de Don Pedro
39.0112	-6.0116	06120	Santa Amalia
39.0120	-2.3268	02043	Casas de Montoya
39.0136	-0.4666	46151	Llocnou d'En Fenollet
39.0142	-2.1981	02015	Los Paredazos
39.0143	1.3738	07046	Cami Vell de Sant Mateu
39.0159	-2.2715	02015	La Ruiza
39.0167	-0.2167	46146	Xeresa
39.0167	-0.6500	46039	Fuen Negra
39.0167	-0.2000	46146	Caserío La Estación
39.0167	-0.3000	46046	Barx
39.0167	-0.4167	46045	Barxeta
39.0179	-3.7511	13083	Torralba de Calatrava
39.0179	-0.6238	46121	Estubeny
39.0181	1.5916	07054	Cala Llenya
39.0188	-0.6510	46039	Las Eras
39.0190	-3.8168	13031	Carrión de Calatrava
39.0203	-0.6462	46039	Anna
39.0216	-6.2994	06084	Coto Capitán
39.0216	-0.5380	46145	Llosa de Ranes
39.0228	-6.3373	06032	El Carrascalejo
39.0249	-0.8019	46073	Casas de Ligero
39.0261	-0.7805	46107	Casas del Obrero
39.0272	-5.9318	06044	Hernán Cortés
39.0299	-0.4893	46145	Torre Lloris
39.0314	-5.4986	06096	Orellana la Sierra
39.0322	-0.5878	46225	Sellent
39.0323	-3.9861	13034	Las Casas
39.0333	-0.3167	46231	Simat de la Valldigna
39.0333	1.3333	07046	Santa Agnès de Corona
39.0333	-2.6500	02019	Los Puercos
39.0333	-0.2167	46143	Xeraco
39.0333	-2.2667	02015	El Cornudillo
39.0333	-0.8000	46073	Corral de Bru
39.0333	-0.4667	46119	Caserío Franchs
39.0333	-0.8167	46073	Casas de la Gorda
39.0333	-3.5000	13039	Azuer
39.0336	1.4725	07050	San Lorenzo de Balafia
39.0340	1.5655	07054	San Carlos
39.0344	-5.8140	06044	Las Habillas
39.0345	-2.5286	02053	Casa del Cerro
39.0345	1.5653	07054	Sant Carles de Peralta
39.0354	-4.1751	13063	Piedrabuena
39.0370	-5.2342	06127	Talarrubias
39.0378	1.3819	07046	Sant Mateu d'Albarca
39.0381	-2.0481	02003	Casa Caballos
39.0387	-1.9678	02003	Casa Grande
39.0402	-2.5744	02019	Sotuélamos
39.0408	-1.7027	02029	La Felipa
39.0420	-0.6592	46107	Chella
39.0422	-2.4807	02053	Munera
39.0442	-6.3311	06009	Aljucén
39.0461	-2.2015	02015	Barrax
39.0463	-0.4682	46209	Tosalnou
39.0495	-6.6701	06015	Morantes
39.0496	-4.9986	06056	Garbayuela
39.0500	-0.4833	46119	Sanz
39.0500	-0.4833	46119	L'Ènova
39.0500	-6.2833	06083	Encomienda del Moro
39.0500	-0.2000	46143	Casas Las Basas
39.0500	-6.9000	06015	Bótoa
39.0506	-0.4898	46160	Manuel
39.0507	-4.0608	13062	Picón
39.0513	-0.4554	46209	Rafelguaraf
39.0525	-5.8087	06111	Rena
39.0537	1.4369	07050	Sant Miquel de Balansat
39.0550	-0.3033	46059	Benifairó de Valldigna
39.0553	-0.4652	46209	Berfull
39.0585	-1.0563	46044	Ayora
39.0586	-0.4231	46145	El Realengo
39.0604	-0.6747	46073	Bolbaite
39.0623	-2.0427	02003	Casa Capitán
39.0627	-2.2689	02015	Casas de Abril
39.0633	-6.5053	06090	La Nava de Santiago
39.0667	-0.5000	46227	Senyera
39.0667	-1.1167	46044	La Vega
39.0667	-0.5667	46084	Càrcer
39.0667	-0.5500	46053	Beneixida
39.0667	-0.5500	46016	Alcàntera de Xúquer
39.0688	-1.7434	02003	Tinajeros
39.0700	-3.6150	13039	Daimiel
39.0701	-0.5745	46100	Cotes
39.0701	-2.1284	02003	Blancares
39.0710	-0.4870	46222	San Juan de Énova
39.0720	-0.2662	46238	Tavernes de la Valldigna
39.0752	-0.4452	46203	Serratella
39.0756	-6.0372	06044	Conquista del Guadiana
39.0758	1.5910	07050	Sant Vicent de sa Cala
39.0763	-1.5070	02064	Pozo Lorente
39.0765	-5.8107	06156	Villar de Rena
39.0768	-5.5738	06001	Acedera
39.0774	-0.5117	46257	Villanueva de Castellón
39.0789	1.5140	07050	Sant Joan de Labritja
39.0798	-0.5919	46040	Antella
39.0799	1.4206	07050	Na Xamena
39.0820	1.4414	07050	Port de Sant Miquel
39.0833	-0.4667	46203	La Pobla Llarga
39.0833	-1.1167	46263	Hoz de Arriba
39.0833	-0.5500	46130	Gavarda
39.0833	-2.5333	02053	Casa Nueva
39.0856	-4.6197	13068	Puebla de Don Rodrigo
39.0859	-1.2140	46044	Cortijo La Unde
39.0875	-1.7823	02003	Miralcampo
39.0912	-0.8700	46071	Benifetal
39.0917	-1.0753	46263	Zarra
39.0944	-5.4681	06091	Navalvillar de Pela
39.0949	-1.3610	02002	Alatoz
39.1000	-0.6333	46236	Sumacàrcer
39.1001	-0.3703	46017	Barraca de Aguas Vivas
39.1018	-6.6190	06115	Valdeherrero
39.1019	-1.5582	02021	Casas de Juan Núñez
39.1020	-0.6947	46179	Navarrés
39.1020	-1.3088	02020	Carcelén
39.1052	-2.4093	02053	El Verduzal
39.1056	-1.0511	46239	Teresa de Cofrentes
39.1056	-1.8712	02003	El Villar
39.1082	1.5172	07050	Cala de Portinatx
39.1082	-5.3308	06033	Casas de Don Pedro
39.1097	-6.6892	06115	La Roca de la Sierra
39.1106	-2.0959	02035	Casa Matao
39.1145	-2.0282	02035	Casa Zapata
39.1145	-1.9960	02035	La Gineta
39.1155	-5.4956	06091	Obando
39.1158	-0.4381	46083	Les Barraques
39.1166	-2.4615	02053	Los Morcillos
39.1167	-0.2833	46123	Favara
39.1167	-0.5167	46011	Alberic
39.1176	-1.9334	02035	La Grajuela
39.1180	-3.3516	13904	Llanos del Caudillo
39.1197	-0.7400	46206	Quesa
39.1201	-0.2434	46105	El Brosquil
39.1210	-0.5605	46011	La Montaña
39.1218	-0.4481	46083	Carcaixent
39.1236	-3.9015	13040	Fernancaballero
39.1265	-1.4571	02083	Villavaliente
39.1279	-1.2410	02020	Casas de Juan Gil
39.1292	-3.0925	13019	Argamasilla de Alba
39.1294	-6.1502	10106	Jarilla
39.1316	-0.4929	46064	Benimuslem
39.1322	-0.7872	46071	Bicorp
39.1329	-4.9351	06051	Fuenlabrada de los Montes
39.1331	-6.8476	06155	Villar del Rey
39.1333	-0.3000	46155	Llano de Gorra
39.1351	-1.6770	02075	Valdeganga
39.1370	-1.7423	02003	Los Yesares
39.1386	-5.6274	10112	Madrigalejo
39.1395	-0.5878	46246	Tous
39.1401	-1.0731	46144	Jarafuel
39.1438	-0.5226	46162	Masalavés
39.1455	-2.2934	02069	Santa Marta
39.1461	-2.5060	02081	Caserío Los Minayas
39.1462	-4.1541	13065	Porzuna
39.1467	-0.3294	46155	Llaurí
39.1476	-6.4362	06038	Cordobilla de Lácara
39.1500	-1.5833	02041	Cubas
39.1500	-0.3500	46098	Corbera
39.1500	-0.4333	46017	Alzira
39.1513	-5.9084	10121	Miajadas
39.1540	-4.5437	13021	Arroba
39.1546	-6.3386	06031	Carmonita
39.1576	-3.0216	13082	Tomelloso
39.1579	-1.7103	02046	Bolinches
39.1650	-6.8489	06155	La Dehesilla
39.1658	-4.2716	13065	Las Tiñosillas
39.1667	-0.5167	46019	Montortal
39.1667	-0.3500	46098	Monte San Miguel
39.1667	-2.0167	02050	Montalvos
39.1667	-0.4500	46017	Molino Borrego
39.1667	-1.5500	02041	Maldonado
39.1667	-0.2667	46105	La Raconá
39.1667	-1.5167	02041	Jorquera
39.1667	-0.2500	46105	Cullera
39.1667	-0.3667	46098	Casa Pelayo
39.1667	-1.5833	02041	Alcazarejos
39.1667	-3.8542	13052	Malagón
39.1684	-5.0505	06063	Herrera del Duque
39.1686	-5.8846	10073	Escurial
39.1693	-2.7695	02081	La Urbina
39.1741	-3.2364	13005	Cinco Casas
39.1754	-2.3748	02081	Moharras
39.1763	-6.6276	06107	Puebla de Obando
39.1769	-6.0428	10020	Almoharín
39.1779	-4.1203	13065	El Citolero
39.1782	-2.6260	02081	El Burrueco
39.1809	-6.2292	10010	Alcuéscar
39.1829	-0.2201	46105	Torre del Cabo
39.1833	-1.7833	02052	Motilleja
39.1833	-1.4833	02066	La Recueja
39.1833	-0.3000	46125	Fortaleny
39.1833	-1.9500	02073	Casas del Río
39.1833	-1.4167	02007	Casas del Cerro
39.1833	-1.3167	02023	Casa del Conde
39.1833	-1.5833	02041	Bormate
39.1833	-0.3833	46904	Benicull de Xúquer
39.1857	-6.1617	10023	Arroyomolinos de Montánchez
39.1862	-4.0258	13042	Fuencaliente
39.1863	-0.2195	46105	Faro de Cullera
39.1866	-0.4786	46139	Guadassuar
39.1886	-5.1357	06063	Peloche
39.1888	-4.1526	13065	Las Rabinadas
39.1904	-0.4357	46029	Algemesí
39.1931	-1.4302	02007	Alcalá del Júcar
39.1947	-4.0326	13052	Cristo del Espíritu Santo
39.1972	-0.5054	46019	L'Alcúdia
39.2000	-1.2333	02077	Villa de Ves
39.2000	-1.3667	02007	Tolosa
39.2000	-0.3333	46215	Riola
39.2000	-0.3667	46197	Polinyà de Xúquer
39.2000	-1.4167	02007	Las Eras
39.2000	-1.3667	02007	La Gila
39.2000	-1.0667	46142	Jalance
39.2000	-1.9833	02073	Fuente del Fraile
39.2000	-5.7667	10043	El Campo
39.2000	-0.3833	46008	Albalat de la Ribera
39.2006	-4.2867	13901	Las Islas
39.2026	-0.3111	46235	Sueca
39.2052	-4.1696	13065	Las Betetas
39.2059	-6.0662	10201	Valdemorales
39.2073	-2.1572	02069	La Roda
39.2088	-7.1733	06037	La Codosera
39.2139	-4.7923	06157	Villarta de los Montes
39.2140	-0.5268	46063	Benimodo
39.2153	-4.1723	13065	El Trincheto
39.2167	-1.2500	02077	Villar de Ves
39.2167	-0.4500	46029	Reig
39.2167	-2.0167	02073	Puente del Carrasco
39.2167	-1.4667	02007	Marimínguez
39.2167	-0.2500	46105	Mareny de San Lorenzo
39.2167	-1.7333	02046	Mahora
39.2167	-1.2167	02013	La Pared
39.2167	-0.6167	46246	Casas de la Parra de Abajo
39.2167	-1.5333	02001	Abengibre
39.2186	-3.5021	13018	Arenas de San Juan
39.2190	-4.2810	13901	El Robledo
39.2192	-2.1460	02069	MiCasa
39.2200	-7.0009	06006	Albuquerque
39.2201	-4.5175	13041	Fontanarejo
39.2208	-7.0023	06006	Alburquerque
39.2208	-3.6080	13096	Villarrubia de los Ojos
39.2251	-4.3528	13901	Navalrincón
39.2255	-6.1491	10126	Montánchez
39.2257	-6.8646	06006	Azagala
39.2257	-4.5913	13059	Navalpino
39.2266	-0.5214	46085	Carlet
39.2268	-0.2466	46235	Mareny Blau
39.2284	-3.7749	13044	Fuente el Fresno
39.2293	-1.0606	46097	Cofrentes
39.2333	-1.3833	02007	Zulema
39.2333	-2.2500	02069	Santa Marta
39.2333	-0.7167	46115	Salto de Millares
39.2333	-0.3167	46235	Monte de los Santos
39.2333	-1.5500	02034	Molar de Arriba
39.2333	-1.8000	02045	Madrigueras
39.2333	-1.6333	02036	Golosalvo
39.2333	-2.0667	02032	Fuensanta
39.2333	-0.6333	46246	Casas de la Parra de Arriba
39.2340	-3.8525	13052	La Cañada
39.2358	-6.2914	10052	Casas de Don Antonio
39.2373	-4.1641	13065	Las Rabinadillas
39.2379	-3.4233	13097	Villarta de San Juan
39.2416	-2.3883	02081	Casa de Peña
39.2429	-5.1900	06137	Valdecaballeros
39.2435	-5.8139	10002	Abertura
39.2447	-5.7392	10009	Alcollarín
39.2457	-5.8731	10209	Villamesías
39.2483	-3.9502	13052	Los Quiles
39.2500	-0.4167	46031	Venta Quinquiller
39.2500	-1.9167	02073	Tarazona de la Mancha
39.2500	-1.4667	02024	Serradiel
39.2500	-0.7667	46167	Millares
39.2500	-0.2667	46235	Mareny Barraquetas
39.2500	-0.9333	46099	Cortes de Pallás
39.2500	-1.3333	02023	Casas de Ves
39.2500	-1.0833	46097	Casas de Alcance
39.2500	-1.9833	02073	Casa Jara
39.2500	-1.2500	02013	Cantoblanco
39.2506	-7.1502	06123	La Rocita
39.2508	-7.1389	06123	El Convento
39.2535	-3.8380	13044	Almoguera
39.2544	-6.1161	10188	Torre de Santa María
39.2546	-4.2573	13065	El Torno
39.2559	-6.1853	10007	Albalá
39.2575	-4.1907	13065	El Bonal
39.2576	-6.0325	10217	Zarza de Montánchez
39.2577	-4.3670	13006	Santa Quiteria
39.2582	-4.0116	13052	Valdehierro
39.2599	-4.4771	13006	Alcoba
39.2652	-3.1272	13005	Alameda de Cervera
39.2667	-0.9833	46099	Ral de Abajo
39.2667	-2.4000	02081	Monte Orenes
39.2667	-1.5500	02034	Fuentealbilla
39.2667	-1.2333	02013	El Viso
39.2667	-0.5667	46093	Catadau
39.2667	-1.2000	02013	Balsa de Ves
39.2667	-0.4667	46031	Alginet
39.2682	-7.2351	06037	La Rabaza
39.2690	-7.2010	10203	El Mayadil
39.2696	-5.9800	10158	Robledillo de Trujillo
39.2699	-2.6012	02081	Villarrobledo
39.2705	-2.3218	02048	Minaya
39.2743	-6.1218	10198	Valdefuentes
39.2746	-3.5187	13096	Las Labores
39.2753	-3.9654	13052	Ballesteros
39.2771	-2.0744	02069	El Carmen
39.2772	-0.2757	46235	El Perelló
39.2783	-0.3824	46233	Sollana
39.2792	-2.4340	02081	Ventas de Alcolea
39.2813	-4.1898	13065	El Cepero
39.2833	-0.9167	46099	Rambla Seca
39.2833	-0.5833	46156	Pueblo Nuevo
39.2833	-0.8500	46099	Otonel
39.2833	-1.7167	02054	Navas de Jorquera
39.2833	-0.5667	46156	Llombai
39.2833	-1.4667	02024	El Calvario
39.2833	-0.8000	46115	Dos Aguas
39.2833	-1.4667	02024	Casas Ibáñez
39.2833	-1.1000	46097	Casas de Penén de Albosa
39.2833	-0.4167	46035	Almussafes
39.2833	-0.5500	46026	Alfarp
39.2833	-1.3833	02005	Alborea
39.2844	-0.4260	46060	Benifaió
39.2849	-5.0910	06035	Castilblanco
39.2852	-5.6997	10219	Zorita
39.2858	-2.7921	13078	Socuéllamos
39.2879	-2.3767	16065	Casas de Roldán
39.2887	-6.3181	10012	Aldea del Cano
39.2976	-0.2903	46250	El Perellonet
39.2987	-2.0686	16060	Puente de Don Juan
39.3000	-2.0667	16060	Villagordo del Júcar
39.3000	-3.0333	13903	Los Arenales de la Moscarda
39.3000	-0.4167	46035	Esperanza
39.3000	-0.9167	46099	El Oro
39.3000	-1.6500	02026	Cenizate
39.3000	-1.1333	46097	Casas del Río
39.3000	-1.7667	16244	Casas del Olmo
39.3000	-0.3833	46233	Casa Ale
39.3021	-2.1947	16166	El Monte de Buenavista
39.3036	-6.0321	10163	Salvatierra de Santiago
39.3040	-4.4156	13006	El Rostro
39.3040	-4.2575	13072	Pueblonuevo del Bellaque
39.3046	-2.6984	02081	Casa del Pino
39.3062	-7.0405	10203	Valdespinar
39.3065	-2.6157	02081	Casa Madres
39.3082	-5.9903	10165	Santa Ana
39.3099	-6.0846	10027	Benquerencia
39.3117	-4.9085	06063	Helechosa
39.3130	-0.3174	46235	El Palmar
39.3137	-4.0409	13036	Cortijo de Abajo
39.3163	-5.8587	10153	Puerto de Santa Cruz
39.3167	-4.0666	13036	Cortijo de Arriba
39.3167	-1.8333	16244	Villagarcía del Llano
39.3167	-0.9833	46099	Los Herreros
39.3167	-6.8000	06006	Liebres
39.3167	-1.0500	46099	La Cabezuela
39.3167	-7.2167	10203	La Borrega
39.3167	-1.3833	02005	Huertas de Villena
39.3167	-1.0167	46099	Castilblanques
39.3167	-0.4333	46194	Casa Motor de Don Pedro
39.3181	2.9920	07059	Colònia de Sant Jordi
39.3228	-2.2723	16064	Los Pavos
39.3236	-3.4815	45087	Puerto Lápice
39.3247	-2.3776	16065	Los Luises
39.3249	-2.3710	16065	Los Estesos
39.3249	-4.7773	06062	Bohonal
39.3250	-2.2747	16064	Ruipérez
39.3254	-5.9183	10102	Ibahernando
39.3273	-4.6517	13049	Horcajo de los Montes
39.3281	-6.0135	10161	Ruanes
39.3300	3.1714	07057	Cala Figuera
39.3300	3.1455	07057	Cala Santanyí
39.3319	-7.2791	10203	Pino de Valencia
39.3333	-1.0000	46099	Viñuelas
39.3333	-1.3000	02082	Villatoya
39.3333	-0.6000	46212	Real de Montroi
39.3333	-1.9333	16175	Quintanar del Rey
39.3333	-1.0833	46213	Pedrones de Arriba
39.3333	-0.6167	46176	Montroy
39.3333	-1.3000	02023	Cilanco
39.3333	-1.0667	46213	Casas de Sotos
39.3336	-2.2727	16064	Casas de Haro
39.3338	-2.3698	16065	Casas de los Pinos
39.3352	-2.9519	13082	Estación de Río Záncara
39.3364	-5.8456	10166	Santa Cruz de la Sierra
39.3364	-5.4928	10109	Logrosán
39.3370	-5.1747	06127	Almansa
39.3383	3.0527	07059	Ses Salines
39.3411	3.0972	07057	es Llombards
39.3415	-2.3654	16065	Los Torres
39.3450	-6.0732	10031	Botija
39.3456	-6.1734	10192	Torremocha
39.3500	-1.4833	02079	Tabaqueros
39.3500	-1.0500	46213	Juan Vich
39.3500	-0.4667	46194	Fuente de Omet
39.3500	-7.2833	10203	Casiñas Bajas
39.3500	-7.2833	10203	Casiñas Altas
39.3500	-2.1667	16063	Casas de Guijarro
39.3507	-2.3240	16061	Casas de Fernando Alonso
39.3507	-5.7346	10066	Conquista de la Sierra
39.3517	-7.2760	10203	Las Huertas
39.3526	-2.2337	16166	Casas de la Loma
39.3530	3.2006	07057	Cala Mondrago
39.3546	3.1291	07057	Santanyí
39.3552	2.9710	07013	Ses Covetes
39.3609	3.2244	07057	Cala Egos
39.3613	-7.1377	06123	San Vicente de Alcántara
39.3615	2.9183	07031	s'Estanyol de Migjorn
39.3618	3.2084	07057	Portopetro
39.3626	-0.4117	46230	Silla
39.3635	-0.4595	46194	Picassent
39.3654	2.9419	07013	Sa Ràpita
39.3654	2.8714	07031	Vallgornera
39.3656	-2.1962	16166	Pozoamargo
39.3662	-3.3573	13047	Herencia
39.3663	2.8485	07031	Cala Pi
39.3666	-6.2205	10194	Torrequemada
39.3667	-1.5833	02079	Villamalea
39.3667	-1.4333	02024	Tamayo
39.3667	-0.6000	46172	Monserrat
39.3667	-1.7000	16118	Ledaña
39.3667	-1.4000		El Retorno
39.3667	-2.0333	16066	Casasimarro
39.3667	-2.1333	16060	Casas de Benítez
39.3678	-7.2907	10203	San Pedro
39.3679	-0.4445	46015	Alcàsser
39.3695	-2.2773	16238	El Simarro
39.3745	-5.7600	10092	Herguijuela
39.3774	-2.5745	16171	El Provencio
39.3778	-6.3483	10037	Valdesalor
39.3781	3.2348	07057	Cala d'Or
39.3789	3.2434	07022	Cala Serena
39.3800	-5.3886	10044	Cañamero
39.3814	3.2391	07022	Cala Ferrera
39.3819	-6.0479	10149	Plasenzuela
39.3831	-6.2494	10193	Torreorgaz
39.3833	-0.8000	46261	Yátova
39.3833	-0.7000	46248	Turís
39.3833	-1.4333	46254	Santa Bárbara
39.3833	-2.4500	16190	Pozo de la Arena
39.3833	-0.7833	46158	Macastre
39.3833	-2.1000	16003	La Losa
39.3833	-7.3000	10203	Fuente Obscura
39.3833	-0.3333	46250	El Saler
39.3833	-0.4167	46065	Beniparrell
39.3833	-0.7667	46012	Alborache
39.3871	3.1671	07057	s'Alqueria Blanca
39.3887	-2.7652	16124	Las Mesas
39.3901	-3.2083	13005	Alcázar de San Juan
39.3904	-5.0042	10017	Pantano de Cijara
39.3948	-5.7818	10195	San Clemente
39.3994	-4.8801	13017	Gamonoso
39.4000	2.9667	07013	sa Sorda
39.4000	-2.4167	16190	Las Minas
39.4000	-0.8667	46077	La Rambla y Condesa
39.4000	-1.1000	46213	La Portera
39.4000	-1.0333	46213	Hortunas de Arriba
39.4000	-1.6167	16098	El Herrumblar
39.4000	-0.4000	46094	Catarroja
39.4000	-1.8500	16251	Casas de Santa Cruz
39.4000	-1.2500	46213	Casas de Penén de Albosa
39.4000	-1.8000	16113	Casas de Juan Fernández
39.4000	-0.4167	46007	Albal
39.4004	3.2033	07057	Calonge
39.4029	-2.9466	13061	Pedro Muñoz
39.4041	-2.4282	16190	San Clemente
39.4046	-5.9764	10195	La Cumbre
39.4046	-3.1249	13028	Campo de Criptana
39.4074	3.2083	07022	s'Horta
39.4085	-2.2017	16198	Sisante
39.4115	-7.2443	10203	Valencia de Alcántara
39.4118	-3.7149	45177	Urda
39.4129	-5.6282	10077	Garcíaz
39.4159	3.2570	07022	Portocolom
39.4166	3.1382	07022	Cas Concos
39.4167	-2.1000	16158	Ribera de San Benito
39.4167	-0.3333	46250	Pinedo
39.4167	-0.4000	46165	Massanassa
39.4167	-0.3833	46152	Lugar Nuevo de la Corona
39.4167	-1.2833	46213	Los Isidros
39.4167	-1.3000	46213	Los Cojos
39.4167	-0.6833	46136	Godelleta
39.4167	-0.7833	46077	Buñol
39.4167	-0.3833	46022	Alfafar
39.4167	-1.6333	02079	Alcahozo
39.4171	2.7462	07031	Tolleric
39.4226	-0.3969	46054	Benetússer
39.4233	-6.6923	10018	Aliseda
39.4253	-5.7557	10113	Madroñera
39.4260	-2.2940	16238	Vara de Rey
39.4263	-0.3640	46250	Castellar y Oliveral
39.4270	-3.4550	45034	Camuñas
39.4271	2.7502	07031	Badia Gran
39.4281	-0.4177	46186	Paiporta
39.4282	-3.3608	45187	Villafranca de los Caballeros
39.4310	3.0194	07013	Campos
39.4319	-4.7246	45113	Valdeazores
39.4333	-1.9333	16251	Villanueva de la Jara
39.4333	-0.3833	46223	Sedaví
39.4333	-2.0833	16251	Ribera de San Hermenegildo
39.4333	-0.4333	46193	Picanya
39.4333	-0.5167	46244	Masía del Juez
39.4333	-1.2000	46213	Los Duques
39.4333	-1.7500	16113	Iniesta
39.4333	-1.1667	46213	Campo Arcís
39.4334	2.7526	07031	Badia Blava
39.4366	-4.9082		Rosalejo
39.4367	-5.4612	10029	Berzocana
39.4370	-0.4655	46244	Torrent
39.4400	-6.2724	10177	Sierra de Fuentes
39.4413	2.7544	07031	Sa Torre
39.4413	-4.8033	13017	Huertas de Sauceral
39.4466	-6.5076	10115	Malpartida de Cáceres
39.4474	-5.0215	10017	Puerto Rey
39.4480	-5.2175	10017	Alía
39.4500	-2.6739	16154	Las Pedroñeras
39.4500	-1.6500	16271	Villarta
39.4500	-2.0333	16908	Rubielos Bajos
39.4500	-0.3333	46250	Nazaret
39.4500	-0.3667	46250	Fuente de San Luis
39.4500	-2.0833	16158	El Picazo
39.4500	-1.3333	46254	Casas de Pradas
39.4500	-6.3833	10037	Aldea Moret
39.4500	2.7507	07031	Puig de Ros
39.4508	-5.3259	10087	Guadalupe
39.4516	3.2760	07033	Cala Murada
39.4527	-1.2554	46213	Casas de Cuadra
39.4540	2.7500	07031	Maioris
39.4557	-0.4610	46005	Alaquàs
39.4579	-5.8820	10195	Trujillo
39.4588	-0.3329	46250	El Grao
39.4605	-4.9794	45162	Minas de Santa Quiteria
39.4625	-3.6080	45053	Consuegra
39.4626	-6.9062	10095	Herreruela
39.4636	-4.4136	13072	Retuerta de Bullaque
39.4652	3.2754	07033	Cales de Mallorca
39.4657	-0.4601	46021	Aldaia
39.4659	-0.4259	46110	Xirivella
39.4661	-4.2139	13072	El Molinillo
39.4667	-1.6333	16248	Villalpardo
39.4667	-0.5667	46111	Ventas de Poyo
39.4667	-0.9833	46213	Venta del Rebollar
39.4667	-0.9167	46229	Siete Aguas
39.4667	-2.0333	16908	Rubielos Altos
39.4667	-1.0000	46213	Rebollar
39.4667	-0.6000	46111	Masía Aldamar
39.4667	-1.2500	46213	Los Ruices
39.4667	-1.3000	46254	Las Monjas
39.4667	-0.7167	46111	Chiva
39.4667	-1.4000	46254	Casas de Moya
39.4679	-0.3301	46250	El Cabanyal-El Canyamelar
39.4682	-3.5320	45087	Madridejos
39.4695	-5.8983	10195	Huertas de Magdalena
39.4696	3.1483	07022	Felanitx
39.4708	-2.3438	16238	Villar de Cantos
39.4723	2.5201	07011	Portals Vells
39.4727	-6.3771	10037	Hospital Provincial Nuestra Señora de la Montaña
39.4732	2.7519	07031	Ses Palmeres
39.4739	-0.3797	46250	Valencia
39.4752	-0.4183	46169	Mislata
39.4765	-6.3722	10037	Cáceres
39.4787	-2.3930	16190	El Rus
39.4793	-0.3807	46250	El Carmen
39.4797	-5.4784	10033	Solana
39.4801	-5.8759	10195	Huertas de Ánimas
39.4802	-7.0076	10162	Salorino
39.4806	-4.8338	13017	Anchuras
39.4809	2.5251	07011	Sol de Mallorca
39.4814	-0.4394	46102	Quart de Poblet
39.4814	-5.8444	10195	Belén
39.4819	3.0869	07022	Son Mesquida
39.4833	-1.3500	46254	Venta del Moro
39.4833	-2.8667	16196	Santa María de los Llanos
39.4833	-1.9667	16251	Pozoseco
39.4833	-1.1167	46213	Pontón
39.4833	-0.6833	46109	Cheste
39.4833	-1.3833	46254	Casas del Rey
39.4833	-0.4000	46250	Campanar
39.4838	2.7366	07031	Cala Blava
39.4843	-0.3591	46250	Benimaclet
39.4848	2.4822	07011	El Toro
39.4850	-4.7260	45113	Los Alares
39.4851	-6.5840	10021	Arroyo de la Luz
39.4858	-2.7464	16153	El Pedernoso
39.4862	-7.1417	10203	Caserío de Casillas
39.4883	-1.1004	46213	Requena
39.4902	-0.5714	46148	Loriguilla
39.4909	2.8911	07031	Llucmajor
39.4914	-0.4635	46159	Manises
39.4915	2.5363	07011	Cala Vinyes
39.4919	2.7410	07031	Son Verí Nou
39.4948	-4.5216	13060	Navas de Estena
39.4954	2.4759	07011	Port Adriano
39.4956	-2.3323	16190	Perona
39.4967	2.5010	07011	Son Ferrer
39.4968	-4.8200	13017	Encinacaída
39.5000	-2.1667	16204	Tébar
39.5000	-0.3667	46250	Tavernes Blanques
39.5000	-1.9000	16155	El Peral
39.5000	2.7500	07031	s'Arenal
39.5000	-1.1500	46213	Derramador
39.5000	-0.4167	46250	Benimamet
39.5000	-0.4000	46078	Beniferri
39.5000	-0.3500	46013	Alboraya
39.5019	-2.8699	16133	Mota del Cuervo
39.5026	-0.4408	46190	Paterna
39.5084	-0.3222	46013	Port Saplaya
39.5087	2.4766	07011	Santa Ponsa
39.5092	-5.4377	10134	Navezuelas
39.5098	-0.4133	46078	Burjassot
39.5104	-0.3569	46032	Almàssera
39.5111	2.5353	07011	Magaluf
39.5111	-3.2474	45141	Quero
39.5115	-6.0988	10168	Santa Marta de Magasca
39.5127	-5.2542	10017	La Calera
39.5133	-2.9973	45167	El Toboso
39.5135	3.2166	07033	Son Macia
39.5143	3.0220	07043	Porreres
39.5146	-2.4927	16007	La Alberca de Záncara
39.5167	2.7500	07040	Sant Francesc
39.5167	-1.1500	46213	Roma
39.5167	-1.8000	16113	Peraleja
39.5167	-1.3000	46254	Pedriches
39.5167	-1.1500	46213	Los Ochandos
39.5167	2.7667	07040	Los Ángeles
39.5167	-0.5167	46159	La Presa
39.5167	-1.6667	16096	Graja de Iniesta
39.5167	-0.3833	46250	Carpesa
39.5167	-0.4000	46250	Borbotó
39.5167	-0.3667	46074	Bonrepòs i Mirambell
39.5167	-1.1667	46213	Barrio Arroyo
39.5186	-2.2517	16026	Atalaya del Cañavate
39.5194	3.3103	07033	Cala Romantica
39.5221	3.3129	07033	Cala Mendia
39.5228	-5.1141	45139	Puerto de San Vicente
39.5245	-3.0762	45101	Miguel Esteban
39.5247	2.5392	07011	Palmanova
39.5248	2.7431	07040	Las Maravillas
39.5249	2.7420	07040	Playa de Palma
39.5258	2.4814	07011	Costa de la Calma
39.5266	2.9152	07004	Randa
39.5270	-7.0538	10119	Membrío
39.5273	-5.6294	10011	Aldeacentenera
39.5273	2.5517	07011	Costa d'en Blanes
39.5284	2.7551	07040	Es Pil-lari
39.5290	-0.4290	46135	Campo Olivar
39.5290	2.7332	07040	Sometimes
39.5333	-0.3667	46260	Vinalesa
39.5333	-1.4333	46259	Villargordo del Cabriel
39.5333	-1.1667	46213	San Juan
39.5333	-1.1500	46213	San Antonio
39.5333	-0.4000	46216	Rocafort
39.5333	-1.6000	16125	Minglanilla
39.5333	-0.3333	46166	Meliana
39.5333	-0.4000	46250	Masarrochos
39.5333	-0.4833	46190	La Cañada
39.5333	-1.3667	46254	Jaraguas
39.5333	-0.4167	46135	Godella
39.5333	-0.3500	46126	Foios
39.5333	-1.5000	16125	Contreras
39.5333	-1.7667	16068	Castillejo de Iniesta
39.5333	-1.1833	46213	Calderón
39.5333	-0.3833	46025	Benifaraig
39.5340	2.5703	07011	Portals Nous
39.5345	-4.8515	13017	La Enjambre
39.5349	2.5792	07011	Bendinat
39.5361	2.7177	07040	Can Pastilla
39.5375	2.4481	07011	Peguera
39.5383	2.4239	07005	Camp de Mar
39.5394	2.4133	07005	Cala Fornells
39.5395	3.3330	07033	Porto Cristo
39.5402	-4.3317	13072	San Pablo
39.5410	2.5934	07011	ses Illetas
39.5429	-2.3034	16049	El Cañavate
39.5433	-4.7795	13017	Piedraescrita
39.5436	-0.3456	46009	Albalat dels Sorells
39.5443	2.3893	07005	Port d'Andratx
39.5455	-0.3955	46171	Moncada
39.5459	-0.5707	46111	Ribarroja del Turia
39.5471	2.5961	07011	Cas Català
39.5480	-5.5120	10033	Cabañas del Castillo
39.5486	-2.2499	16047	Cañadajuncosa
39.5500	-0.5167	46116	Vallesa de Mandor
39.5500	-0.4833	46903	Pla del Pou
39.5500	-1.7500	16068	Matallana
39.5500	-0.3500	46009	Mahuella
39.5500	2.6000	07011	La Bonanova
39.5500	-0.3333	46117	Emperador
39.5500	-0.9833	46213	El Reatillo
39.5500	-0.3833	46025	Alfara del Patriarca
39.5500	-0.3167	46014	Albuixech
39.5500	-2.0833	16003	Alarcón
39.5506	2.5974	07040	Sant Agustí
39.5508	2.9375	07004	Castellitx
39.5510	-0.4970	46903	Colinas de San Antonio
39.5513	2.6228	07040	Porto Pi
39.5526	2.6073	07040	Cala Mayor
39.5526	-0.3001	46163	Polígono Ind. Mediterráneo
39.5552	2.7795	07040	Sant Jordi
39.5562	-5.4773	10033	Roturas
39.5575	-2.7046	16033	Belmonte
39.5577	-0.3256	46163	Massalfassar
39.5588	-4.3569	13072	Las Navillas
39.5590	2.8954	07004	Algaida
39.5594	-2.4231	16195	Santa María del Campo Rus
39.5596	-1.2785	46095	Caudete de las Fuentes
39.5611	-6.4194	10049	Casar de Cáceres
39.5624	3.3723	07033	S'illot-Cala Morlanda
39.5633	-3.9350	45092	Marjaliza
39.5635	-5.9113	10195	La Aldea del Obispo
39.5657	2.5062	07011	Calvià
39.5657	-0.2843	46199	La Pobla de Farnals
39.5667	-2.0167	16231	Valhermoso de la Fuente
39.5667	-1.2000	46249	Utiel
39.5667	-1.6667	16174	Puebla del Salvador
39.5667	-0.3500	46177	Museros
39.5667	-1.8833	16134	Motilla del Palancar
39.5667	-0.3333	46164	Massamagrell
39.5667	-0.4500	46070	La Providencia
39.5667	-0.5333	46116	L'Eliana
39.5674	2.9819	07038	Montuïri
39.5684	-5.7424	10186	Torrecillas de la Tiesa
39.5689	-2.7605	16128	Monreal del Llano
39.5689	3.0882	07065	Vilafranca de Bonany
39.5692	-0.6245	46256	Vilamarxant
39.5694	2.6502	07040	Palma
39.5696	3.2096	07033	Manacor
39.5698	3.3720	07051	S'illot
39.5700	-2.6209	16176	Rada de Haro
39.5703	-5.5407	10033	Retamosa
39.5717	-4.7068	45113	Robledo del Buey
39.5719	2.6274	07040	Spanisches Dorf "Pueblo Espanol"
39.5721	-4.8046	45148	Navaltoril
39.5749	-4.9639	45162	Sevilleja de la Jara
39.5755	2.4202	07005	Andratx
39.5772	3.3721	07051	Sa Coma
39.5778	-0.3267	46199	la Pobla de Farnals
39.5782	2.3927	07005	s'Arracó
39.5784	2.4703	07011	Es Capdellà
39.5794	2.3506	07005	Sant Elm
39.5795	-0.4759	46070	Urbanización Torre en Conil
39.5797	2.7153	07040	Creu Vermella
39.5816	-3.8706	45200	Los Yébenes
39.5833	-0.5333	46202	Torre de Baba
39.5833	2.4167	07005	Son Curt
39.5833	-0.2667		La Torre
39.5833	-1.0833	46213	Las Nogueras
39.5833	-1.2667	46249	Las Casas
39.5833	-0.2833	46204	Las Canteras
39.5833	-1.5667	16157	La Pesquera
39.5833	-1.3500	46129	Fuenterrobles
39.5833	-4.1333	45096	El Castañar
39.5833	-0.9667	46108	Barrio de Arriba
39.5839	-5.4133	10132	Navalvillar de Ibor
39.5871	-4.9769	45162	Gargantilla
39.5886	3.3205	07051	Son Carrió
39.5887	-0.3033	46204	Puig
39.5888	-0.3346	46177	Rafelbunyol
39.5892	-5.0553	45033	El Campillo de la Jara
39.5893	2.6190	07040	Son Rapinya
39.5911	-0.4615	46070	Bétera
39.5916	-4.8769	45148	Hunfria
39.5919	2.5963	07040	Son Vida
39.5937	-3.0417	45142	Quintanar de la Orden
39.5962	3.0392	07049	Sant Joan
39.5975	-0.5547	46202	La Pobla de Vallbona
39.5976	-2.5418	16058	Carrascosa de Haro
39.5980	2.7111	07036	Pla de na Tesa
39.5981	2.6941	07036	Pont d'Inca
39.5986	-3.1178	45135	La Puebla de Almoradiel
39.5989	-2.6735	16243	Villaescusa de Haro
39.5991	2.9242	07004	Pina
39.6000	-1.0667	46213	Villar de Olmos
39.6000	2.6167	07040	Son Anglada
39.6000	-0.2667	46205	Playa de Mar
39.6000	-0.7167	46191	Pedralba
39.6000	-1.2667	46249	Los Corrales
39.6000	-1.5167	16126	La Pradera
39.6000	-0.6833	46256	La Pea
39.6000	-1.0667	46213	La Cañada
39.6000	2.6833	07040	La Indioteria
39.6000	-0.8333	46133	Gestalgar
39.6000	-1.3833	16126	Fuencaliente
39.6000	-0.9667	46108	Chera
39.6000	-1.8000	16042	Campillo de Altobuey
39.6000	-0.5833	46051	Benaguasil
39.6013	-4.8273	45148	Robledillo
39.6014	-3.6140	45175	Turleque
39.6033	-7.1956	10046	Carbajo
39.6042	-5.1425	45103	Mohedas de la Jara
39.6042	-2.8257	16100	Los Hinojosos
39.6050	3.3867	07062	Cala Millor
39.6052	-3.7083	45175	Ventavieja
39.6057	-5.2421	10213	Navatrasierra
39.6066	-7.2440	10169	Santiago de Alcántara
39.6080	-0.2654	46205	Playa de Puçol
39.6082	-7.2394	10169	Santiago de Carbajo
39.6086	2.5052	07045	Galilea
39.6096	-5.5085	10159	Robledollano
39.6099	-4.9050	45148	Robledo del Mazo
39.6101	3.2838	07051	Sant Llorenç des Cardassar
39.6103	-4.2313	45182	Ventas con Peña Aguilera
39.6128	-6.7777	10032	Brozas
39.6130	-4.4966	45075	Hontanar
39.6135	3.1131	07041	Petra
39.6136	-2.2808	16102	Honrubia
39.6138	3.3896	07062	Cala Bona
39.6150	-3.2191	45186	Villa de Don Fadrique
39.6164	-2.4259	16159	Pinarejo
39.6167	2.7713	07036	Pòrtol
39.6167	-2.0167	16237	Valverdejo
39.6167	-0.3000	46205	Puçol
39.6167	-2.1000	16142	Olmedilla de Alarcón
39.6167	-1.5333	16126	La Somera
39.6167	2.8333	07053	ses Olleries
39.6167	-1.2500	46249	Las Cuevas
39.6167	-0.4667	46070	La Mallá
39.6167	-1.9333	16092	Gabaldón
39.6167	-1.5333	16126	El Cañaveral
39.6167	-1.5333	16126	Casas de Hipólito
39.6167	-0.7667	46076	Bugarra
39.6167	-0.5667	46067	Benisanó
39.6168	2.5429	07045	Son Serralta
39.6183	2.9749	07028	Lloret de Vistalegre
39.6190	2.6271	07040	Establiments
39.6204	2.6571	07040	Son Sardina
39.6207	3.3601	07062	Son Servera
39.6214	2.7253	07036	Marratxí
39.6217	2.7458	07036	sa Cabaneta
39.6223	2.9358	07047	Ruberts
39.6229	-6.6526	10133	Navas del Madroño
39.6236	2.8386	07053	Santa Eugènia
39.6237	-3.3381	45185	Villacañas
39.6251	2.5276	07045	Puigpunyent
39.6259	-3.9415	45124	Arisgotas
39.6284	-6.3636	10170	Santiago del Campo
39.6284	-5.4171	10060	Castañar de Ibor
39.6289	-0.5978	46147	Llíria
39.6295	2.6394	07040	Son Espanyol
39.6333	-1.0833	46106	Villar de Tejas
39.6333	-0.9000	46234	Sot de Chera
39.6333	-1.0833	46106	El Cerrito
39.6333	-5.2167	10048	Carrascalejo
39.6353	-4.4701	45109	Navahermosa
39.6355	-3.7925	45090	Manzaneque
39.6361	-5.1131	45010	Aldeanueva de San Bartolomé
39.6362	3.4145	07062	Costa de los Pinos
39.6369	-6.2086	10125	Monroy
39.6373	-2.5215	16255	Villar de la Encina
39.6386	-7.4062	10094	Herrera de Alcántara
39.6395	-4.2842	45098	Menasalbas
39.6410	2.8595	07047	Biniali
39.6417	-0.2389	46220	Grao de Murviedro
39.6422	-3.9672	45163	Casalgordo
39.6423	2.7537	07036	Marratxinet
39.6425	3.0103	07060	Sineu
39.6428	-4.9489	45162	Buenasbodas
39.6436	-5.6458	10070	Deleitosa
39.6457	3.3749	07062	Pula
39.6460	2.8977	07047	Sencelles
39.6483	-3.8758	45124	Orgaz
39.6496	-4.9911	45108	La Nava de Ricomalillo
39.6500	-0.4167	46178	Náquera
39.6500	-1.1000	46106	Mas de Caballero
39.6500	-0.8833	46112	La Ermita
39.6500	-1.4333	16126	La Cañada
39.6500	-0.8833	46112	Chulilla
39.6500	-1.4000	46080	Camporrobles
39.6500	-2.1667	16039	Buenache de Alarcón
39.6505	3.1105	07901	Ariany
39.6510	-7.4982	10062	Cedillo
39.6511	2.7732	07056	Santa Maria del Camí
39.6533	-4.7837	45063	Espinoso del Rey
39.6534	2.4813	07021	Estellencs
39.6568	2.9495	07017	Costitx
39.6585	-2.3117	16213	Torrubia del Castillo
39.6586	3.4392	07014	Canyamel
39.6592	2.6420	07020	S'Esgleieta
39.6593	-2.3803	16072	Castillo de Garcimuñoz
39.6596	-6.8212	10208	Villa del Rey
39.6598	-2.7600	16145	Osa de la Vega
39.6611	-0.6708	46114	Domeño
39.6615	2.6731	07010	Palmanyola
39.6622	-0.2175	46220	El Port de Sagunt
39.6631	3.0730	07035	Maria de la Salut
39.6637	-4.2108	45055	Cuerva
39.6662	-5.8131	10103	Jaraicejo
39.6666	-4.6421	45113	Los Navalucillos
39.6667	-0.8167	46112	Vanacloig
39.6667	-1.2500	46249	La Torre
39.6667	-1.3333	46080	La Loberuela
39.6667	-1.6000	16082	Enguídanos
39.6667	-2.0667	16029	Barchín del Hoyo
39.6679	2.5787	07020	Esporles
39.6686	2.8127	07016	Consell
39.6714	-5.0625	45065	Fuentes
39.6732	-3.0145	45192	Villanueva de Alcardete
39.6753	-0.5612	46161	Marines del llano
39.6775	-3.9745	45163	Sonseca
39.6786	-0.3251	46134	Gilet
39.6793	3.4542	07014	Font de sa Cala
39.6825	-2.5088	16247	Villalgordo del Marquesado
39.6833	-0.4333	46228	Serra
39.6833	-0.3667	46224	Segart
39.6833	-1.5500	16126	Salobreja
39.6833	-0.2667	46220	Sagunto
39.6833	-0.3000	46192	Petrés
39.6833	-0.2167	46082	Canet d'En Berenguer
39.6842	-5.5090	10075	Fresnedoso de Ibor
39.6849	-3.7739	45106	Mora
39.6863	-2.3801	16015	La Almarcha
39.6873	2.5141	07007	Banyalbufar
39.6874	2.8440	07008	Binissalem
39.6893	-2.6687	16087	Fuentelespino de Haro
39.6894	-5.0954	45065	La Estrella
39.6932	3.3498	07006	Artà
39.6938	-4.1523	45140	Pulgar
39.6941	-4.0196	45096	Mazarambroz
39.6954	-3.5043	45166	Tembleque
39.6963	2.6995	07010	Bunyola
39.6987	2.5551	07007	Port des Canonge
39.6989	-2.2878	16072	Don Benito
39.6993	3.0068	07030	Llubí
39.7000	-1.6000	16082	Salto de Villora
39.7000	-1.6167	16082	Salto
39.7000	-0.5333	46182	Olocau
39.7000	-0.8667	46149	Losa del Obispo
39.7000	-2.1833	16104	Hontecillas
39.7000	-0.7000	46089	Casinos
39.7000	-1.5000	16126	Cañavedija
39.7000	-0.3333	46010	Albalat dels Tarongers
39.7009	-2.7550	16216	Tresjuncos
39.7014	3.1021	07055	Santa Margalida
39.7019	-4.3880	45151	San Martín de Montalbán
39.7021	-4.2724	45067	Gálvez
39.7024	3.4353	07014	Capdepera
39.7030	-5.5744	10042	Campillo de Deleitosa
39.7043	-4.7719	45170	Torrecilla de la Jara
39.7044	2.7918	07001	Alaró
39.7063	-5.1958	10213	Villar del Pedroso
39.7074	-3.4338	45166	Romeral
39.7090	-6.3557	10098	Hinojal
39.7104	2.6223	07063	Valldemossa
39.7106	-4.2265	45174	Totanés
39.7108	-6.5503	10082	Garrovillas
39.7109	-3.9822	45001	Ajofrín
39.7117	3.4631	07014	Cala Rajada
39.7120	-3.8706	45190	Villaminaya
39.7140	-4.8346	45170	La Fresneda
39.7155	-2.8352	16103	Hontanaya
39.7164	-3.8125	45094	Mascaraque
39.7167	-1.1500	46050	Villanueva
39.7167	-2.0667	16161	Piqueras del Castillo
39.7167	-1.7833	16150	Paracuellos
39.7167	-1.1000	46050	Nieva
39.7167	-1.4333	16126	Mira
39.7167	-0.2500	46122	Faura
39.7167	-0.3500	46120	Estivella
39.7167	-0.2333	46220	Estación de Los Valles
39.7167	-1.1000	46050	Benagéber
39.7167	-1.8833	16017	Almodóvar del Pinar
39.7171	-6.2815	10178	Talaván
39.7174	-6.8182	10118	Mata de Alcántara
39.7185	2.8669	07029	Lloseta
39.7187	-2.2214	16236	Valverde de Júcar
39.7189	-6.8838	10008	Alcántara
39.7196	-2.5737	16012	Alconchel de la Estrella
39.7198	-5.3468	10083	Garvín
39.7211	2.9109	07027	Inca
39.7212	-0.9706	46079	Calles
39.7233	-3.3062	45084	Lillo
39.7235	-3.6574	45193	Villanueva de Bogas
39.7253	-4.6423	45112	Los Navalmorales
39.7255	-5.6669	10097	Higuera
39.7259	-5.2830	10200	Valdelacasa de Tajo
39.7269	-5.7436	10057	Casas de Miravete
39.7278	-2.4140	16099	La Hinojosa
39.7307	-2.9236	16249	Villamayor de Santiago
39.7319	-3.9436	45057	Chueca
39.7331	3.2599	07006	s'Estanyol
39.7333	3.2667	07006	Colonia de San Pedro
39.7333	-0.8167	46258	Villar del Arzobispo
39.7333	-0.3500	46245	Torres-Torres
39.7333	-1.2333	46232	Sinarcas
39.7333	-1.7000	16150	Huércemes
39.7333	-0.2667	46101	Quart de les Valls
39.7333	-0.2667	46058	Benifairó de les Valls
39.7333	-0.2500	46052	Benavites
39.7337	-2.4991	16129	Montalbanejo
39.7343	2.7596	07010	Orient
39.7345	3.2294	07055	Son Serra de Marina
39.7366	3.0556	07039	Muro
39.7375	-0.2646	46103	Quartell
39.7375	3.2768	07006	Colònia de Sant Pere
39.7393	-5.1436	45111	Navalmoralejo
39.7401	-6.9330	10008	Estorninos
39.7409	-4.1841	45116	Noez
39.7413	-5.3873	10141	Peraleda de San Román
39.7414	-1.3257	16014	Aliaguilla
39.7416	-0.5310	46161	Marines
39.7420	-5.7008	10160	Romangordo
39.7433	-0.1782	12011	Barrio-Mar
39.7436	-4.7554	45146	Retamoso
39.7448	3.4300	07014	Cala Mesquida
39.7481	2.6482	07018	Deià
39.7493	-0.9968	46106	Chelva
39.7497	2.8728	07034	Mancor de la Vall
39.7500	-1.5833	16274	Villora
39.7500	-1.9667	16199	Solera del Gabaldón
39.7500	-1.4667	16137	Narboneta
39.7500	-0.2167	12011	Almenara
39.7500	-0.3667	46030	Algimia de Alfara
39.7544	-3.8524	45012	Almonacid de Toledo
39.7550	2.9007	07058	Selva
39.7559	-5.5464	10120	Mesas de Ibor
39.7577	-4.9493	45020	Belvis de la Jara
39.7581	2.9835	07009	Búger
39.7592	-5.6195	10197	Valdecañas de Tajo
39.7593	-5.0229	45009	Aldeanueva de Barbarroya
39.7599	-3.1645	45054	Corral de Almaguer
39.7610	-2.3559	16139	Olivares de Júcar
39.7612	-4.1256	45042	Casasbuenas
39.7624	-4.7090	45155	Santa Ana de Pusa
39.7648	2.9363	07058	Moscari
39.7657	3.1549	07055	Can Picafort
39.7659	2.6562	07018	Llucalcari
39.7662	2.7152	07061	Sóller
39.7667	-1.7167	16276	Yémeda
39.7667	-2.1500	16903	Valera de Abajo
39.7667	-1.0333	46247	Tuéjar
39.7667	-0.2000	12074	La Llosa
39.7667	-0.5167	12012	Gátova
39.7667	-2.0333	16081	Chumillas
39.7667	-1.6833	16056	Cardenete
39.7667	-0.3500	46024	Alfara de Algimia
39.7691	-4.5731	45194	Villarejo de Montalbán
39.7692	3.0239	07044	sa Pobla
39.7707	-6.0126	10190	Torrejón el Rubio
39.7710	-2.2655	16273	Villaverde y Pasaconsol
39.7711	2.7347	07061	Biniaraix
39.7713	2.9034	07058	Caimari
39.7747	2.9651	07012	Campanet
39.7762	2.9859	07012	Ullaró
39.7770	-4.0645	45083	Layos
39.7786	-2.5643	16253	Villar de Cañas
39.7823	2.7411	07025	Fornalutx
39.7824	-0.1874	12011	Chilches
39.7831	-2.4202	16073	Cervera del Llano
39.7833	-2.1500	16903	Valeria
39.7833	-0.8500	46141	Higueruelas
39.7833	-1.2500	16202	Casillas de Ranera
39.7833	-0.3667	46220	Algar
39.7838	2.9198	07058	Binibona
39.7840	-4.6325	45152	San Martín de Pusa
39.7842	-6.9259	10145	Piedras Albas
39.7844	-2.8144	16172	Puebla de Almenara
39.7846	-5.4850	10030	Bohonal de Ibor
39.7856	-5.1273	45017	Azután
39.7876	-4.1679	45133	Polán
39.7880	-3.4760	45071	La Guardia
39.7881	-2.6968	16264	Villarejo de Fuentes
39.7883	-4.8699	45006	Alcaudete de la Jaya
39.7920	-6.3913	10045	Cañaveral
39.7942	3.1234	07039	Platja de Muro
39.7961	-6.4123	10045	Arco
39.7963	-5.2454	45179	Valdeverdeja
39.7963	-3.9925	45023	Burguillos de Toledo
39.7969	3.1205	07039	Playa de Muro
39.7970	2.6962	07061	Port de Sóller
39.7977	-3.9443	45107	Nambroca
39.8000	-5.4000	10030	Talavera la Vieja
39.8000	-0.4000	12107	Sot de Ferrer
39.8000	-2.0833	16141	Olmeda del Rey
39.8000	-1.9000	16131	Monteagudo de las Salinas
39.8000	-2.8667	16016	Martiniega
39.8000	2.7333	07061	La Figuera
39.8000	-0.7833	46038	Artaj
39.8000	-0.7000	46018	Alcublas
39.8017	-5.1718	45138	El Puente del Arzobispo
39.8026	-6.6337	10004	Acehuche
39.8043	-4.0253	45052	Cobisa
39.8062	-4.0570	45016	Argés
39.8068	-2.2290	16004	Albaladejo del Cuende
39.8091	-0.1470	12077	Moncofa
39.8097	-5.1474	45007	Alcolea de Tajo
39.8118	-4.1489	45070	Guadamur
39.8123	-6.4743	10151	Portezuelo
39.8142	-5.6770	10019	Almaraz
39.8150	4.2775	07052	Punta Prima
39.8163	-3.1024	45027	Cabezamesada
39.8165	-2.9494	16167	Pozorrubio
39.8167	-2.1500	16903	Valera de Arriba
39.8167	-0.4167	12106	Soneja
39.8167	-0.7667	46038	Oset
39.8167	-1.1500	46247	Los Felipes
39.8167	-1.3667	16093	Garaballa
39.8167	-0.9667	46106	Ahillas
39.8173	-5.8026	10176	Serrejón
39.8176	-6.3297	10056	Casas de Millán
39.8178	-3.7346	45191	Villamuelas
39.8191	-5.6091	10026	Belvis de Monroy
39.8195	-5.3495	10028	Berrocalejo
39.8214	2.8694	07019	Escorca
39.8221	2.8845	07019	Lluc
39.8221	-2.3447	16034	Belmontejo
39.8223	-6.7733	10061	Ceclavín
39.8229	4.2349	07052	Binibèquer Vell
39.8230	-1.7252	16056	Headlam
39.8234	-2.7677	16018	Almonacid del Marquesado
39.8252	-6.4125	10139	Pedroso de Acim
39.8254	-5.5901	10026	Casas de Belvis
39.8255	-0.2336	12126	la Vall d'Uixó
39.8262	4.2273	07052	Binissafuller
39.8292	-5.2258	45172	Torrico
39.8292	-6.1403	10175	Serradilla
39.8297	-4.7190	45150	San Bartolomé de las Abiertas
39.8333	-0.4333	12039	Villatorcas
39.8333	-0.8167	46038	La Pobleta
39.8333	-0.4667	12067	Geldo
39.8333	-0.3667	12018	Azuébar
39.8333	-1.8167	16024	Arguisuelas
39.8333	-0.8000	46038	Andilla
39.8333	-0.2667	12007	Alfondeguilla
39.8340	4.2980	07052	S'Algar
39.8366	-5.5231	10199	Valdehúncar
39.8389	-6.3506	10045	Grimaldo
39.8393	-4.4131	45136	La Rinconada
39.8395	-4.8257	45072	El Membrillo
39.8398	-4.4140	45136	La Rinconada de Tajo
39.8411	-2.5043	16269	Villares del Saz
39.8418	3.1329	07003	Port d'Alcúdia
39.8422	-2.9972	16106	Horcajo de Santiago
39.8475	-6.0295	10175	Villarreal de San Carlos
39.8492	-5.5808	10122	Millanes
39.8494	4.2582	07052	Sant Lluís
39.8500	-0.1833	12126	Villavieja
39.8500	-0.9000	46262	Torre-Tallada
39.8500	-1.2833	16202	Talayuelas
39.8500	-0.4833	12104	Segorbe
39.8500	-0.3167	12056	Chóvar
39.8500	-0.7500	46038	Canales
39.8500	-1.0167	46036	Campo de Abajo
39.8500	-0.5167	12012	Altura
39.8505	4.1721	07032	Cala Canutells
39.8508	2.8000	07019	sa Calobra
39.8513	-2.3608	16191	San Lorenzo de la Parrilla
39.8518	4.2809	07064	Trebeluger
39.8518	-2.5735	16269	El Congosto
39.8519	4.1728	07032	Es Canutells
39.8528	-5.6778	10173	Saucedilla
39.8529	-5.4607	10140	Peraleda de la Mata
39.8532	3.1214	07003	Alcúdia
39.8536	-0.1564	12082	Nules
39.8581	-4.0226	45168	Toledo
39.8593	-2.7154	16101	El Hito
39.8606	-0.1406	12082	Mascarell
39.8608	3.1143	07003	es Barcarès
39.8623	-6.2327	10123	Mirabel
39.8630	-4.3592	45133	La Puebla de Montalbán
39.8632	-3.6128	45078	Huerta de Valdecarábanos
39.8634	3.1403	07003	es Mal Pas
39.8656	-5.3434	10085	El Gordo
39.8667	-1.6333	16258	Villar del Humo
39.8667	-1.0833	46241	Titaguas
39.8667	-4.0500	45168	San Bernardo
39.8667	-0.7167	12097	Sacañet
39.8667	-0.4667	12039	Peñalba
39.8667	-6.2167	10123	La Estación
39.8667	-1.0333	46036	La Carrasca
39.8667	-1.2167	16194	Higueruela
39.8667	-1.4833	16097	Henarejos
39.8667	-0.4500	12039	Castellnovo
39.8667	-1.0500	46036	Campo de Arriba
39.8667	-1.0167	46036	Alpuente
39.8667	-0.4000	12010	Almedíjar
39.8668	-0.0726	12032	El Puerto
39.8688	-2.2044	16152	La Parra de las Vegas
39.8688	-4.9225	45028	Las Herencias
39.8716	4.2080	07032	Sant Climent
39.8723	-2.4415	16266	Villarejo-Periesteban
39.8731	4.1330	07002	Cala'n Porter
39.8748	-5.2569	45029	Caleruela
39.8758	-3.7311	45202	Villasequilla de Yepes
39.8768	3.0163	07042	Pollença
39.8769	-6.8621	10218	Zarza la Mayor
39.8770	-0.0558	12032	El Grao
39.8774	-4.0378	45168	Buenavista
39.8776	4.2899	07064	Es Castell
39.8797	-5.9075	10182	La Herguijuela
39.8799	-2.6704	16130	Montalbo
39.8820	-3.4842	45059	Dosbarrios
39.8820	-2.3096	16132	Mota de Altarejos
39.8822	-3.9719	45168	Azucaica
39.8828	-4.9821	45028	Calera y Chozas
39.8833	-1.0000	46036	Obispo Hernández
39.8833	-0.5000	12081	Navajas
39.8833	-0.9500	46262	La Yesa
39.8833	-0.3000	12057	Eslida
39.8833	-1.8000	16055	Carboneras de Guadazaón
39.8864	-5.6819	10058	Casatejada
39.8880	-4.4539	45037	El Carpio de Tajo
39.8885	4.2658	07032	Maó
39.8890	-0.0850	12032	Burriana
39.8893	-5.2428	45073	Herreruela de Oropesa
39.8897	4.2993	07032	Cala Llonga
39.8905	-3.5350	45026	Cabañas de Yepes
39.8910	-0.2576	12016	Artana
39.8915	4.2593	07032	Sa Mesquida
39.8916	-5.5406	10131	Navalmoral de la Mata
39.8920	-2.5579	16277	Zafra de Záncara
39.8947	-0.1294	12901	Alquerías del Niño Perdido
39.8952	-0.1097	12901	Niño Perdido
39.8967	-6.4671	10189	Torrejoncillo
39.8970	-4.2290	45003	Albarreal de Tajo
39.8972	-0.1151	12901	Les Alqueries
39.8975	-4.5499	45037	Malpica
39.8975	-2.9613	16212	Torrubia del Campo
39.8975	-5.7795	10182	Toril
39.8981	-5.2778	45125	La Calzada de Oropesa
39.8982	4.0789	07002	Son Bou
39.8992	-6.3500	10099	Holguera
39.9000	-0.4500	12125	Vall de Almonacid
39.9000	-1.5667	16192	San Martín de Boniches
39.9000	-1.8667	16177	Reíllo
39.9000	-0.7000	12022	Masía de los Pérez
39.9000	-1.3667	16117	Landete
39.9000	-0.8667	44002	La Cervera
39.9000	-1.2667	16095	Graja de Campalbo
39.9000	-0.9833	46036	El Chopo
39.9000	-6.8167	10218	Benavente
39.9000	-1.0333	46036	Baldovar
39.9000	-0.3333	12002	Ahín
39.9005	-0.6574	12110	Teresa
39.9011	-4.2973	45024	Burujón
39.9019	-3.3239	45198	Villatobas
39.9020	-3.6252	45202	Yepes
39.9031	-5.1059	45005	Alcañizo
39.9043	-2.7247	16112	Villas Viejas
39.9056	-5.2014	45082	Lagartera
39.9063	4.0713	07002	San Jaime Mediterráneo
39.9075	3.0814	07042	Port de Pollença
39.9087	-2.9832	16002	El Acebrón
39.9089	4.0769	07002	Torre Soli Nou
39.9098	-0.7069	12022	Begís
39.9104	-0.8944	44002	Abejuela
39.9106	-4.9299	45028	Alberche del Caudillo
39.9121	-4.6793	45137	La Pueblanueva
39.9126	-2.3569	16019	Altarejos
39.9132	-3.9297	45102	Higares
39.9148	-6.4092	10189	Valdencín
39.9156	-6.6691	10038	Cachorrilla
39.9167	-0.6000	12140	Viver
39.9167	-2.1333	16902	Tórtola
39.9167	-0.6833	12114	Torás
39.9167	-4.7000	45137	Sangrera
39.9167	-0.5333	12071	Novaliches
39.9167	-0.5667	12071	Jérica
39.9167	-1.4667	16088	Fuentelespino de Moya
39.9167	-1.0167	46036	Corcolilla
39.9167	-0.7500	12022	Arteas de Abajo
39.9167	-1.1333	46041	Aras de los Olmos
39.9167	-0.4333	12008	Algimia de Almonacid
39.9167	-0.3500	12006	Alcudia de Veo
39.9173	-5.1737	45125	Oropesa
39.9175	4.0365	07902	Sant Tomàs
39.9176	-6.5622	10150	Portaje
39.9181	-6.6459	10143	Pescueza
39.9194	3.0544	07042	Cala San Vicente
39.9206	-2.8050	16186	Saelices
39.9207	-6.3040	10155	Ríolobos
39.9209	-2.8847	16016	Almendros
39.9220	-4.5976	45089	Bernúy
39.9228	-4.5698	45046	Los Molinos
39.9236	3.8242	07015	Urbanització Tamarinda
39.9244	-3.0092	16086	Fuente de Pedro Naharro
39.9255	-4.5023	45100	Mesegar
39.9257	-4.3510	45062	Escalonilla
39.9258	-2.3150	16083	Fresneda de Altarejos
39.9267	3.1446	07042	Formentor
39.9273	3.8314	07015	Cala'n Bosch
39.9281	3.8242	07015	Cap d'Artrutx
39.9293	3.8407	07015	Son Xoriguer
39.9303	4.1404	07002	Alaior
39.9313	-5.9072	10116	La Bazagona
39.9333	-1.0500	46036	Vizcota
39.9333	-2.1833	16902	Valdeganga de Cuenca
39.9333	-0.4667	12076	Matet
39.9333	-1.2833	16117	Manzaneruela
39.9333	-1.3667	16135	Los Huertos
39.9333	-0.9667	46262	La Cuevarruz
39.9333	-1.0000	46036	La Almeza
39.9333	-0.3833	12108	Jinquer
39.9333	-0.4833	12065	Gaibiel
39.9333	-0.5667	12024	Benafer
39.9333	-0.2000	12021	Betxí
39.9338	-5.1540	45169	Torralba de Oropesa
39.9342	-0.0454	12009	San Antonio
39.9364	-6.1069	10116	Palazuelo-Empalme
39.9374	3.9614	07023	Cala Galdana
39.9383	-0.1009	12135	Vila-real
39.9388	-3.6138	45050	Ciruelos
39.9391	-4.4332	45095	San Pedro de la Mata
39.9393	-3.9172	45102	Mocejón
39.9411	-4.0198	45019	Bargas
39.9412	-4.4382	45095	La Mata
39.9429	-5.7459	10114	Majadas
39.9444	-3.9868	45122	Olías del Rey
39.9451	-2.8943	16270	Villarrubio
39.9466	4.0512	07902	Es Migjorn Gran
39.9466	-2.5978	16148	Palomares del Campo
39.9473	-0.0631	12040	Almassora
39.9484	-0.3072	12109	Tales
39.9490	-4.5717	45046	Cebolla
39.9500	-2.0667	16905	Villar del Saz de Arcas
39.9500	-1.2667	16194	Santa Cruz de Moya
39.9500	-1.7333	16147	Pajaroncillo
39.9500	-1.7833	16146	Pajarón
39.9500	-1.3667	16135	Moya
39.9500	-0.6667	12140	Monleón
39.9500	-1.2667	16194	Las Rinconadas
39.9500	-4.6500	45104	La Estación
39.9500	-0.9833	46036	La Canaleja
39.9500	-1.3667	16135	El Arrabal
39.9500	-0.5667	12043	Caudiel
39.9500	-0.3333	12108	Benitandús
39.9500	-0.2833	12084	Artesa
39.9500	-3.8500	45196	Aceca
39.9556	-4.4015	45036	Carmena
39.9559	-2.4277	16019	Poveda de la Obispalía
39.9567	-4.4966	45060	Erustes
39.9574	-0.1239	12135	Virgen de Gracia
39.9579	-3.4982	45121	Ocaña
39.9607	-4.9618	45165	Gamonal
39.9614	-3.9316	45088	Magán
39.9618	-3.8829	45196	Villaseca de la Sagra
39.9621	-4.1930	45147	Rielves
39.9629	-4.9180	45165	Casar de Talavera
39.9635	-4.8308	45165	Talavera de la Reina
39.9642	-4.4586	45039	Carriches
39.9642	-4.6321	45104	Montearagón
39.9648	-4.1263	45189	Villamiel de Toledo
39.9650	-0.2604	12084	Onda
39.9654	-6.6371	10059	Casillas de Coria
39.9655	-2.5363	16211	Villar del Águila
39.9659	-4.3028	45069	Gerindote
39.9662	-1.0929	46041	Losilla
39.9667	-0.4000	12131	Villamalur
39.9667	-1.3833	16135	Santo Domingo de Moya
39.9667	-0.4833	12088	Pavías
39.9667	-0.6333	12140	Masías Blancas
39.9667	-1.0167	46036	La Torre
39.9667	-1.2500	16194	La Olmeda
39.9667	-2.0167	16089	Fuentes
39.9667	-1.0333	46036	El Collado
39.9667	-0.2167	12084	Colador
39.9667	-1.9000	16046	Cañada del Hoyo
39.9708	-4.5574	45080	Illán de Vacas
39.9723	-3.7557	45014	Vega Vieja
39.9726	-2.8981	16217	Tribaldos
39.9733	3.8342	07015	Cala Blanca
39.9736	0.0128	12040	El Grao
39.9742	-6.3176	10903	Alagón del Río
39.9755	-6.1615	10148	Caserío Judío y Moro
39.9764	-6.2678	10076	Galisteo
39.9766	-2.3889	16263	Villarejo Seco
39.9766	-4.5055	45058	Domingo Pérez
39.9769	-4.9764	45181	Velada
39.9794	-2.8614	16218	Uclés
39.9796	-6.0461	10116	Malpartida de Plasencia
39.9806	-3.4400	45115	Noblejas
39.9810	-3.1879	45156	Santa Cruz de la Zarza
39.9815	3.8384	07015	Cala Santandria
39.9819	-4.2835	45173	Torrijos
39.9832	4.0118	07023	Ferreries
39.9833	-6.3000	10076	Viñuelas de Abajo
39.9833	-0.4333	12116	Torralba del Pinar
39.9833	-1.3500	16135	Pedro Izquierdo
39.9833	-2.1500	16902	Olmedilla de Arcas
39.9833	-6.8667	10218	Moreras
39.9833	-2.0167	16089	Las Zomas
39.9833	-0.5000	12069	Higueras
39.9833	-0.7500	12115	El Toro
39.9833	-1.5500	16043	Campillos-Paravientos
39.9833	-1.6167	16036	Boniches
39.9833	-2.0500	16905	Atalaya de Cuenca
39.9833	-1.0333	44026	Arcos de las Salinas
39.9833	-2.1167	16905	Arcas
39.9837	-4.2344	45018	Barcience
39.9841	-6.5360	10067	Coria
39.9846	-4.5683	45048	Los Cerralbos
39.9851	-4.6128	45086	Lucillos
39.9856	-3.3690	45195	Villarrubia de Santiago
39.9857	-0.0493	12040	Castelló de la Plana
39.9859	-6.1437	10148	Fuentidueñas
39.9859	-2.3281	16263	Barbalimpia
39.9870	-5.6098	10180	Talayuela
39.9876	-5.1815	45125	Corchuela
39.9887	-3.7658	45014	Añover de Tajo
39.9890	-2.4787	16110	Huerta de la Obispalía
39.9901	4.0939	07037	Mercadal
39.9908	-2.8053	16181	Rozalén del Monte
40.0000	-6.3833	10127	Valtajos
40.0000	-0.8500	44143	Paraíso Alto
40.0000	-1.1167	44026	Hoya de la Carrasca
40.0000	-1.4167	16062	Casas de Garcimolina
40.0000	-2.1500	16263	Ballesteros
40.0000	-0.3667	12017	Ayódar
40.0000	-1.4333	16013	Algarra
40.0010	-4.5154	45126	Otero
40.0011	3.8414	07015	Ciutadella
40.0014	-3.6820	28013	Las Infantas
40.0015	-5.9437	10081	Torre de Paniagua
40.0018	3.8058	07015	Cala'N Blanes
40.0022	-4.3685	45004	Alcabón
40.0037	-6.1179	10148	Umbría de Matasanos
40.0041	-6.1811	10148	Pradochano y Riobermejo
40.0042	-3.5723	45123	Ontígola
40.0049	-6.2292	10016	Los Curiales
40.0049	-5.9697	10116	Mironcillo
40.0061	-3.9456	45025	Cabañas de la Sagra
40.0076	4.1955	07037	Port d'Addaia
40.0084	-2.5711	16211	Torrejoncillo del Rey
40.0085	-3.0073	16203	Tarancón
40.0088	-6.7264	10128	Malladas
40.0089	-5.2951	45184	Las Ventas de San Julián
40.0093	-6.6007	10053	Casas de Don Gómez
40.0096	-4.6761	45045	Cazalegas
40.0099	-6.3069	10076	Viñuelas de Arriba
40.0099	-4.8851	45097	Mejorada
40.0120	-3.7925	45002	La Alameda de la Sagra
40.0123	-4.1954	45077	Huecas
40.0124	-6.5018	10040	Rubiño
40.0124	-4.3273	45901	Val de Santo Domingo
40.0133	-6.2390	10116	Aldehuela del Jerte
40.0139	-3.6572	28013	La Flamenca
40.0150	-2.1956	16263	Villar de Olalla
40.0159	-6.0507	10148	Calzones
40.0159	-3.1288	16279	Zarza de Tajo
40.0165	4.2000	07037	Na Macaret
40.0167	3.8333	07015	ses Truqueries
40.0167	-0.9500	44231	Torrijas
40.0167	-0.2667	12095	Ribesalbes
40.0167	-0.6500	12090	Pina de Montalgrao
40.0167	-2.0667	16078	Mohorte
40.0167	-0.2333	12084	Mas dels Gayatos
40.0167	-0.2333	12084	Mas de Gil y Viuda
40.0167	-1.1000	44026	Las Dueñas
40.0167	-1.0167	44026	La Higuera
40.0167	-0.7000	12020	La Estación
40.0167	-2.3167	16263	Hortizuela
40.0167	-0.3167	12059	Fanzara
40.0167	-1.5000	16008	El Cubillo
40.0167	-1.2667	46088	Casas Bajas
40.0167	-0.6833	12020	Barracas
40.0167	-0.7833	44143	Alcotas
40.0167	-4.0762	45032	Camarenilla
40.0179	-5.8695	10181	Tejeda de Tiétar
40.0179	4.1892	07037	Arenal d'en Castell
40.0184	-2.3950	16001	Abia de la Obispalía
40.0188	-6.3975	10129	Morcillo
40.0191	-2.4868	16211	Villarejo-Sobrehuerta
40.0192	-4.3025	45901	Caudilla
40.0202	-3.9870	45204	Yunclillos
40.0208	-3.8560	45051	Cobeja
40.0226	4.1882	07037	Punta Grossa
40.0232	4.1664	07037	Son Parc
40.0235	-4.4303	45158	Santa Olalla
40.0239	-4.8642	45160	Segurilla
40.0249	-3.9101	45188	Villaluenga
40.0294	-5.4819	10904	Tiétar
40.0311	-3.6025	28013	Aranjuez
40.0312	-6.0884	10148	Plasencia
40.0319	-6.1423	10148	Casas del Manco
40.0332	-5.5998	10068	Cuaternos
40.0333	-6.0500	10148	Vinosillas y Espartal
40.0333	-1.7833	16225	Valdemorillo de la Sierra
40.0333	-1.1833	46001	Sesga
40.0333	-1.3500	46252	Negrón
40.0333	-0.5500	12078	Montán
40.0333	-0.8500	44143	Los Cerezos
40.0333	-2.0833	16078	La Melgosa
40.0333	-1.6000	16109	Huérguina
40.0333	-0.4167	12064	Fuentes de Ayódar
40.0333	-0.3500	12058	Espadilla
40.0333	-0.8000	44143	El Paúl
40.0333	-1.2667	46087	Casas Altas
40.0333	-1.5167	16008	Alcalá de la Vega
40.0346	-6.7473	10902	Mensegal
40.0348	-2.9236	16108	Casa de la Vega
40.0353	-6.1133	10148	Berrocalillo
40.0366	-0.1507	12902	Masía Vilarrelo
40.0377	-2.7367	16901	Carrascosa del Campo
40.0394	-3.4955	45123	Oreja
40.0397	-2.5682	16211	Horcajada de la Torre
40.0403	-6.8417	10064	Navas
40.0408	-3.8998	45203	Yuncler
40.0425	-2.3027	16078	Villanueva de los Escuderos
40.0425	-0.0703	12031	Borriol
40.0428	-2.8844	16108	Huelves
40.0431	-3.4244	28043	Aldehuela
40.0434	-3.8328	45128	Pantoja
40.0447	4.1030	07037	Cala Tirant
40.0455	-2.2608	16078	Cólliga
40.0460	-3.0552	16032	Belinchón
40.0464	-4.5251	45040	El Casar de Escalona
40.0465	-2.3616	16001	Cabrejas
40.0466	-5.7747	10191	Torremenga
40.0475	-4.2747	45118	Novés
40.0491	4.1088	07037	Naya Fornells
40.0492	-0.7622	44010	Fuente del Cepo
40.0497	-6.2138	10047	Carcaboso
40.0500	-0.6500	12133	Villanueva de Viver
40.0500	-1.2333	46001	Val de la Sabina
40.0500	-0.4000	12118	Torrechiva
40.0500	-0.3667	12113	Toga
40.0500	-1.1333	46201	Puebla de San Miguel
40.0500	-0.8333	44143	Manzanera
40.0500	-1.8500	16074	La Cierva
40.0500	-6.0667	10148	Coto y Daca
40.0500	-0.4500	12046	Cirat
40.0500	-1.6500	16052	Cañete
40.0500	0.0667	12028	Benicàssim
40.0500	-0.3500	12015	Argelita
40.0513	-2.2258	16078	Colliguilla
40.0517	-5.8212	10138	Pasarón
40.0518	-4.8107	45049	Cervera de los Montes
40.0524	-3.5615	28013	Cortijo de San Isidro
40.0525	3.8851	07015	Cala Morell
40.0528	-5.8511	10022	Arroyomolinos de la Vera
40.0529	-3.9909	45145	Recas
40.0529	-4.2072	45066	Fuensalida
40.0529	-2.6382	16901	Valparaíso de Abajo
40.0532	-2.5100	16211	Naharros
40.0548	-0.1437	12902	Masía de Correntilla
40.0552	-4.1164	45015	Arcicóllar
40.0555	-2.6919	16901	Olmedilla del Campo
40.0558	-6.6157	10101	Huélaga
40.0565	4.1315	07037	Fornells
40.0570	-3.6048	28013	Urbanización Ciudad Jardín
40.0573	-5.7205	10065	Collado
40.0591	-6.1567	10148	Palacios
40.0593	-0.6925	44206	San Agustín
40.0598	-6.0063	10148	El Ganso
40.0599	-0.1369	12040	San Juan de Moró
40.0600	-5.7543	10104	Jaraíz de la Vera
40.0601	-6.5333	10040	Calzadilla
40.0606	-5.3783	10180	Pueblonuevo de Miramontes
40.0613	-5.9278	10081	Gargüera
40.0614	-1.2868	46001	Ademuz
40.0622	-5.0639	45130	Parrillas
40.0629	-2.8078	16010	Alcázar del Rey
40.0635	-4.6549	45035	Cardiel de los Montes
40.0641	-4.2279	45134	Portillo de Toledo
40.0654	-2.4550	16211	Villar del Horno
40.0658	-2.8540	16151	Paredes
40.0661	-4.3707	45091	Maqueda
40.0662	-3.2367	28173	Villamanrique de Tajo
40.0667	-1.3333	46252	Vallanca
40.0667	-0.8000	44143	Torre Peones
40.0667	-2.0500	16149	Palomera
40.0667	-5.0833	45110	Navalcán
40.0667	-0.5167	12079	Montanejos
40.0667	-0.0833	12031	Masía Táfol
40.0667	-0.6667	44206	Mases y Tamboril
40.0667	-1.1667	46201	Mas del Olmo
40.0667	-0.9167	44143	Los Olmos
40.0667	-0.5833	12092	Los Calpes
40.0667	0.0500	12028	Las Villas
40.0667	-0.9000	44143	Las Alhambras
40.0667	-0.5000	12013	La Alquería
40.0667	-0.6000	12063	Fuente la Reina
40.0667	-5.9833	10148	Fernando Díaz
40.0667	-0.4167	12046	El Tormo
40.0667	-2.1333	16078	Cuenca
40.0667	-0.2833	12072	Araya
40.0667	-0.4833	12013	Arañuel
40.0667	-0.2000	12005	l'Alcora
40.0668	-6.6598	10128	Moraleja
40.0674	-0.1549	12902	Masía de Flors
40.0680	-3.7380	45021	Borox
40.0688	-2.6148	16901	Valparaíso de Arriba
40.0693	-4.7321	45154	San Román
40.0700	-3.4934	28043	Balcon del Tajo
40.0714	-6.1233	10136	Las Berrozanas
40.0727	-2.7102	16901	Loranca del Campo
40.0736	-6.0045	10148	Coto Navacebrera y Navahermosa
40.0740	-3.8512	45119	Numancia de la Sagra
40.0787	-0.0807	12902	Masía de Mollet
40.0816	-3.8101	45119	Ontalba
40.0830	-6.2476	10202	Valdeobispo
40.0833	-0.6667	44206	Tarín Nuevo y Viejo
40.0833	-1.5500	16187	Salinas del Manzano
40.0833	-2.1667	16078	Nohales
40.0833	-2.0667	16149	Molinos de Papel
40.0833	-0.3000	12072	Masía del Moro
40.0833	-0.3833	12073	Masía de Benachera
40.0833	-0.6833	44206	Mas Blanco
40.0833	-0.3667	12073	Ludiente
40.0833	-0.6333	44206	Los Pastores
40.0833	-0.8500	44143	Los Morales
40.0833	-6.2000	10202	Casas Valverde
40.0833	-0.5500	12079	Campos de Arenoso
40.0848	-5.8807	10025	Barrado
40.0855	-2.5437	16160	Pineda de Gigüela
40.0859	-3.8711	45205	Yuncos
40.0863	-2.2634	16904	Jábaga
40.0874	-2.4100	16265	Villarejo de la Peñuela
40.0880	-6.3498	10127	Montehermoso
40.0900	-2.6598	16112	La Langa
40.0906	-3.9671	45085	Lominchar
40.0913	0.1411	12085	Oropesa del Mar
40.0931	-4.1193	45031	Camarena
40.0938	-6.4101	10089	Guijo de Galisteo
40.0956	-4.9927	45181	Aldea de Arango
40.0977	-2.4415	16906	Valdecolmenas de Arriba
40.0978	-4.4447	45076	Hormigos
40.0993	-4.6465	45068	Garciotún
40.1000	-1.7667	16227	Valdemoro-Sierra
40.1000	-1.5000	16189	Salvacañete
40.1000	-0.5833	12092	Puebla de Arenoso
40.1000	0.2667		Olvena
40.1000	-0.4667	12142	Masía del Plano de Abajo
40.1000	-0.3667	12073	Masía de Giraba de Arriba
40.1000	-0.3833	12073	Masía de Giraba de Abajo
40.1000	-1.2833	46092	Los Santos
40.1000	-0.6500	44206	Los Peirós
40.1000	-1.2500	46001	Los Pajares
40.1000	-0.5500	12092	La Rambla Alta
40.1000	-0.5000	12013	La Artejuela
40.1000	-0.6167	12092	El Chorrico
40.1000	-0.6667	44206	Collado Royo y Poviles
40.1000	-1.4500	16189	Casas Nuevas
40.1000	-1.7000	16044	Campillos-Sierra
40.1000	-2.1667	16078	Albaladejito
40.1001	-4.0433	45056	Chozas de Canales
40.1003	-4.6856	45043	Castillo de Bayuela
40.1009	-5.5890	10157	Robledillo de la Vera
40.1010	-6.4638	10088	Guijo de Coria
40.1014	-3.4826	28170	Villaconejos
40.1026	-0.0012	12094	Puebla Tornesa
40.1028	-0.7676	44010	Albentosa
40.1036	-4.8274	45164	Sotillo de las Palomas
40.1044	-3.7668	45064	Esquivias
40.1046	-4.7227	45074	Hinojosa de San Vicente
40.1047	-3.6979	45161	Seseña
40.1049	-2.3510	16904	Valdecabrillas
40.1053	-4.3239	45143	Quismondo
40.1054	-5.7240	10068	Cuacos
40.1054	-2.2218	16023	Chillarón de Cuenca
40.1060	-6.1433	10136	Valtravieso
40.1061	-3.6492	45161	Seseña Nuevo
40.1065	-4.9385	45105	Montesclaros
40.1067	-3.3855	28043	Colmenar de Oreja
40.1078	-5.9051	10054	Casas del Castañar
40.1105	-5.7767	10079	Garganta la Olla
40.1110	0.1536	12085	Marina d'Or
40.1123	-6.0865	10136	Oliva de Plasencia
40.1126	-3.9213	45047	Cedillo del Condado
40.1132	-5.8929	10036	Cabrero
40.1138	-4.6198	45120	Nuño Gómez
40.1146	-0.7393	44010	Venta del Aire
40.1149	-6.7926	10064	Cilleros
40.1157	-3.1572	28060	Fuentidueña de Tajo
40.1167	-0.4167	12142	Zucaina
40.1167	-0.0500	12094	Villafamés
40.1167	-1.2500	46001	Torre Baja
40.1167	-1.2500	46001	Torre Alta
40.1167	-0.4500	12142	Santa Ana
40.1167	-0.8167	44210	San Cristóbal
40.1167	-1.1500	44196	Riodeva
40.1167	-0.2667	12072	Masía de Guardamar de Dalt
40.1167	-0.4833	12142	Masía de Fuentes
40.1167	-0.3000	12072	Masía de Andreu de Dalt
40.1167	-0.5167	12092	Mas de Aceite
40.1167	-0.6333	44171	Los Ramones
40.1167	-0.6500	44171	Los Giles
40.1167	-0.6000	12092	Los Cantos
40.1167	-0.4000	12041	Las Umbrías
40.1167	-0.6000	12092	La Monzona
40.1167	-1.4667	16189	Hoya del Peral
40.1167	-3.1000	28055	Granja Arenales
40.1167	-0.2333	12060	Figueroles
40.1167	-1.4167	46092	Arroyo Cerezo
40.1173	-5.8479	10147	Piornal
40.1174	-6.6006	10084	El Fresno
40.1192	-4.2416	45157	Santa Cruz del Retamar
40.1192	-2.4979	16906	Valdecolmenas de Abajo
40.1196	-0.7722	44010	Estación Mora de Rubielos
40.1197	-3.9640	45127	Palomeque
40.1197	-0.1739	12049	Costur
40.1202	-0.7600	44010	Los Mases
40.1204	-3.8049	45201	Yeles
40.1216	-5.6045	10110	Losar de la Vera
40.1216	-2.4015	16910	Villar del Maestre
40.1219	-5.5183	10179	Talaveruela
40.1219	-5.5359	10206	Viandar de la Vera
40.1221	-3.8470	45081	Illescas
40.1223	-2.2919	16904	Navalón
40.1227	-5.4954	10204	Valverde de la Vera
40.1234	-2.9167	16027	Barajas de Melo
40.1237	-2.6092	16112	Verdelpino de Huete
40.1269	-2.2232	16023	Arcos de la Cantera
40.1271	-5.7015	10014	Aldeanueva de la Vera
40.1286	-0.1715	12049	Masdavall
40.1292	-5.6608	10105	Jarandilla de la Vera
40.1296	-2.8144	16240	Vellisca
40.1300	-5.4625	10212	Villanueva de la Vera
40.1308	-1.3040	46092	Castielfabib
40.1312	-6.8328	10210	Villalba
40.1316	-3.3358	28019	Belmonte de Tajo
40.1329	-5.8793	10196	Valdastillas
40.1333	-1.6333	16205	Tejadillos
40.1333	-0.5000	12048	San Vicente
40.1333	-0.5833	44113	Rodeche
40.1333	-0.6167	44171	Olba
40.1333	-1.2500	46092	Mas de Jacinto
40.1333	-0.2833	12072	Lucena del Cid
40.1333	-0.6500	44171	Los Villanuevas
40.1333	-6.8333	10210	Las Zorreras
40.1333	-0.4333	12142	La Chirivilla
40.1333	-2.1333	16078	Embid
40.1333	-0.3833	12041	Castillo de Villamalefa
40.1333	-2.0000	16040	Buenache de la Sierra
40.1333	-1.1833	44135	Barrio de las Minas
40.1333	-0.7333	44010	Atalaya
40.1354	-3.5676	28147	Titulcia
40.1354	0.1663	12033	Torre de la Sal
40.1356	-4.6909	45144	El Real de San Vicente
40.1360	-5.9443	10184	El Torno
40.1371	-2.5377	16112	Caracena del Valle
40.1376	-6.0009	10034	Cabezabellosa
40.1377	-6.0279	10214	Villar de Plasencia
40.1385	0.1355	12033	El Borseral
40.1393	-6.7826	10210	Sierra Santa Olalla
40.1402	-3.4227	28052	Chinchón
40.1410	-2.5687	16112	Caracenilla
40.1415	-3.9182	45199	El Viso de San Juan
40.1418	-0.8153	44210	Sarrión
40.1420	-4.9817	05014	Hontanares
40.1422	-6.4268	10207	Villa del Campo
40.1423	-0.7610	44210	La Escaleruela
40.1453	-2.6903	16112	Huete
40.1456	-2.4974	16112	Castillejo del Romeral
40.1476	-2.3524	16904	Villar del Saz de Navalón
40.1476	-5.3682	10111	Madrigal de la Vera
40.1480	-6.4146	10152	Pozuelo de Zarzón
40.1496	-2.4179	16910	Cuevas de Velasco
40.1500	-1.4000	44250	Veguillas de la Sierra
40.1500	-2.0333	16078	Valdecabras
40.1500	-0.4667	12142	Masía del Rul
40.1500	-0.2333	12072	Masía de la Parra
40.1500	-0.3167	12072	Masía de Fabra Lloma
40.1500	-1.2333	44135	Mas de la Cabrera
40.1500	-0.6000	44113	Las Clochas
40.1500	-1.6833	16111	Huerta del Marquesado
40.1500	-0.7667	44210	El Babor
40.1500	-1.3000	46092	Cuesta del Rato
40.1500	-0.3833	12041	Cedramán
40.1500	-0.6000	44113	Casa Cervera
40.1500	-1.0333	44054	Camarena de la Sierra
40.1501	-6.3329	10005	Aceituna
40.1510	-1.3258	44092	El Cuervo
40.1519	-6.8325	10210	Casa Blanca
40.1536	-0.0142	12124	Els Corrals
40.1539	-5.8996	10154	Rebollar
40.1541	-0.1087	12122	Pou de Encalbo
40.1541	-5.6541	10091	Guijo de Santa Bárbara
40.1549	0.1586	12033	Ribera de Cabanes
40.1552	0.1599	12033	La Estación
40.1552	-5.2405	05047	Candeleda
40.1553	-2.8537	16185	Saceda-Trasierra
40.1553	-4.1146	45183	Las Ventas de Retamosa
40.1553	-4.5022	45117	Nombela
40.1557	-6.8867	10205	La Granja
40.1557	-3.8760	45176	Ugena
40.1560	-6.6819	10142	Perales del Puerto
40.1560	0.0432	12033	Cabanes
40.1566	-4.7862	45114	Navamorcuende
40.1567	-2.2889	16904	Fuentesclaras del Chillarón
40.1570	-6.8592	10210	Lomo Galdín
40.1576	-0.1652	12122	Useras
40.1583	-0.0703	12124	La Baseta
40.1591	-3.6210	28040	Ciempozuelos
40.1631	-1.2336	44135	Libros
40.1637	-2.2179	16078	Tondos
40.1643	-3.0360	19152	Algarga
40.1650	-1.4847	16189	Los Cortijos
40.1652	-6.0927	10136	Fresnedilla
40.1657	-2.9497	16119	Leganiel
40.1662	-0.0637	12124	La Barona
40.1666	-3.2728	28180	Villarejo de Salvanés
40.1667	-6.3667	10167	Trapilavado
40.1667	-6.7333	10100	Peraldón
40.1667	-0.6000	44113	Mas de Antón
40.1667	-0.6500	44113	Los Hornos
40.1667	-6.1167	10090	Los Berrocosos
40.1667	-0.6167	44113	Fuentes de Rubielos
40.1667	-6.7667	10210	Fuente del Aliso
40.1667	-6.8500	10210	Fuente Arcada
40.1669	-4.4048	45061	Escalona
40.1672	-2.1460	16122	Mariana
40.1694	-4.2155	45171	La Torre de Esteban Hambrán
40.1698	-3.9009	45038	Carranque
40.1706	-5.3393	05047	El Raso
40.1715	-3.8310	28036	Casarrubuelos
40.1715	-6.7209	10100	Hoyos
40.1716	-6.0028	10106	Jarilla
40.1725	-5.1660	05189	Poyales del Hoyo
40.1728	-6.7789	10210	Trevejo
40.1753	-0.0357	12124	Vall d'Alba
40.1760	-4.5984	45131	Pelahustán
40.1764	-6.2244	10172	Santibáñez el Bajo
40.1771	-4.8500	45022	Buenaventura
40.1771	-5.8311	10130	Navaconcejo
40.1775	-1.6717	16115	Laguna del Marquesado
40.1788	-6.6264	10215	Villasbuenas de Gata
40.1788	-0.5712	44165	Mas Las Peñas
40.1790	-0.3938	12130	La Manzanera
40.1797	-2.2540	16254	Noheda
40.1800	-0.6522	44201	Mas San Miguel
40.1812	-2.6258	16112	Carrascosilla
40.1813	-2.3353	16904	Sotoca
40.1817	-1.3873	44019	Alobras
40.1833	-0.0333	12124	Mas del Ventero
40.1833	-3.1833	28155	Fuentesaúco
40.1833	-3.1000	28055	Estremera
40.1833	-4.4500	45008	Aldeaencabo de Escalona
40.1834	-0.4083	12130	Los Mases
40.1835	-3.0369	19021	Maquilón
40.1840	-2.7691	16173	Mazarulleque
40.1844	-2.9089	19152	Illana
40.1846	-4.7417	45011	Almendral de la Cañada
40.1853	-6.5478	10171	Santibáñez el Alto
40.1860	-5.0468	05014	Ramacastañas
40.1863	-6.7843	10210	Villamiel
40.1865	-1.8288	16031	Beamud
40.1869	-6.0804	10216	Monte del Soto
40.1870	-4.0364	45041	Casarrubios del Monte
40.1875	-3.7768	28150	Torrejón de Velasco
40.1877	-4.9955	05132	La Higuera
40.1881	-0.5420	12048	Cortes de Arenoso
40.1884	-1.2408	44234	Tramacastiel
40.1889	-0.6531	44201	Rubielos de Mora
40.1890	-3.8353	28050	Cubas
40.1892	-0.6508	44201	Mas Santa Bárbara
40.1895	-6.1882	10006	Ahigal
40.1901	-6.3049	10167	La Dehesilla
40.1908	-3.6789	28161	Valdemoro
40.1909	-1.0913	44239	Valacloche
40.1917	-6.3400	10167	Santa Cruz de Paniagua
40.1924	-0.0442	12124	Les Ramblelles
40.1929	0.0606	12029	Benasques
40.1935	-6.1634	10090	Guijo de Granadilla
40.1936	-5.8065	10035	Cabezuela del Valle
40.1937	0.2215	12117	Torrenostra
40.1937	-2.5495	16112	Bonilla
40.1950	-2.1646	16909	Sotos
40.1961	-0.4445	12130	La Masada
40.1965	-1.1141	44064	Cascante del Río
40.1979	-2.2702	16254	Sacedoncillo
40.1989	-3.7970	28149	Torrejón de la Calzada
40.1999	-0.0087	12124	Mas de Catalá
40.2000	-1.6167	16278	Zafrilla
40.2000	-0.0667	12124	La Pelechaneta
40.2000	-0.2667	12055	Capicorp
40.2006	-0.3882	12130	Bibioj
40.2011	-6.7169	10003	Acebo
40.2016	-6.4061	10211	Villanueva de la Sierra
40.2021	-3.8819	28140	Serranillos del Valle
40.2027	-1.3541	44218	Tormón
40.2027	-0.4199	12130	Villahermosa del Río
40.2032	-5.9615	10055	Casas del Monte
40.2044	-4.0915	45180	Valmojado
40.2047	-4.4305	45129	Paredes de Escalona
40.2048	-2.4328	16272	La Ventosa
40.2050	-4.9355	05110	Lanzahita
40.2073	-3.5706	28132	San Martín de la Vega
40.2077	-3.1910	28155	Valdaracete
40.2079	-2.2912	16254	Villalbilla
40.2098	-1.0792	44089	Cubla
40.2098	-3.9233	28017	Batres
40.2104	-5.0869	05014	Arenas de San Pedro
40.2107	0.0272	12029	Benlloch
40.2108	-2.6152	16112	Saceda del Río
40.2110	-0.0634	12124	Mas d'Alentao
40.2112	0.1984	12117	La Estación
40.2124	-6.7954	10164	San Martín de Trevejo
40.2125	-6.4648	10093	Hernán-Pérez
40.2125	-3.8548	28066	Griñón
40.2132	-4.7943	45159	Sartajada
40.2132	-0.7443	44158	Incosas
40.2132	-2.2281	16030	Bascuñana de San Pedro
40.2157	-2.3821	16272	Culebras
40.2162	-0.1703	12122	Adzaneta
40.2165	-6.8462	10072	Eljas
40.2167	-1.9333	16219	La Toba
40.2167	-5.9667	10174	La Estación
40.2190	-0.4475	12130	El Romeral
40.2196	-6.3157	10167	El Bronco
40.2203	0.1965	12117	Torreblanca
40.2221	-6.8785	10205	Valverde del Fresno
40.2223	-5.1395	05089	Guisando
40.2227	-5.7501	10107	Jerte
40.2233	-6.5769	10187	Torre de Don Miguel
40.2237	-1.7436	16224	Valdemeca
40.2241	-0.9278	44192	La Puebla de Valverde
40.2241	-1.9779	16219	Uña
40.2241	-5.0571	05014	La Parra
40.2243	-5.9484	10174	Segura de Toro
40.2247	-2.7590	16173	Garcinarro
40.2248	-2.5053	16250	Villanueva de Guadamajud
40.2264	-2.6933	16112	Moncalvillo del Huete
40.2268	-3.4327	28091	Morata de Tajuña
40.2272	-2.3346	16272	Valdecañas
40.2274	0.0607	12132	Posada San Miguel
40.2278	-0.3176	12055	Masía de Gargán
40.2283	-0.0791	12105	Els Ibarsos
40.2288	-0.8108	44240	Valbona
40.2307	-3.9945	28004	El Álamo
40.2313	-3.3502	28110	Perales de Tajuña
40.2318	0.0741	12029	Villanueva de Alcolea
40.2323	-4.6220	05075	Fresnedilla
40.2328	-4.7516	45079	La Iglesuela del Tiétar
40.2332	-1.4827	44127	Arroyofrío
40.2333	-2.0667	16245	Salto de Villalba
40.2333	-0.1833	12001	Mas Blanch
40.2333	-3.1000	28025	Brea de Tajo
40.2334	-3.5580	28132	Gózquez de Abajo
40.2338	-0.2662	12055	Masía de la Carrasca
40.2341	-1.5669	44249	El Vallecillo
40.2342	-4.3904	45013	Almorox
40.2344	-2.0893	16245	Villalba de la Sierra
40.2346	-1.1861	44264	Villel
40.2353	-2.5561	16156	La Peraleja
40.2360	-3.7675	28106	Parla
40.2362	-0.6361	44165	Nogueruelas
40.2365	-3.5997	28132	Gózquez de Arriba
40.2368	-6.2276	10063	Cerezo
40.2372	-6.0485	10216	Zarza de Granadilla
40.2373	-2.2914	16254	Villar de Domingo García
40.2374	-6.5408	10039	Cadalso
40.2376	-6.5968	10084	Gata
40.2390	-4.1934	45099	Méntrida
40.2390	-4.6036	05095	Higuera de las Dueñas
40.2394	-5.9948	10086	La Granja
40.2399	-0.0707	12105	La Bodega
40.2401	-1.4089	44127	Jabaloyas
40.2415	-3.7000	28113	Pinto
40.2421	-4.9096	05182	Pedro Bernardo
40.2450	-3.0417	19107	Driebes
40.2452	-0.2879	12055	Chodos
40.2465	-0.8587	44192	Mas Royuela
40.2465	-3.3146	28146	Tielmes
40.2468	-2.6226	16112	Valdemoro del Rey
40.2469	-6.2771	10137	Palomero
40.2470	-3.1388	28025	Monte Robledal
40.2474	-6.7718	37234	Santa Clara
40.2479	-6.4161	10185	Torrecilla de los Ángeles
40.2484	-5.9207	10080	Gargantilla
40.2488	-1.5015	44217	Masegoso
40.2489	-1.4860	44217	Toril
40.2489	-0.1983	12001	La Garrofera
40.2499	-5.1036	05100	El Hornillo
40.2500	-0.7500	44158	Troya
40.2500	-1.2000	44264	Torrejón
40.2500	-0.7500	44158	Santa Lucía
40.2500	-0.2333	12001	Masía de Visen
40.2500	-5.9667	10001	El Palacio
40.2500	-6.2500	10137	Bermejana
40.2502	-0.7525	44158	Mora de Rubielos
40.2504	-3.8306	28073	Humanes de Madrid
40.2514	0.2843	12004	Alcocéber
40.2516	-5.0013	05221	Santa Cruz del Valle
40.2542	-0.2771	12055	Masía de la Lloma
40.2542	-3.2357	28035	Carabaña
40.2550	-5.6888	10183	Tornavacas
40.2553	-1.6722	16278	La Veredilla
40.2562	-2.3814	16272	Bólliga
40.2580	-2.4624	16272	Villarejo del Espartal
40.2581	-5.5221	05159	Navalguijo
40.2590	-2.1103	16280	Zarzuela
40.2591	-2.1987	16909	Collados
40.2592	-5.9783	10001	Abadía
40.2598	-5.9289	10015	Aldeanueva del Camino
40.2599	-5.0175	05132	Mombeltrán
40.2602	-3.0076	19176	Mazuecos
40.2612	-3.8596	28089	Moraleja de Enmedio
40.2623	-0.2190	12001	La Selleta
40.2624	-2.4408	16272	Fuentesbuenas
40.2636	0.0700	12120	Torre de Endoménech
40.2643	-0.4576	44193	Puertomingalvo
40.2646	-4.4668	28037	Cenicientos
40.2653	-5.9777	10001	La Cebollona
40.2662	-5.0862	05013	El Arenal
40.2667	-5.8667	10096	San Andrés
40.2667	-0.7333	44158	Los Masecicos
40.2667	-0.5667	44137	Las Torres
40.2667	-5.8500	10096	La Estación
40.2667	-0.2000	12025	La Cormana
40.2667	-5.9500	10015	La Auditoría
40.2667	-5.8667	10096	Alisadilla
40.2677	-6.2748	10117	Marchagaz
40.2680	-6.1066	10216	Granadilla
40.2686	-1.0580	44216	Aldehuela
40.2689	-6.2029	10124	Mohedas de Granadilla
40.2693	-0.0189	12105	Sierra-Engarcerán
40.2695	-3.9195	28015	Arroyomolinos
40.2699	-1.5274	44215	El Villarejo
40.2708	-5.8672	10096	Hervás
40.2711	-0.1495	12001	Casa-Lluna
40.2723	-2.6037	16162	Portalrubio de Guadamajud
40.2741	-0.4946	44193	Las Juncosas
40.2743	-3.5886	28132	La Marañosa
40.2745	-0.7860	44158	Las Barrachinas
40.2751	-4.9821	05207	San Esteban del Valle
40.2762	-1.2717	44199	Rubiales
40.2764	-0.2077	12025	Benafigos
40.2766	-1.8096	16107	Huélamo
40.2771	-0.2958	12139	El Albachés
40.2779	-4.8532	05082	Gavilanes
40.2784	-5.5004	05159	Navalonguilla
40.2785	-4.3053	28171	Villa del Prado
40.2810	-1.1514	44263	Villastar
40.2829	-3.2054	28035	Orusco
40.2830	-3.5297	28132	Soto de Pajares
40.2831	-0.0429	12105	El Parral
40.2833	-4.7667	05054	Casavieja
40.2833	0.0833	12050	Masía de Moliner
40.2833	-0.2167	12025	Masía del Camado
40.2842	-3.7942	28058	Fuenlabrada
40.2854	-0.3474	12139	Masía de Monfort
40.2858	-1.6238	44009	Val del Cabriel
40.2860	-5.8799	10096	Las Cañadas
40.2864	-4.9967	05262	Villarejo del Valle
40.2868	-6.7270	37234	El Payo
40.2880	-5.6237	05192	Puerto Castilla
40.2885	-0.8757	44103	Formiche Bajo
40.2891	-4.0120	28096	Navalcarnero
40.2896	-2.0818	16163	Portilla
40.2901	-5.9242	37102	Valdelamatanza
40.2907	-6.3338	10050	Pedro Muñoz
40.2912	-2.7738	16173	Jabalera
40.2912	-4.5838	05240	Sotillo de la Adrada
40.2923	-2.2035	16909	Torrecilla
40.2927	-0.0459	12105	Els Rosildos
40.2932	-5.5402	05153	Nava del Barco
40.2942	-5.0094	05066	Cuevas del Valle
40.2948	-6.2570	10050	Casar de Palomero
40.2953	-3.3023	28165	Valdilecha
40.2962	-0.2944	12139	Vistabella del Maestrazgo
40.2966	-4.8365	05127	Mijares
40.2968	-6.8197	37221	Navasfrías
40.2968	-0.7598	44158	Los Campillos
40.2971	-2.9824	19021	Almoguera
40.2973	-6.2995	10050	Azabal
40.2973	-2.0215	16121	Las Majadas
40.2974	-1.5040	44215	Terriente
40.2977	-5.5945	05085	Gilgarcía
40.2978	-1.4083	44243	Valdecuenca
40.2986	-4.1088	28174	Villamanta
40.2987	-2.3928	16071	Castillo-Albaráñez
40.2990	-1.1237	44216	Villaspesa
40.2992	-3.5936	28065	La Aldehuela
40.2993	-0.3744	12139	Molí Azor
40.2994	-2.5186	16094	Gascueña
40.2995	-4.6359	05002	La Adrada
40.3000	-0.2167	12025	Masía de Isidro
40.3000	-3.4667	28014	La Poveda
40.3000	-3.4333	28014	Canteras del Morro
40.3000	0.2333	12004	Alcalà de Xivert
40.3001	-3.5266	28123	El Porcal
40.3007	-4.4335	28031	Cadalso de los Vidrios
40.3008	-3.4372	28014	Arganda
40.3023	-2.4195	16143	Olmedilla de Eliz
40.3025	-2.2855	16209	Torralba
40.3032	-2.3590	16025	Arrancacepas
40.3034	-4.5541	05227	Santa María del Tiétar
40.3035	-6.3318	10146	Pinofranqueado
40.3039	-6.3589	10146	Sauceda
40.3040	-5.5118	05244	Tormellas
40.3045	-6.4867	10071	Descargamaría
40.3052	-6.2219	10050	Rivera-Oveja
40.3057	-3.7330	28065	Getafe
40.3069	-3.0090	19007	Albares
40.3081	-2.8427	19006	Albalate de Zorita
40.3081	-5.5892	05249	Casas del Abad
40.3091	-5.5821	05249	Hustias
40.3098	0.1208	12050	Cuevas de Vinromá
40.3098	-1.0758	44216	Castralvo
40.3108	-5.5767	05249	Casas de Maripedro
40.3109	-2.4759	16140	Olmeda de la Cuesta
40.3115	-6.4387	10146	Ovejuela
40.3124	-5.5029	05244	Navamures
40.3128	0.0315	12103	Sarratella
40.3131	-6.3171	10146	Mesegal
40.3143	-0.6364	44165	Mas El Fortuño
40.3146	-5.5443	05170	Cabezas Altas
40.3148	-0.7525	44158	La Olmedilla
40.3153	-5.5804	05249	Umbrías
40.3156	-5.4825	05037	Los Guijuelos
40.3158	-5.4429	05037	Bohoyo
40.3167	-5.6167	05236	Solana de Béjar
40.3167	-4.4833	28128	Rozas de Puerto Real
40.3167	-5.9167	37102	El Cerro
40.3167	-2.1944	16909	Pajares
40.3167	-5.8601	10024	Baños de Montemayor
40.3170	-0.8068	44048	Cabra de Mora
40.3171	-5.4140	05037	Navamediana
40.3172	-4.7002	05187	Piedralaves
40.3172	-0.3083	12139	Masía de Toni
40.3174	-1.2353	44216	Campillo
40.3188	-5.8577	10024	Baños
40.3188	-5.5812	05249	Venta de las Veguillas
40.3191	-3.5465	28123	Casa de Eulogio
40.3192	-2.1508	16909	Ribatajadilla
40.3193	-2.2130	16909	Villaseca
40.3201	-0.2755	12139	Masía de Salvador
40.3209	-6.6695	37245	Peñaparda
40.3210	-3.1069	19192	Mondéjar
40.3212	-5.6343	05236	La Zarza
40.3215	-5.4615	05037	Navamojada
40.3216	-0.5747	44137	Linares de Mora
40.3223	-6.4713	10156	Robledillo de Gata
40.3223	-3.8650	28092	Móstoles
40.3236	-4.2032	28008	Aldea del Fresno
40.3236	-3.7359	28065	El Bercial
40.3237	-0.8924	44103	Formiche Alto
40.3249	-5.9713	37168	Lagunilla
40.3249	-5.5820	05249	Retuerta
40.3251	-4.4966	05156	Navahondilla
40.3251	-1.4278	44204	Saldón
40.3255	-2.5823	16206	Tinajas
40.3261	-3.5109	28123	Rivas-Vaciamadrid
40.3261	-4.5718	05055	Casillas
40.3263	-6.1760	10144	La Pesga
40.3264	-5.5351	05170	Cabezas Bajas
40.3265	-0.0795	12119	Torre de Embesora
40.3272	-3.7635	28074	Leganés
40.3272	-6.2892	10041	Caminomorisco
40.3273	-5.5982	05236	Los Narros
40.3276	-6.7860	37221	El Coisal
40.3277	-5.5002	05113	Los Llanos de Tormes
40.3289	-5.8232	10078	La Garganta
40.3291	-6.2834	10041	La Dehesilla
40.3292	-6.3388	10146	Robledo
40.3293	-2.8504	19022	Almonacid de Zorita
40.3301	-5.3983	05904	La Aliseda de Tormes
40.3305	-2.8876	19335	Zorita de los Canes
40.3308	-1.3251	44041	Bezas
40.3319	-3.1803	28011	Ambite
40.3323	-0.6573	44012	Las Barracas
40.3329	-2.2305	16909	Ribagorda
40.3329	-1.5368	44159	Moscardón
40.3330	-5.5690	05249	Canaleja
40.3333	-5.5167	05113	Navalmoro
40.3333	-3.3833	28033	Campo Real
40.3347	-3.2340	28179	Villar del Olmo
40.3349	-5.4737	05113	Hermosillo
40.3359	-6.7280	37234	Villar de Flores
40.3360	-5.5322	05170	Navatejares
40.3362	-2.4625	16038	Buciegas
40.3362	-4.9116	05233	Serranillos
40.3365	-0.1657	12051	Culla
40.3366	-6.2788	10041	Huerta
40.3367	-0.6031	44137	Paulejas
40.3370	-0.2355	12139	Masía de Capote
40.3371	-5.3490	05267	La Angostura
40.3374	-5.6053	05236	Mazalinos
40.3375	-1.6147	44109	Frías de Albarracín
40.3377	-2.1740	16909	Ribatajada
40.3382	-6.6392	37371	Villasrubias
40.3385	-4.1299	28175	Villamantilla
40.3394	-3.7685	28074	Butarque
40.3403	-3.0264	19224	Pozo de Almoguera
40.3435	-5.8612	37244	Peñacaballera
40.3438	-6.2336	10041	Cambroncino
40.3447	-3.4851	28123	El Piul
40.3454	-4.0989	28178	Villanueva de Perales
40.3456	-1.1065	44216	Teruel
40.3457	-6.2602	10041	Cambrón
40.3458	-3.8249	28007	Alcorcón
40.3465	-2.6390	16246	Villalba del Rey
40.3466	-2.1131	16022	Arcos de la Sierra
40.3476	-5.5980	05236	Los Loros
40.3477	-4.0273	28141	Sevilla La Nueva
40.3478	-5.5547	05051	La Carrera
40.3484	-5.8943	37201	Montemayor del Río
40.3485	-5.5641	05051	Lancharejo
40.3488	-5.5903	05236	Serranía
40.3500	-5.8333	37263	Coto de San Miguel
40.3500	0.0333	12003	Albocàsser
40.3501	-1.8510	16215	Tragacete
40.3505	-5.8376	37263	Puerto de Béjar
40.3515	-5.5854	05236	Santa Lucía de la Sierra
40.3520	-5.6195	05236	Tremedal
40.3528	-5.4267	05904	Cardenal
40.3528	-5.3008	05162	Navalperal de Tormes
40.3535	-5.5614	05051	Cereceda
40.3540	-5.4067	05904	La Lastra del Cano
40.3549	-0.6598	44012	Hoya del Colmillo
40.3549	-6.3798	10146	Castillo
40.3555	-5.3283	05267	Zapardiel de la Ribera
40.3562	-5.1750	05105	Hoyos del Espino
40.3563	0.3026	12102	Santa Magdalena de Pulpis
40.3563	-5.3700	05904	Campurbín
40.3568	-5.5915	05236	Casas de la Sierra
40.3570	-2.9663	19327	Yebra
40.3571	-5.5236	05021	El Barco de Ávila
40.3573	-0.7008	44012	La Virgen de la Vega
40.3574	0.4069	12089	Peníscola
40.3581	-3.9043	28181	Villaviciosa de Odón
40.3582	-0.0655	12134	Villar de Canes
40.3583	-1.0408	44216	Valdecebro
40.3588	-5.3656	05904	Horcajo de la Ribera
40.3594	-5.4014	05904	Lastrilla
40.3595	-5.2003	05104	Hoyos del Collado
40.3599	-2.3961	16050	Cañaveras
40.3601	-5.2490	05901	Navacepeda de Tormes
40.3602	-1.1787	44216	San Blas
40.3605	-4.3346	28109	Pelayos de la Presa
40.3613	-0.4489	44160	Mosqueruela
40.3614	-5.1327	05165	Navarredonda de Gredos
40.3615	-5.5613	05051	Cabezuelo
40.3618	-4.3983	28133	San Martín de Valdeiglesias
40.3621	-6.3407	10146	Avellanar
40.3625	-3.0910	19124	Fuentenovilla
40.3625	-6.3609	10146	Horcajo
40.3635	-5.1445	05165	Barajas
40.3636	-2.8296	19022	Bolarque
40.3642	-4.8935	05167	Navarrevisca
40.3642	-4.0884	28178	Valdetablas
40.3646	-3.3170	28116	Pozuelo del Rey
40.3650	-4.7964	05041	La Cendra
40.3652	-3.4848	28167	Velilla de San Antonio
40.3653	-0.8173	44070	El Castellar
40.3656	-5.3039	05162	Ortigosa de Tormes
40.3661	-2.2772	16005	Albalate de las Nogueras
40.3662	-0.2945	44160	La Estrella
40.3663	-5.4422	05007	El Bardal
40.3664	-2.7565	16041	Buendía
40.3667	-5.1333	05165	Navarredonda de la Sierra
40.3667	-3.2167	28101	La Olmeda de la Cebolla
40.3673	-3.2412	28100	Nuevo Baztán
40.3673	-6.0758	37313	Martinebrón
40.3681	-5.7450	37078	Candelario
40.3683	-5.0544	05216	San Martín del Pimpollar
40.3685	-6.1387	10041	Arrofranco
40.3685	-2.4941	16045	Canalejas del Arroyo
40.3695	-5.9908	37334	Valdelageve
40.3695	0.1160	12050	Masía de Ramona
40.3698	-5.4885	05214	San Lorenzo de Tormes
40.3702	-6.3942	10146	Erías
40.3712	-5.2761	05901	San Bartolomé de Tormes
40.3712	-5.4510	05226	Los Cuartos
40.3718	-0.7201	44012	Alcalá de la Selva
40.3724	-5.8189	37080	Cantagallo
40.3726	-1.5743	44052	Calomarde
40.3748	-2.1404	16070	Castillejo-Sierra
40.3758	-1.6429	44109	Casas de Frías
40.3760	0.1134	12050	Mas d'en Romeu
40.3764	-2.8525	19252	Sayatón
40.3767	-4.7613	05041	La Majadilla
40.3769	-0.1397	12026	Benassal
40.3785	-1.5134	44198	Royuela
40.3788	-3.5191	28123	Rivas de Jarama
40.3789	-4.2101	28051	Chapinería
40.3789	-6.1649	10041	Arrolobos
40.3792	-5.7551	37046	El Castañar
40.3793	-4.7563	05041	Palancar de Abajo
40.3796	-1.1476	44216	Concud
40.3800	-5.5250	05112	Navamorisca
40.3803	-5.8621	37013	Valbuena
40.3809	-5.8975	37013	Aldeacipreste
40.3811	-6.7560	37091	Casillas de Flores
40.3812	-2.5202	16067	Castejón
40.3819	-5.4214	05007	Aldeanueva de Santa Cruz
40.3821	-4.4577	05241	La Atalaya
40.3832	-6.3882	10146	Aldehuela
40.3833	0.1500	12098	Mas d'en Rieres
40.3833	-5.7833	37046	La Estación
40.3833	-0.9333	44082	Casa Grande
40.3833	-0.7500	44012	Casa Cosa
40.3834	-3.4146	28075	Loeches
40.3838	-4.7709	05041	Horno Robledo
40.3845	-5.8097	37046	La Gloria
40.3847	-6.6073	37269	Robleda
40.3849	-5.5130	05214	Vallehondo
40.3853	-6.1825	10135	Vegas de Coria
40.3853	-4.7949	05041	Bajondillo
40.3861	-4.2512	28099	Navas del Rey
40.3864	-5.7634	37046	Béjar
40.3872	-5.4376	05226	Navarregadilla
40.3882	-1.7180	44120	Guadalaviar
40.3885	-4.6675	05163	La Lobera
40.3891	-5.3881	05018	Avellaneda
40.3892	-5.4511	05226	Santa María de los Caballeros
40.3896	-5.5495	05112	Casas de la Vega
40.3903	-5.7257	37046	Palomares Alto
40.3904	-5.7415	37046	Palomares
40.3910	-2.1423	16084	Fresneda de la Sierra
40.3911	-0.6059	44244	Valdelinares
40.3924	-5.0671	05106	Hoyos de Miguel Muñoz
40.3928	-3.4819	28084	Mejorada del Campo
40.3933	-5.5398	05112	El Losar
40.3948	-1.6733	44257	Villar del Cobo
40.3952	-5.2546	05901	La Herguijuela
40.3957	-3.7785	28079	Arroyo Meaques
40.3972	-6.3005	10135	Fragosa
40.3978	-5.7142	37212	Navacarros
40.3978	-3.7919	28115	Ciudad de la Imagen
40.3978	-6.3192	10135	El Gasco
40.3981	-5.4678	05226	Collado
40.3989	-5.6053	05024	Palacios de Becedas
40.3989	-4.9745	05101	Hoyocasero
40.3992	-6.2955	10135	Martilandrán
40.3996	-5.9562	37109	Colmenar de Montemayor
40.4000	-3.3000	28166	Colonia de Valverde
40.4002	-2.6372	16051	Cañaveruelas
40.4006	-2.3196	16242	Villaconejos de Trabaque
40.4016	-2.2170	16085	La Frontera
40.4021	-4.9300	05160	Navalosa
40.4024	-5.4350	05226	Carrascalejo
40.4026	-3.3577	28154	Torres de la Alameda
40.4031	-0.9852	44082	Corbalán
40.4037	-5.6358	05024	Becedas
40.4040	-6.0714		Cabaloria
40.4041	-6.2088	10135	El Rubiaco
40.4043	-5.4017	05010	Las Navas
40.4044	-6.2562	10135	El Cerezal
40.4047	-3.5139	28123	El Negralejo
40.4047	-6.0851	10041	Ríomalo de Abajo
40.4049	-5.7491	37046	Valdesangil
40.4050	-3.8784	28022	Boadilla del Monte
40.4053	-3.9985	28026	Brunete
40.4053	-4.0991	28119	Perales de Milla
40.4055	-3.0531	19111	Escariche
40.4062	-1.0736	44216	Tortajada
40.4064	-3.7784	28115	Colonia Los Angeles
40.4069	-6.2464	10135	Nuñomoral
40.4072	-5.5009	05097	Los Sauces
40.4072	-5.6988	37163	La Hoya
40.4078	-5.6626	05199	San Bartolomé de Béjar
40.4081	-5.3741	05228	Navamuñana
40.4082	-1.4438	44009	Albarracín
40.4090	-5.4919	05097	El Hoyo
40.4091	-5.7194	37343	Vallejera de Riofrío
40.4106	-1.1934	44216	Caudé
40.4108	-5.5570	05108	Junciana
40.4109	-5.4098	05010	La Aldehuela
40.4111	-1.3482	44117	Gea de Albarracín
40.4112	-4.7090	05163	Navaluenga
40.4114	-5.5625	05108	Barrio Chico
40.4117	-5.3847	05010	El Reoyo
40.4118	-5.8181	37071	La Calzada de Béjar
40.4120	-6.2022	10135	La Horcajada
40.4130	-6.8148	37011	La Alberguería de Argañán
40.4132	-3.0046	19112	Escopete
40.4141	-6.0955	37158	Rebollosa
40.4142	-4.7851	05041	Burgohondo
40.4148	-5.0478	05216	Navalsauz
40.4151	-6.5418	37303	El Saúgo
40.4152	-4.8716	05169	Navatalgordo
40.4153	-4.5016	05241	El Tiemblo
40.4161	-3.1736	28111	Pezuela de las Torres
40.4165	-3.7026	28079	Madrid
40.4165	0.4271	12027	Benicarló
40.4167	-3.2963	28166	Valverde de Alcalá
40.4167	-1.4333	44009	La Vega
40.4170	-5.3585	05228	La Lastra
40.4173	-4.8685	05169	Las Umbrías
40.4176	-2.6149	16011	Alcohujate
40.4178	-5.4898	05097	Encinares
40.4179	0.1751	12098	Salsadella
40.4188	-5.5065	05112	El Barquillo
40.4190	-5.7775	37046	Fuentebuena
40.4190	-4.1985	28042	Colmenar del Arroyo
40.4190	-2.9226	19212	Pastrana
40.4192	-5.8479	37332	Valdehijaderos
40.4226	-5.7831	37217	Navalmoral de Béjar
40.4226	-5.8943	37161	Horcajo de Montemayor
40.4232	0.0779	12111	Tirig
40.4233	-2.0495	16165	Poyatos
40.4233	-3.2600	28048	Corpa
40.4237	-5.6509	05171	Neila de San Miguel
40.4238	-3.5613	28049	Coslada
40.4238	-1.9128	16239	El Perchel
40.4239	-3.5326	28130	San Fernando de Henares
40.4239	-1.0774	44216	Villalba Baja
40.4244	-3.7948	28115	Somosaguas
40.4246	-1.9131	16239	Vega del Codorno
40.4250	-6.2747	10135	El Asegur
40.4252	-5.0828	05154	Navadijos
40.4255	-6.1460	10108	Las Mestas
40.4256	-4.9111	05164	Navaquesera
40.4264	-5.8076	37217	Prados Merinos
40.4266	-1.9247	16239	Los Perales
40.4271	-1.5324	44229	Torres de Albarracín
40.4272	-1.7120	44119	Griegos
40.4276	-4.0568	28119	Quijorna
40.4283	-6.5672	37303	Posadillas
40.4288	-6.6753	37136	Fuenteguinaldo
40.4288	-0.2577	12129	Villafranca del Cid
40.4296	-2.4060	16193	San Pedro Palmiches
40.4297	-5.3787	05228	Nogal
40.4299	-6.5021	37157	Cespedosa de Agadones
40.4304	-3.2990	28172	Villalbilla
40.4305	-5.1550	05215	San Martín de la Vega del Alberche
40.4306	-1.5747	44235	Tramacastilla
40.4315	-5.3587	05228	El Collado
40.4327	-2.8065	16041	Anguix
40.4328	-3.4736	28130	Castillo de Aldovea
40.4329	-3.8134	28115	Pozuelo de Alarcón
40.4332	-1.9289	16239	La Cueva
40.4333	-5.3563	05228	Santiago del Collado
40.4333	-0.6333	44021	Sollavientos
40.4333	-2.6833	16051	La Isabela
40.4333	-1.9500	16239	El Puntal
40.4333	-6.2833	10051	Casares de las Hurdes
40.4336	-5.3402	05228	Navalmahillo
40.4350	-6.0326	37313	Sotoserrano
40.4358	-5.3522	05228	Santiuste
40.4358	-6.2431	10135	La Aceitunilla
40.4360	-1.9369	16239	El Molino
40.4362	-5.7097	37133	Fresnedoso
40.4367	-5.4661	05097	La Horcajada
40.4371	-0.8515	44074	Cedrillas
40.4378	-5.4240	05097	Ríofraguas
40.4381	-5.7539	37282	Sanchotello
40.4386	-5.3690	05228	Valdelaguna
40.4388	-1.9408	16239	Collado
40.4397	-5.6177	05124	Medinilla
40.4399	-4.9312	05157	Navalacruz
40.4401	-5.3315	05228	Casas de Navancuerda
40.4411	-0.7205	44121	Gúdar
40.4414	-6.2993	10051	Casa Rubia
40.4425	-5.5392	37319	El Tejado
40.4429	-6.3974	37002	Vegas de Domingo Rey
40.4436	-6.3054	10051	Huetre
40.4437	-3.1108	19160	Loranca de Tajuña
40.4438	-5.6782	37312	Sorihuela
40.4438	-3.3496	28172	Los Hueros
40.4441	-3.9282	28022	Romanillos
40.4449	-1.9477	16239	Eustaquios
40.4449	-5.9603	37252	Pinedas
40.4451	-3.6513	28079	Ciudad Lineal
40.4452	-3.5684	28079	Colonia Fin de Semana
40.4453	-6.0744	37158	Herguijuela de la Sierra
40.4457	-3.5814	28079	Las Mercedes
40.4469	-4.0043	28176	Villanueva de la Cañada
40.4469	-6.2924	10051	Robledo
40.4471	-5.5386	37319	La Magdalena
40.4473	-6.7462	37258	Puebla de Azaba
40.4479	-6.2844	10051	Carabusino
40.4487	-6.4418	37002	Agallas
40.4494	-2.3144	16170	Priego
40.4494	-6.1876	10108	Cabezo
40.4495	-1.9632	16239	Las Chorretas
40.4496	-5.1042	05081	Garganta del Villar
40.4500	-6.2500	10135	Ríomalo de Arriba
40.4500	-3.5333	28079	Puente-Viveros
40.4500	-1.9500	16239	Los Demetrios
40.4500	-1.9500	16239	Gregoriete
40.4500	-3.4333	28130	Baezuela
40.4505	-1.9465	16239	El Tío Miguelete
40.4515	-5.3179	05186	Pesquería
40.4520	-2.2398	16048	Cañamares
40.4532	-1.2875	44076	Cella
40.4533	-5.5297	05097	Las Casillas
40.4535	-1.0501	44094	Cuevas Labradas
40.4537	0.2766	12044	Cervera del Maestre
40.4539	-3.0386	19142	Hontoba
40.4542	-4.8220	05166	Navarredondilla
40.4542	-6.4901	37181	Martiago
40.4549	-5.4179	05103	Las Casas del Camino
40.4551	-2.4790	16259	Villar del Infantado
40.4552	-6.7033	37258	Castillejo de Azaba
40.4554	-3.4697	28148	Torrejón de Ardoz
40.4559	-5.4265	05051	La Carrera
40.4564	-2.8766	19301	Valdeconcha
40.4566	-0.8178	44156	Monteagudo del Castillo
40.4567	-0.1327	12014	Ares del Maestre
40.4571	-4.3521	05057	El Quejigal
40.4572	-5.3231	05186	La Cañada
40.4578	-5.0483	05058	Cepeda la Mora
40.4584	-4.4643	05057	Cebreros
40.4586	-6.5207	37157	Herguijuela de Ciudad Rodrigo
40.4586	-3.8729	28080	Parque Empresarial El Carralero
40.4591	-4.8171	05212	San Juan del Molinillo
40.4596	-1.5973	44009	Noguera
40.4596	-5.3725	05186	La Almohalla
40.4603	-4.7686	05158	Navalmoral
40.4615	-3.1723	19220	Pioz
40.4621	-3.6766	28079	Chamartín
40.4622	-2.9604	19150	Hueva
40.4626	0.3552	12034	Càlig
40.4627	-5.4110	05103	Hoyorredondo
40.4639	-5.7724	37251	Peromingo
40.4641	-6.0627	37176	Madroñal
40.4648	-5.3283	05186	Piedrahita
40.4653	-3.2684	28012	Anchuelo
40.4653	0.1785	12098	San Mateo
40.4657	-5.2801	05155	Las Marías
40.4658	-6.2243	10108	Ladrillar
40.4658	-5.8329	37331	Valdefuentes de Sangusín
40.4660	-6.0410	37098	Cepeda
40.4663	-4.8217	05212	Villarejo
40.4669	-5.4086	05103	La Alameda
40.4670	-5.3330	05186	Barrionuevo
40.4672	-4.0723	28160	Ampliación de Cerro Alarcón
40.4674	-4.0817	28160	Cerro Alarcón
40.4676	-5.7145	37171	La Estación
40.4676	-4.8497	05212	Navandrinal
40.4688	-5.7204	37171	Ledrada
40.4689	-4.1233	28095	Navalagamella
40.4690	-5.9449	37195	Molinillo
40.4692	-5.8897	37112	Cristóbal
40.4697	-2.6094	19009	Alcocer
40.4699	-5.2974	05155	Zapata
40.4703	0.4756	12138	Vinaròs
40.4706	-5.4020	05103	El Castillo
40.4708	-5.3556	05186	Casas de Sebastián Pérez
40.4716	0.0227	12042	Catí
40.4716	-5.2776	05155	Navaescurial
40.4718	-3.2346	28136	Santorcaz
40.4723	-3.5098	28104	Quintana
40.4725	-6.8285	37006	La Alamedilla
40.4731	-6.4563	37378	Villarejo
40.4731	-3.9422	28176	Venta Vieja de San Antón
40.4735	-3.8718	28080	Majadahonda
40.4746	-5.4331	05261	Villar de Corneja
40.4752	-5.6786	37213	Nava de Béjar
40.4754	-1.1501	44075	Celadas
40.4755	-2.1762	16091	Fuertescusa
40.4756	-3.4356	28148	Casa Blanca
40.4762	-5.9202	37298	Santa María de los Llanos
40.4762	-5.4789	37218	Navamorales
40.4765	-4.6435	05211	Barraco
40.4773	-0.3022	44126	El Cid
40.4784	-5.2689	05155	El Barrio
40.4788	-4.6824	05211	San Juan de la Nava
40.4790	-5.2996	05186	El Soto
40.4808	-2.7334	19245	Sacedón
40.4815	-5.7815	37341	Valverde de Valdelacasa
40.4821	-3.3600	28005	Alcalá de Henares
40.4826	-6.0567	37196	Monforte de la Sierra
40.4831	-0.3194	44126	La Iglesuela del Cid
40.4837	-4.0366	28160	Mirador del Romero
40.4843	-1.0341	44181	Peralejos
40.4845	-5.9958	37193	Miranda del Castañar
40.4845	-2.6611	19245	Córcoles
40.4849	-6.6927	37166	Ituero de Azaba
40.4856	-5.3820	05200	Palacios de Corneja
40.4860	-5.1838	05151	Navacepedilla de Corneja
40.4870	-4.1715	28095	Fresnedillas
40.4872	-5.2865	05217	San Miguel de Corneja
40.4875	-2.4175	16006	Albendea
40.4878	-4.0318	28160	Isla Blanca
40.4879	-5.6111	37297	Santibáñez de Béjar
40.4879	-6.5752	37054	El Bodón
40.4882	-5.9167	37298	Casillas de las Erías
40.4891	-6.1111	37010	La Alberca
40.4898	-3.0137	19233	Renera
40.4901	-5.7589	37259	San Medel
40.4901	-3.9638	28177	Villanueva del Pardillo
40.4904	-5.5263	37261	Puente del Congosto
40.4909	-3.0745	19036	Aranzueque
40.4920	-4.0426	28160	Puentelasierra
40.4926	-5.3852	05200	San Bartolomé de Corneja
40.4926	-6.0533	37194	Mogarraz
40.4929	-3.8737	28127	Las Rozas de Madrid
40.4930	-0.7248	44021	Allepuz
40.4944	-5.1703	05151	Garganta de los Hornos
40.4946	-5.9158	37298	Santibáñez de la Sierra
40.4953	-3.1814	19225	Pozo de Guadalajara
40.4956	-4.0956	28160	Los Barrancos
40.4957	-5.6626	37063	La Cabeza de Béjar
40.4971	-1.4922	44157	Monterde de Albarracín
40.4981	-5.2301	05257	Villafranca de la Sierra
40.4991	-6.5306	37119	La Encina
40.4997	-3.2533	28137	Los Santos de la Humosa
40.5000	-6.3570	37307	Serradilla del Llano
40.5000	-0.3833	44059	Umbría
40.5000	-0.1500	12038	Masía de Benicabó
40.5000	-5.6833	37063	La Estación
40.5001	-4.9998	05125	Mengamuñoz
40.5006	-4.2363	28125	Robledo de Chavela
40.5006	-4.0671	28160	Valdemorillo
40.5008	-4.4236	05102	El Hoyo de Pinares
40.5009	-0.0549	12014	La Llàcua
40.5018	-2.9428	19194	Moratilla de los Meleros
40.5021	-0.1913	12038	Castellfort
40.5021	-5.3013	05126	Mesegar de Corneja
40.5025	-6.4146	37037	La Atalaya
40.5034	-6.2711	37199	Monsagro
40.5035	-3.5278	28104	Paracuellos de Jarama
40.5042	-2.5217	16188	Salmeroncillos de Abajo
40.5044	-2.0412	16197	Santa María del Val
40.5053	-0.5228	44106	Fortanete
40.5060	-2.4453	16228	Valdeolivas
40.5063	-5.7635	37333	Valdelacasa
40.5068	-5.9062	37284	San Esteban de la Sierra
40.5072	-2.5712	19184	Millana
40.5075	-6.0409	37090	Las Casas del Conde
40.5080	-0.8610	44185	El Pobo
40.5082	-5.6927	37139	Fuentes de Béjar
40.5085	-5.4048	05225	Santa María del Berrocal
40.5095	-6.6871	37074	Campillo de Azaba
40.5096	0.0255	12042	Mas de la Font Nova
40.5098	0.3321	12099	Sant Jordi
40.5104	-6.0121	37355	Villanueva del Conde
40.5106	-2.3836	16020	Arandilla del Arroyo
40.5107	-5.7367	37259	Puebla de San Medel
40.5111	-6.5626	37054	Aldealba de Hortacés
40.5117	-1.5882	44045	Bronchales
40.5120	-4.2972	28159	Valdemaqueda
40.5120	-4.0469	28160	Pino Alto
40.5126	0.1176	12052	Anroig
40.5129	-6.0249	37305	Sequeros
40.5145	-3.7725	28079	El Pardo
40.5151	-6.5102	37233	Pastores
40.5151	-5.3879	05225	Navahermosa de Corneja
40.5152	-0.0985	12080	Campello
40.5155	-5.4168	05225	Valdemolinos
40.5155	-5.9944	37147	Garcibuey
40.5167	-0.4833	44106	San Juan
40.5167	-6.8833		Matafoyada
40.5171	-3.1265	19297	Valdarachas
40.5175	-1.2650	44261	Villarquemado
40.5175	-2.7925	19045	Auñón
40.5178	-2.8823	19121	Fuentelencina
40.5187	-2.1920	16053	Cañizares
40.5189	-6.4525	37378	Zamarra
40.5194	0.1583	12052	Chert/Xert
40.5196	-0.7625	44021	Caudé
40.5199	-2.5277	16188	Salmeroncillos de Arriba
40.5213	-6.3601	37306	Serradilla del Arroyo
40.5221	-5.3503	05116	Malpartida de Corneja
40.5223	-5.4989	37261	Bercimuelle
40.5226	-6.0639	37286	San Martín del Castañar
40.5228	-4.0591	28160	El Paraíso
40.5251	0.2902	12121	Traiguera
40.5264	-2.9843	19123	Fuentelviejo
40.5264	-6.1387	37214	Caserito
40.5264	-0.4056	44059	Cantavieja
40.5267	-2.8244	19018	Alhóndiga
40.5287	-5.1974	05052	Casas del Puerto de Villatoro
40.5288	-3.0282	19041	Armuña de Tajuña
40.5292	-0.6690	44262	Villarroya de los Pinares
40.5294	-2.1508	16053	Puente de Vadillos
40.5301	-4.9673	05096	La Hija de Dios
40.5303	-3.2956	28083	El Encín
40.5306	-5.2645	05038	Bonilla de la Sierra
40.5307	-4.0939	28160	La Esperanza
40.5308	-5.6397	37155	Guijo de Ávila
40.5310	-2.0196	16116	Lagunaseca
40.5312	-2.6706	19211	Tabladillo
40.5316	-3.1078	19326	Yebes
40.5320	-3.4784	28002	Ajalvir
40.5324	-2.6332	19211	Casasana
40.5327	-0.2625	12091	Portell de Morella
40.5330	-0.2958	12091	Las Alboredas
40.5332	-5.4055	05129	El Mirón
40.5346	-6.5636	37119	Robliza
40.5351	-4.0911	28160	Parque de las Infantas
40.5353	-4.1048	28160	Mojadillas
40.5353	-5.9431	37339	Valero
40.5357	-6.1163	37214	Nava de Francia
40.5363	-5.4471	05225	Gallegos de Solmirón
40.5365	-4.8985	05238	Villaviciosa
40.5365	-6.0460	37036	Arroyomuerto
40.5382	-5.3256	05025	Becedillas
40.5386	-4.8572	05239	Palacio
40.5390	-0.1740	12038	Masía de Dolz
40.5396	-4.1256	28054	Peralejo
40.5397	0.0536	12080	Vallivana
40.5401	-5.0843	05191	Barrio de Arriba
40.5406	-4.1646	28183	Pajares
40.5413	-4.9929	05148	Narros del Puerto
40.5417	-4.8455	05239	Sotalbo
40.5424	-5.0419	05143	Muñotello
40.5426	-4.9283	05238	Robledillo
40.5427	-4.5804	05222	Santa Cruz de Pinares
40.5427	-0.7531	44130	Jorcas
40.5429	-3.4546	28053	Daganzo de Arriba
40.5430	-5.8915	37325	El Tornadizo
40.5432	0.4808	43004	Alcanar
40.5432	-5.2136	05038	Pajarejos
40.5433	-4.5403	05201	San Bartolomé de Pinares
40.5436	-5.9228	37287	San Miguel de Valero
40.5437	-5.5801	37103	Cespedosa
40.5438	-2.9578	19266	Tendilla
40.5440	-0.9708	44097	Escorihuela
40.5444	-5.7977	37300	Los Santos
40.5448	-5.0769	05191	Barrio del Medio
40.5451	-4.1098	28054	El Alcor II
40.5453	-2.4931	19247	Salmerón
40.5462	-4.8470	05239	Bandadas
40.5463	-4.0760	28160	La Pizarrera
40.5464	-1.0331	44016	Alfambra
40.5466	-4.7859	05195	Escalonilla
40.5469	-2.0259	16123	Masegosa
40.5475	-3.6420	28006	Alcobendas
40.5481	-4.1818	28183	Zarzalejo
40.5482	-2.3326	16009	Alcantud
40.5487	-4.7780	05195	Ríofrío
40.5491	-0.8076	44001	Ababuj
40.5494	-5.3345	05025	Casillas de Chicapierna
40.5496	-4.1002	28160	Montemorillo
40.5498	-2.5629	19110	Escamilla
40.5500	-1.6500	44174	Orihuela del Tremedal
40.5502	-5.0701	05191	Pradosegar
40.5503	-3.3729	28032	Camarma de Esteruelas
40.5506	-6.6267	37086	Manzano
40.5506	-4.8596	05239	Riatas
40.5514	0.2431	12036	Canet lo Roig
40.5516	-2.0633	16035	El Tobar
40.5525	-3.2508	19046	La Acequilla
40.5527	-3.3289	28083	Meco
40.5529	-4.9048	05238	Solosancho
40.5531	-5.3540	05063	Collado del Mirón
40.5534	-3.6997	28079	El Goloso
40.5536	0.5302	43156	Les Cases d'Alcanar
40.5538	-4.9341	05238	Baterna
40.5543	-4.8245	05130	Mironcillo
40.5544	-2.2285	16057	Santa Cristina
40.5555	-3.6273	28134	San Sebastián de los Reyes
40.5558	-2.6488	19211	Pareja
40.5561	-5.1126	05263	Villatoro
40.5564	-0.1438	12080	La Torre Monserrat
40.5573	-1.7274	19204	Orea
40.5573	-2.4323	19078	Castilforte
40.5575	-3.2810	19046	Miralcampo
40.5576	-5.6707	37156	Guijuelo
40.5578	-3.8917	28127	Las Matas
40.5602	-6.1620	37061	Zarzosillo
40.5604	-4.2426	28135	La Paradilla
40.5606	-4.0171	28044	Colmenarejo
40.5608	-3.5476	28104	Belvis de Jarama
40.5611	-1.4703	44189	Pozondón
40.5612	-5.2612	05246	Tórtoles
40.5613	-6.6534	37086	Aldeanueva
40.5618	-5.2459	05038	Cabezas de Bonilla
40.5619	-6.4994	37107	Agueda del Caudillo
40.5620	-4.7643	05195	Cabañas
40.5621	-6.3578	37306	Guadapero
40.5626	-4.9833	05247	Blacha
40.5629	-0.1141	12080	Dels Llivis
40.5640	-3.0611	19143	Horche
40.5647	-5.7338	37138	Fuenterroble de Salvatierra
40.5648	-4.5592	05019	El Herradón
40.5655	-6.1285	37061	El Cabaco
40.5656	-6.7158	37127	Espeja
40.5657	-3.2675	19046	Azuqueca de Henares
40.5661	-6.1808	37177	El Maillo
40.5663	-6.0914	37099	Cereceda de la Sierra
40.5667	-0.6500	44017	Masías Santilla
40.5667	-3.5000	28041	Cobeña
40.5667	-5.4658	05144	Narrillos del Álamo
40.5671	-3.2058	19105	Albolleque
40.5674	-1.3135	44209	Santa Eulalia
40.5677	-5.8361	37124	Casas de Monleón
40.5680	-5.0791	05188	Poveda
40.5688	-6.4750	37107	Cantarranas
40.5691	-0.0256	12080	Querol
40.5695	-2.5853	19110	Torronteras
40.5700	-4.2343	28135	La Hoya
40.5704	-3.1600	19105	Chiloeches
40.5710	-5.6767	37156	Campillo de Salvatierra
40.5711	-2.8012	19051	Berninches
40.5715	-2.9907	19242	Romanones
40.5719	-2.0759	16035	Beteta
40.5737	-5.0654	05012	Amavida
40.5746	-2.7499	19023	Alocén
40.5751	-5.3943	05129	Aldealabad del Mirón
40.5757	-5.0540	05012	Pascual Muñoz
40.5761	-6.0609	37104	Cilleros de la Bastida
40.5762	-0.6932	44150	Miravete
40.5765	-5.1800	05260	Villanueva del Campillo
40.5765	-3.9266	28152	Torrelodones
40.5768	-4.2068	28135	Robledondo
40.5783	-4.0043	28061	Galapagar
40.5793	-0.5368	44060	Cañada de Benatanduz
40.5795	-6.5853	37086	Fonseca
40.5795	-5.4320	05144	Mercadillo
40.5814	-2.8889	19215	Peñalver
40.5814	-3.9555	28152	Barrio de la Estación
40.5819	-5.8431	37197	Monleón
40.5822	-3.2976	19319	Villanueva de la Torre
40.5825	-4.1285	28054	El Escorial
40.5826	-2.0361	16079	Cueva del Hierro
40.5829	-0.0646	12080	Moll
40.5831	-5.6170	37024	Aldeavieja de Tormes
40.5833	-3.2167	19105	Ventas de Tierra
40.5833	-6.5000	37107	Valhondo y Brocheros
40.5833	-0.1167	12080	Les Candeales
40.5833	-6.5167	37107	Huertas de Pedrotello
40.5833	-0.2167	12045	Cinctorres
40.5834	-5.9209	37172	Linares de Riofrío
40.5847	-3.6685	28134	Valdelamasa
40.5854	-6.0589	37045	La Bastida
40.5859	-4.7448	05019	Aldea del Rey Niño
40.5860	-4.9051	05138	Salobralejo
40.5861	-2.6087	19211	Hontanillas
40.5861	-1.7906	19103	Checa
40.5867	-2.6444	19019	Alique
40.5873	-0.3427	44149	Mirambel
40.5874	-2.3806	16275	Vindel
40.5875	-5.4678	05144	Iñigo-Blasco
40.5881	-3.9468	28152	La Berzosilla
40.5883	-4.2660	28135	Navalespino
40.5892	-4.3617	05168	La Estación
40.5894	-5.5372	37315	La Tala
40.5894	-0.9861	44175	Orrios
40.5894	-4.8389	05172	Niharra
40.5900	-1.2966	44228	Torremocha de Jiloca
40.5901	-5.5976	37277	Salvatierra de Tormes
40.5903	-0.7959	44005	Aguilar del Alfambra
40.5904	-3.4100	28057	Fresno de Torote
40.5904	-5.0145	05135	Muñana
40.5907	-1.6141	19027	Motos
40.5909	-2.1631	16057	Carrascosa
40.5910	-6.8114	37140	Fuentes de Oñoro
40.5911	-5.8041	37124	Endrinal
40.5914	-4.1474	28131	San Lorenzo de El Escorial
40.5916	-4.7818	05083	Gemuño
40.5916	-4.9649	05247	La Torre
40.5917	-0.2971	44088	La Cuba
40.5921	-5.6697	37156	Cabezuela de Salvatierra
40.5927	-5.7604	37089	Casafranca
40.5932	-5.4481	37035	Armenteros
40.5934	-2.5310	19217	Villaescusa de Palositos
40.5934	-1.9095	19216	Peralejos de las Truchas
40.5937	-3.2453	19024	Alovera
40.5940	-4.4115	05161	Navalperal de Pinares
40.5949	-4.2577	28135	Santa María de la Alameda
40.5960	-6.6468	37086	Carpio de Azaba
40.5961	-3.9657	28061	Parquelagos
40.5965	-5.4924	05144	Navahombela
40.5971	-3.4974	28009	Algete
40.5973	0.4472	43156	Ulldecona
40.5976	-5.7095	37156	Palacios de Salvatierra
40.5982	-2.6913	19106	Chillarón del Rey
40.5982	-5.8969	37159	Santo Domingo de Herguijuela
40.5988	-0.1539	12080	Les Solanes
40.5990	-6.8234	37140	Colonia de la Estación
40.5991	-3.9839	28061	La Navata
40.5999	-4.4959	05093	La Cañada
40.6000	0.3500	12101	Sant Rafel del Maestrat
40.6000	-0.2833	12075	Mas de Sorolla
40.6000	-6.5333	37107	Ciudad Rodrigo
40.6000	-0.0833	12080	Casetes del Bosch
40.6000	-6.5167	37107	Alameda Vieja
40.6002	-6.2750	37204	Morasverdes
40.6005	-3.9101	28072	El Berzalejo
40.6009	-3.7081	28903	Tres Cantos
40.6010	-4.9232	05224	Santa Maria del Arroyo
40.6019	-5.8708	37159	Alberguería de Herguijuela
40.6019	-2.0639	16035	Valtablado de Beteta
40.6024	-4.3345	05168	Las Navas del Marqués
40.6030	0.0464	12127	Vallibona
40.6032	-4.8990	05138	Muñogalindo
40.6044	-3.1076	19130	Villaflores
40.6049	-1.4380	44018	Almohaja
40.6053	-3.2753	19230	Quer
40.6055	0.3926	43156	Sant Joan del Pas
40.6060	-1.8279	19104	Chequilla
40.6063	-5.1251	05251	Vadillo de la Sierra
40.6065	-5.3379	05266	Zapardiel de la Cañada
40.6066	-6.1280	37061	Zarzoso
40.6066	-6.0117	37219	Navarredonda de la Rinconada
40.6066	-2.7496	19200	El Olivar
40.6071	-4.0497	28054	Navalquejigo
40.6074	-6.5599	37107	Ivanrey
40.6080	-5.4333	05144	Revallos
40.6085	-3.0512	19161	Lupiana
40.6086	-4.9763	05247	Guareña
40.6096	-6.4649	37107	Pedrotoro
40.6098	-3.9403	28061	La Berzosa
40.6098	-4.9984	05135	Múnez
40.6100	-0.2010	12080	Freixameno
40.6101	-0.4893	44260	Palomita
40.6102	-3.6888	28903	Soto de Viñuelas
40.6108	-2.4496	19217	Peralveche
40.6109	-6.5081	37107	Huertas de San Giraldo
40.6118	-4.8101	05197	Salobral
40.6119	-4.8394	05176	Aldealabad
40.6121	-2.8907	19155	Irueste
40.6124	-0.7542	44055	Camarillas
40.6127	-4.7748	05076	El Merino
40.6127	-6.0205	37268	La Rinconada de la Sierra
40.6129	-3.1998	19130	La Aceña
40.6143	-4.2573	05184	Hoyo de la Guija
40.6144	-1.6591	19027	Alustante
40.6145	-5.6524	37255	Pizarral
40.6146	-1.3002	44226	Torre la Cárcel
40.6154	-2.3396	19232	El Recuenco
40.6157	-4.7575	05076	El Fresno
40.6162	-6.1002	37018	Aldeanueva de la Sierra
40.6165	-0.2798	12075	La Mata de Morella
40.6167	0.3667	43156	Els Valentins
40.6167	0.6000	43136	Sant Carles de la Ràpita
40.6167	-4.5333	05245	Navalgrande
40.6167	-0.3833	44236	Los Prados
40.6167	-0.7667	44055	La Virgen del Campo
40.6167	-3.1167	19130	El Sotillo
40.6168	-4.8710	05176	Muñochas
40.6173	-5.9552	37125	Escurial de la Sierra
40.6174	-2.0930	16234	Valsalobre
40.6179	0.2213	12096	Rosell
40.6180	-0.9656	44182	Villalba Alta
40.6183	-1.3466	44007	Alba
40.6188	-4.2777	28135	Las Herreras
40.6189	-2.6632	19169	Mantiel
40.6190	-2.9541	19308	Valfermoso de Tajuña
40.6196	-2.2765	16169	El Pozuelo
40.6197	-0.0989	12080	Morella
40.6209	-0.3983	44236	Tronchón
40.6217	-4.8452	05176	Padiernos
40.6219	-3.3988	28057	Serracines
40.6220	-2.6359	19211	Cereceda
40.6227	-3.9073	28072	Hoyo de Manzanares
40.6239	0.1634	12096	Bel
40.6245	-6.3545	37321	Tenebrón
40.6252	-4.9703	05247	Oco
40.6253	-6.1815	37260	Puebla de Yeltes
40.6253	-2.7266	19108	Durón
40.6262	-4.2315	05184	Peguerinos
40.6264	-6.0687	37268	Ventas de Garriel
40.6267	-1.7463	19013	Alcoroches
40.6273	-2.7585	19054	Budia
40.6274	-3.4728	28162	Alalpardo
40.6276	-4.6143	05245	Tornadizos de Ávila
40.6277	-4.9532	05247	Sanchicorto
40.6286	-3.1618	19130	Guadalajara
40.6294	-4.0073	28047	La Estación
40.6296	-6.0388	37320	San Miguel de Asperones
40.6298	-3.3300	28156	Valdeavero
40.6305	-5.3480	05122	Martínez
40.6309	-3.8787	28072	La Nava
40.6309	-2.8580	19329	Yélamos de Abajo
40.6310	-5.8640	37159	Herguijuela del Campo
40.6315	-6.7025	37145	Gallegos de Argañán
40.6315	-6.0231	37320	Tejeda y Segoyuela
40.6317	-4.7928	05232	La Serrada
40.6322	-3.5115	28009	Fuente el Saz
40.6325	-5.6229	37200	Montejo
40.6333	-5.6901	37051	Berrocal de Salvatierra
40.6333	0.4167	43156	La Miliana
40.6333	0.2833	43044	la Sènia
40.6337	0.2755	12096	Les Cases del Riu
40.6338	-3.2294	19058	Cabanillas del Campo
40.6338	-1.0018	44182	Perales del Alfambra
40.6341	-4.8188	05141	Muñopepe
40.6345	-4.9737	05247	Balbarda
40.6347	-3.3137	19300	Valdeaveruelo
40.6347	-3.2600	19058	Valbueno
40.6348	-2.5890	19291	La Puerta
40.6351	-4.0049	28047	Collado-Villalba
40.6361	-6.0623	37320	Puerto de la Calderilla
40.6371	-3.4506	28162	Valdeolmos
40.6377	-0.3404	12083	Olocau del Rey
40.6384	-2.8202	19249	San Andrés del Rey
40.6386	-3.1206	19130	Iriépal
40.6391	-1.8704	19178	Megina
40.6392	-5.3633	05122	San Simones
40.6398	-5.4058	37162	Horcajo-Medianero
40.6399	-6.6573	37145	Cuéllar
40.6401	-2.8434	19330	Yélamos de Arriba
40.6408	-1.5162	44197	Ródenas
40.6410	-1.4708	44180	Peracense
40.6420	-5.9146	37041	Hondura
40.6427	-2.8983	19053	Balconete
40.6428	-6.3151	37115	Dios le Guarde
40.6431	-1.1375	44053	Camañas
40.6431	-3.1750	19130	La Estación
40.6433	-3.3338	19280	Torrejón del Rey
40.6433	-2.0290	19223	Poveda de la Sierra
40.6439	-4.2267	05184	Las Damas
40.6444	0.6868	43014	el Poble Nou del Delta
40.6454	-0.1999	12061	Forcall
40.6456	-6.3935	37279	Gavilán
40.6458	-5.8566	37309	La Sierpe
40.6459	-6.6321	37272	Sageras del Río
40.6467	-0.2467	12112	Todolella
40.6475	-5.9761	37320	Los Arévalos
40.6475	-4.7660	05061	La Colilla
40.6484	-0.5307	44260	Villarluengo
40.6485	-0.5932	44183	Pitarque
40.6493	-2.5621	19291	Viana de Mondéjar
40.6496	-5.3820	37114	Chagarcia Medianero
40.6499	-5.5758	37242	Pelayos
40.6500	-3.8000	28045	Navallar
40.6500	-6.1333	37316	Bodegón
40.6506	-3.0512	19082	Centenera
40.6507	-6.7584	37005	La Alameda de Gardón
40.6511	-2.9256	19053	Tomellosa
40.6513	-4.8030	05053	Duruelo
40.6519	-5.9351	37041	Corral de Garcíñigo
40.6527	-6.6140	37272	Majuelos
40.6535	-3.1270	19130	Taracena
40.6542	-5.7478	37131	Navarredonda de Salvatierra
40.6543	-6.0338	37320	Monflorido
40.6551	-1.3116	44213	Singra
40.6552	0.4686	43068	Godall
40.6559	-0.8822	44115	Galve
40.6563	0.1579	12093	Puebla de Benifasar
40.6564	-5.2773	05181	Pascualcobo
40.6566	-5.0464	05213	Grajos
40.6569	-5.7822	37131	Frades de la Sierra
40.6572	-4.6995	05019	Ávila
40.6572	-6.1054	37316	Tamames
40.6588	-0.1254	12080	Chiva de Morella
40.6589	-4.0251	28010	Alpedrete
40.6591	-3.7676	28045	Colmenar Viejo
40.6593	-5.0118	05252	Valdecasa
40.6593	-6.4424	37107	Valdecarpinteros
40.6594	0.7865	43014	l'Eucaliptus
40.6606	0.0422	12037	Castell de Cabres
40.6619	-5.3572	05903	Carpio-Medianero
40.6620	-0.0193	12080	Herbeset
40.6625	-6.2433	37026	Aldehuela de Yeltes
40.6627	-5.5400	37143	Galinduste
40.6637	-1.7220	19221	Piqueras
40.6639	0.1757	12093	Ballestar
40.6642	-6.0065	37320	Segoyuela de los Cornejos
40.6642	-5.3247	05903	Diego Álvaro
40.6642	-3.3898	28122	Ribatejada
40.6644	-5.0772	05119	Manjabálago
40.6646	-5.4654	37162	Valverde de Gonzaliáñez
40.6647	-4.9149	05205	Sanchorreja
40.6649	-4.9658	05145	Narrillos del Rebollar
40.6656	-2.9698	19299	Valdeavellano
40.6656	-2.0700	19214	Peñalén
40.6667	-6.7167	37356	Villar de Puerco
40.6667	-0.4667	44260	La Hoya
40.6668	-3.1991	19171	Marchamalo
40.6669	-5.9000	37211	Íñigo
40.6670	-2.9969	19043	Atanzón
40.6677	-4.5967	05019	Bernúy-Salinero
40.6682	-1.8097	19289	Traid
40.6700	-6.6327	37272	Saelices el Chico
40.6700	-2.4024	19038	Arbeteta
40.6705	-6.6970	37356	Sexmiro
40.6706	-5.2886	05218	San Miguel de Serrezuela
40.6707	-1.5937	19272	Tordesilos
40.6709	-0.5459	44260	Las Fábricas
40.6713	0.5197	43062	Freginals
40.6716	-0.7424	44123	Cobatillas
40.6716	-1.2348	44003	Aguatón
40.6718	-6.3166	37009	Alba de Yeltes
40.6727	-4.0895	28068	Guadarrama
40.6727	-4.5230	05019	Urraca-Miguel
40.6735	-6.3500	37009	El Mejorito
40.6739	-4.7816	05121	Martiherrero
40.6741	-0.7033	44017	Aliaga
40.6741	-6.4032	37107	Bocacara
40.6744	-5.7378	37237	La Dueña de Arriba
40.6746	-5.0512	05119	Ortigosa del Ríoalmar
40.6748	-0.2002	12137	Villores
40.6757	-5.7300	37237	La Dueña de Abajo
40.6758	-1.6792	19003	Adobes
40.6768	-5.9426	37041	Barbalos
40.6769	-2.7468	19054	Valdelagua
40.6774	-4.9442	05145	Benitos
40.6782	-3.9707	28090	Moralzarzal
40.6788	-3.6164	28129	San Agustín del Guadalix
40.6790	-5.0062	05252	Pasarilla del Rebollar
40.6796	-2.2515	19317	Villanueva de Alcorón
40.6797	-1.8803	19219	Pinilla de Molina
40.6799	-3.0444	19015	Aldeanueva de Guadalajara
40.6799	0.1197	12093	Bojar
40.6800	-2.7994	19054	Membribe
40.6805	-2.6865	19086	Gualda
40.6815	0.4634	43156	La Galera
40.6816	-4.6326	05019	Vicolozano
40.6818	-3.0863	19130	Valdenoches
40.6820	-1.4997	44258	Villar del Salz
40.6823	-5.8740	37211	Terrones
40.6833	-0.4000	44071	Torre Asensio
40.6833	-5.0833	05119	Gamonal
40.6845	-6.4448	37279	Tesos Miradores
40.6846	-5.9055	37211	Sanchogómez
40.6847	-2.9166	19053	Archilla
40.6848	-6.0440	37316	Avililla de la Sierra
40.6853	-0.6840	44017	Aldehuela
40.6856	-1.0971	44266	Visiedo
40.6860	-6.6820	37356	Martillán
40.6865	-0.3222	44044	Bordón
40.6865	-2.5439	19291	Azañón
40.6871	-5.6131	37188	La Maya
40.6882	-2.8837	19053	Romancos
40.6883	-2.4748	19291	Morillejo
40.6884	-1.1622	44028	Argente
40.6890	-6.0170	37050	Coquilla de Huebra
40.6898	0.0846	12093	Corachar
40.6905	-0.7854	44123	Hinojosa de Jarque
40.6910	-0.5954	44260	Montoro de Mezquita
40.6912	-5.8057	37189	Membribe de la Sierra
40.6918	-0.1757	12080	Ortells
40.6919	-6.7302	37359	Barquilla
40.6920	-5.1138	05107	Hurtumpascual
40.6924	-6.5862	37096	Malperal
40.6933	-4.0228	28046	Collado Mediano
40.6935	-3.3354	19126	Galápagos
40.6937	-3.5116	28164	Valdetorres de Jarama
40.6940	-4.6276	05019	Brieva
40.6944	-4.5947	05030	Berrocalejo de Aragona
40.6949	-6.0026	37050	Villar del Profeta
40.6950	-2.9794	19074	Caspueñas
40.6950	-4.7235	05019	Narrillos de San Leonardo
40.6951	-1.9039	19267	Terzaga
40.6955	-1.3472	44251	Villafranca del Campo
40.6969	-3.1640	19130	El Cañal
40.6973	-6.6376	37096	Castillejo de Martín Viejo
40.6974	-1.9682	19264	Taravilla
40.6983	-6.5464	37096	Campanero
40.6984	-5.7904	37189	Navagallega
40.6987	-6.7714	37015	Castillejo de Dos Casas
40.6988	-5.9738	37050	Coca de Huebra
40.6988	-5.9266	37211	Narros de Matalayegua
40.6989	-3.9337	28023	Cerceda
40.6993	-6.1866	37304	Sepulcro Hilario
40.6994	-6.0534	37050	Torre de Velayos
40.7000	-5.1000	05107	Viñegra
40.7000	0.1000	12093	Mas de la Mola
40.7000	-0.4833	44071	Los Baños
40.7000	-0.9667	44111	Fuentes Calientes
40.7000	-0.1167	12141	Cap de Barranch
40.7002	-3.4254	19071	El Casar de Talamanca
40.7007	-0.2942	44071	Luco de Bordón
40.7009	-2.5926	19291	Trillo
40.7010	-4.5634	05123	Mediana de Voltoya
40.7020	-5.7496	37237	Herreros de Salvatierra
40.7027	-4.9577	05067	Chamartín
40.7028	-6.6700	37359	Serranillo
40.7028	-0.8008	44128	Jarque de la Val
40.7043	-3.1232	19286	Tórtola de Henares
40.7049	-5.1082	05080	Blascojimeno
40.7052	-6.3338	37097	Castraz
40.7054	0.1709	12093	Fredes
40.7056	0.7256	43902	Sant Jaume d'Enveja
40.7058	-6.4003	37107	Sancti Spíritus
40.7060	-4.5163	05173	Ojos-Albos
40.7063	-4.9064	05079	Gallegos de Altamiros
40.7067	-4.9813	05059	Cillán
40.7068	-6.7925	37015	Aldea del Obispo
40.7068	-5.0272	05136	Muñico
40.7077	-4.7664	05019	La Alamedilla del Berrocal
40.7079	-2.7490	19054	Picazo
40.7081	-0.9149	44062	Cañada Vellida
40.7088	-1.2674	44046	Bueña
40.7090	-6.1407	37001	Abusejo
40.7098	-5.8718	37211	Castroverde
40.7099	0.5786	43014	Amposta
40.7112	-3.0121	19302	Valdegrudas
40.7116	-4.9112	05079	Altamiros
40.7120	-3.2675	19130	Usanos
40.7131	-4.1905	40076	San Rafael
40.7132	-5.6164	37134	Fresno-Alhándiga
40.7134	-0.8296	44093	Cuevas de Almudén
40.7139	-5.9485	37211	Peralejos de Solís
40.7142	-2.4022	19310	Valtablado del Río
40.7144	-4.1626	40076	Gudillos
40.7147	-2.7075	19132	Henche
40.7152	-5.7051	37237	Pedrosillo de los Aires
40.7153	-4.0730	28087	Apeadero de Los Molinos-Guadarrama
40.7154	0.4929	43063	Santa Bárbara
40.7156	-5.2096	05044	Cabezas del Villar
40.7158	-4.0740	28087	Los Molinos
40.7158	-5.8327	37346	Las Veguillas
40.7160	0.5301	43078	Masdenverge
40.7160	-3.9166	28023	Boalo
40.7167	-2.8500	19053	Santa Clara
40.7167	0.7333	43014	la Cava
40.7167	-1.9667	19048	Baños de Tajo
40.7169	-0.7256	44017	Campos
40.7169	-5.1122	05080	Gallegos de Sobrinos
40.7170	-3.9886	28018	Becerril de la Sierra
40.7172	-1.1125	44136	Lidón
40.7180	-0.1794	12087	Palanques
40.7183	-2.7744	19053	Castilmimbre
40.7186	-6.0005	37050	Berrocal de Huebra
40.7188	-4.2472	40076	El Espinar
40.7190	-4.5893	05243	Cortos
40.7193	-6.4051	37279	La Estación
40.7194	0.7084	43901	Deltebre
40.7200	-6.0542	37273	Carrascalejo de Huebra
40.7210	-0.8670	44148	Mezquita de Jarque
40.7210	-0.0044	12068	Herbés
40.7216	-1.6704	19271	Tordellego
40.7221	-5.0308	05136	Rinconada
40.7223	-0.9962	44195	Rillo
40.7231	-5.8537	37346	Mora de la Sierra
40.7234	-6.4082	37279	Gavilán
40.7235	-0.3061	44071	Los Alagones
40.7236	-4.6085	05243	Gallegos de San Vicente
40.7238	-6.3402	37097	Pedraza de Yeltes
40.7240	-0.2582	44071	Torremocha
40.7247	-3.1731	19117	Fontanar
40.7250	-2.4838	19086	Carrascosa de Tajo
40.7254	0.8399	43901	Riumar
40.7255	-6.7036	37359	Villar de la Yegua
40.7257	-5.9190	37211	Herreros
40.7261	-0.5726	44096	Masada de la Solana
40.7263	-3.8626	28082	Manzanares el Real
40.7275	-5.4173	37169	Carabias
40.7282	-0.1667	12141	Zorita del Maestrazgo
40.7283	-5.4927	37029	Anaya de Alba
40.7291	-4.0170	28093	Navacerrada
40.7293	-0.3151	44071	Las Planas
40.7298	-0.3905	44071	La Algecira
40.7308	-2.9476	19053	Valdesaz
40.7308	-5.9828	37050	Domingo Señor
40.7315	-6.6349	37096	Aldeanueva de Portanovis
40.7321	-3.5797	28045	El Molar
40.7327	-5.8823	37211	Cortos de la Sierra
40.7331	-2.6261	19086	Gárgoles de Abajo
40.7333	-2.5667	19086	Sotoca de Tajo
40.7333	0.3667	43077	Mas de Barberans
40.7333	-0.5000	44096	Masada de la Valredonda
40.7333	-6.4167	37279	Fuenterroble de Arriba
40.7333	-3.2167	19117	Berjafel
40.7334	-5.9329	37211	Peña de Cabra
40.7342	-1.6172	19255	Setiles
40.7342	-2.8327	19053	Pajares
40.7347	-6.3151	37097	Sepúlveda
40.7348	-5.8460	37346	Cabrera
40.7358	-2.3026	19040	Armallones
40.7362	-3.9460	28023	Mataelpino
40.7372	-5.4489	37169	Larrodrigo
40.7372	-5.0911	05131	Mirueña
40.7375	-1.4988	44169	Ojos Negros
40.7377	-6.7385	37357	Villar de Ciervo
40.7380	-6.5867	37039	Isabela
40.7389	-5.0116	05237	Solana de Ríoalmar
40.7392	-1.7836	19277	Otilla
40.7395	-0.6220	44017	La Cañadilla
40.7398	-6.1787	37068	Cabrillas
40.7398	-6.5082	37096	Paradinas de Abajo y Vista Alegre
40.7404	-4.1829	40076	Estación de El Espinar
40.7405	-6.2581	37183	Campocerrado
40.7410	-4.0564	28038	Cercedilla
40.7418	-0.4014	44071	Ladruñán
40.7418	-5.9768	37088	Pedro Martín
40.7418	-5.5778	37310	Siete Iglesias de Tormes
40.7421	0.6123	43904	L'Aldea
40.7424	-4.7458	05049	Cardeñosa
40.7425	-3.0283	19274	Torija
40.7428	-3.5998	28108	Pedrezuela
40.7429	-6.0250	37281	Sanchón de la Sagrada
40.7431	-4.4710	05902	Aldeavieja
40.7433	-3.5089	28145	Talamanca de Jarama
40.7434	-1.7370	19034	Anquela del Pedregal
40.7440	-6.0720	37273	La Sagrada
40.7442	-5.5547	37144	Galisancho
40.7452	-6.4822	37279	Cañada Carbonera
40.7463	-0.6804	44017	Cirugeda
40.7470	-0.3571	44071	Santolea
40.7471	-4.6241	05206	San Esteban de los Patos
40.7473	-5.7115	37203	Miguel Muñoz
40.7489	-5.2878	37007	Alaraz
40.7493	-1.9307	19268	Tierzo
40.7495	-1.8071	19277	Torrecuadrada de Molina
40.7499	-1.9466	19268	Arias
40.7500	-3.2500	19130	Monte Fresno
40.7500	-2.6333	19086	Gárgoles de Arriba
40.7502	-3.0858	19088	Ciruelas
40.7503	-2.5368	19086	Huetos
40.7507	-5.6271	37047	Beleña
40.7509	-2.6980	19258	Solanillos del Extremo
40.7513	-2.4500	19086	Oter
40.7514	-0.0689	44223	Torre de Arcas
40.7514	-3.1626	19331	Yunquera de Henares
40.7516	-5.9033	37344	Casasola del Campo
40.7517	-4.5819	05243	Tolbaños
40.7519	-4.6658	05128	Mingorría
40.7519	-2.5803	19086	Ruguilla
40.7525	-5.8376	37346	Llen
40.7526	-3.7802	28144	Soto del Real
40.7527	-5.4817	37029	Herrezuelo
40.7531	-2.9434	19053	Fuentes de la Alcarria
40.7536	-4.4968	05902	Blascoeles
40.7541	-2.8300	19053	Malacuera
40.7550	-5.3752	37235	Pedraza de Alba
40.7553	-4.9565	05088	Grandes
40.7553	-4.1992	40076	Prados
40.7553	-4.8373	05040	Muñoyerro
40.7559	-1.9986	19118	Fuembellida
40.7559	-5.6933	37203	Monterrubio de la Sierra
40.7562	0.0398	44179	Peñarroya de Tastavíns
40.7566	-4.0714	28038	Las Dehesas
40.7570	0.6521	43903	El lligallo del Gànguil
40.7584	-3.4616	28163	Valdepiélagos
40.7587	-4.8738	05256	Villaflor
40.7587	-5.8022	37346	Pedrollén
40.7597	-6.4595	37279	Palancas
40.7598	-3.3768	19304	Valdenuño-Fernández
40.7599	-0.9440	44195	Son del Puerto
40.7604	-4.3305	40146	Navas de San Antonio
40.7605	-2.8697	19053	Brihuega
40.7611	0.5530	43078	Campredó
40.7617	-4.6137	05243	Escalonilla
40.7621	-2.2012	19333	Zaorejas
40.7622	-1.0297	44177	Pancrudo
40.7627	-5.2315	37178	Malpartida
40.7628	-3.4129	19071	Mesones
40.7628	-0.4242	44071	Las Cuevas de Cañart
40.7635	-6.5673	37096	Villar del Rey
40.7638	-5.9991	37088	Carrascal del Obispo
40.7640	-6.3437	37183	Peña Cuerna
40.7649	-3.5797	28168	El Vellón
40.7653	-1.8419	19284	Torremochuela
40.7656	-2.7385	19053	Olmeda del Extremo
40.7660	-6.4052	37279	Fuenterroble de Abajo
40.7666	-3.5329	28168	El Espartal
40.7667	-6.3500	37183	Vadera-Baldía
40.7667	-3.0327	19274	Rebollosa de Hita
40.7667	-6.3500	37183	El Collado
40.7668	-5.5383	37118	Ejeme
40.7669	-4.5883	05243	Saornil de Voltoya
40.7676	-3.0640	19066	Cañizar
40.7676	-5.6114	37060	Buenavista
40.7678	-5.8595	37344	Olmedilla
40.7681	-4.9728	05088	San Martín de las Cabezas
40.7684	-4.9161	05039	Horcajuelo
40.7687	-0.9651	44177	Cervera del Rincón
40.7691	-5.1152	05209	San García de Ingelmos
40.7692	-4.6990	05128	Zorita de los Molinos
40.7695	-4.7813	05133	Monsalupe
40.7698	-5.7564	37291	Bernoy-Cemprón
40.7701	-5.4222	37330	Valdecarros
40.7704	-2.0269	19309	Escalera
40.7706	-1.2129	44200	Rubielos de la Cérida
40.7712	-5.5566	37122	Encinas de Arriba
40.7713	-1.5057	44190	Pozuel del Campo
40.7723	-2.3976	19199	Ocentejo
40.7727	-4.7459	05185	Peñalba de Ávila
40.7739	-5.8015	37346	Arguijo
40.7743	-2.9925	19290	Trijueque
40.7754	-0.2443	44178	Las Parras de Castellote
40.7759	-6.2916	37183	Martín de Yeltes
40.7760	-0.3860	44071	Dos Torres de Mercader
40.7763	-0.5534	44096	Ejulve
40.7765	-4.8785	05220	Morañuela
40.7767	-0.8686	44099	Valdeconejos
40.7767	-1.6498	19222	El Pobo de Dueñas
40.7770	-6.2284	37135	Santa Olalla de Yeltes
40.7774	-4.2150	40076	Los Ángeles de San Rafael
40.7781	-1.0877	44085	Corbatón
40.7785	-4.9393	05039	Brabos
40.7788	-5.8781	37344	Vecinos
40.7791	-0.7506	44176	Palomar de Arroyos
40.7793	-1.5703	19213	El Pedregal
40.7796	-4.4136	40225	Villacastín
40.7803	-5.5261	37118	Portillo
40.7817	0.6551	43903	Camarles
40.7823	-4.8365	05017	Aveinte
40.7823	-0.2685	44178	Jaganta
40.7825	-5.3651	37141	Gajates
40.7831	-3.3049	19120	Fuentelahiguera de Albatages
40.7833	-6.2500	37135	La Estación
40.7833	-6.1276	37289	San Muñoz
40.7841	-2.2779	19333	Huertapelayo
40.7841	-0.6194	44268	La Zoma
40.7850	-3.6935	28067	Guadalix de la Sierra
40.7850	-1.7933	19227	Prados Redondos
40.7853	-2.8373	19053	Villaviciosa de Tajuña
40.7859	-1.9612	19309	Valhermoso
40.7862	-2.6225	19086	Cifuentes
40.7865	-2.0457	19099	Lebrancón
40.7869	-1.7072	19195	Morenilla
40.7873	-4.9105	05230	Santo Tomé de Zabarcos
40.7874	-3.2447	19166	Málaga del Fresno
40.7878	-0.0355	44154	Monroyo
40.7880	-1.3554	44153	Monreal del Campo
40.7882	-3.0970	19133	Heras
40.7886	-5.4786	37216	Navales
40.7894	-6.0677	37088	Olleros
40.7901	-5.7372	37291	San Pedro de Rozados
40.7903	-2.7525	19050	Barriopedro
40.7905	-1.7722	19227	Chera
40.7907	-4.6141	05115	Mingo-Peláez
40.7914	0.5328	43155	Arrabal de la Leche
40.7914	-5.1477	05118	Mancera de Arriba
40.7918	-3.0772	19279	Torre del Burgo
40.7919	-1.8291	19227	Pradilla
40.7923	-3.3404	19325	Viñuelas
40.7938	-0.9308	44238	Las Parras de Martín
40.7943	-4.7638	05027	Aldehuela
40.7947	-0.8101	44099	Escucha
40.7948	-4.2776	40223	Vegas de Matute
40.7952	-3.4955	19293	Caraquiz
40.7956	-5.9183	37344	Corbacera
40.7961	-2.5840	19086	Val de San García
40.7966	-6.2207	37135	Boadilla
40.7972	-3.6197	28169	Venturada
40.7986	-4.9899	05180	El Parral
40.7994	-4.9336	05234	Sigeres
40.7996	-1.0662	44020	Alpeñés
40.7999	-4.7626	05196	Rivilla de Barajas
40.8000	-3.1167	19005	Palacio de Heras
40.8000	-0.3197	44071	Castellote
40.8002	-5.9758	37353	Villalba de los Llanos
40.8005	-2.0292	19099	Cuevas Minadas
40.8007	-4.3792	40104	Ituero y Lama
40.8010	-4.6677	05190	Pozanco
40.8012	-1.9461	19099	Teroleja
40.8012	-1.6856	19139	Hombrados
40.8013	-3.1723	19189	Mohernando
40.8013	-5.2807	37296	Santiago de la Puebla
40.8013	-6.3595	37267	Retortillo
40.8014	-5.2191	37276	Salmoral
40.8015	-5.0870	05033	Blascomillán
40.8016	-6.2585	37135	La Fuente de San Esteban
40.8021	-5.4060	37236	Turra de Alba
40.8021	-4.8708	05220	San Pedro del Arroyo
40.8024	-2.0913	19099	Cuevas Labradas
40.8025	-0.6960	44066	Castel de Cabra
40.8036	-5.0389	05094	Herreros de Suso
40.8043	-4.9557	05139	Castilblanco
40.8046	-6.2119	37135	Aldeavieja
40.8049	-4.7633	05027	El Burgo
40.8066	-1.7857	19227	Aldehuela
40.8067	0.0652	44114	Fuentespalda
40.8068	-5.5991	37182	Martinamor
40.8069	-5.6983	37205	Morille
40.8075	-5.9324	37187	Matas Altas
40.8089	-4.3361	40233	Zarzuela del Monte
40.8093	-4.5119	05115	Maello
40.8094	-2.9922	19298	Valdearenas
40.8095	-2.3587	19244	Canales del Ducado
40.8103	-2.7289	19306	Valderrebollo
40.8118	-5.0058	05265	Vita
40.8120	-4.6338	05229	Santo Domingo de las Posadas
40.8122	-0.3382	44212	Seno
40.8124	0.7101	43906	L'Ampolla
40.8125	0.5216	43155	Tortosa
40.8126	-2.4938	19064	Canredondo
40.8127	-0.8455	44238	Utrillas
40.8135	-5.8739	37187	Carrascal de Sanchiricones
40.8139	-1.4821	44042	Blancas
40.8143	-1.8578	19079	Castilnuevo
40.8145	-6.1992	37135	Muñoz
40.8149	-0.2739	44071	Abenfigo
40.8153	-2.0562	19099	Torete
40.8155	-3.7621	28085	Miraflores de la Sierra
40.8157	-6.3061	37052	Boada
40.8160	-6.0072	37353	Monte Abajo
40.8162	-0.6457	44063	Cañizar del Olivar
40.8169	-3.5984	28121	Redueña
40.8177	-4.2573	40211	Valdeprados
40.8182	-2.6672	19086	Moranchel
40.8183	-3.3490	19323	Villaseca de Uceda
40.8183	-1.0286	44177	Portalrubio
40.8185	-0.9896	44177	Cuevas de Portalrubio
40.8190	-1.7593	19076	Castellar de la Muela
40.8191	-5.4470	37021	Aldeaseca de Alba
40.8192	-4.2806	40211	Guijasalbas
40.8195	-1.9089	19099	Valsalobre
40.8196	-3.2545	19167	Malaguilla
40.8201	-3.6244	28029	Cabanillas de la Sierra
40.8202	-4.2099	40152	Otero de Herreros
40.8203	0.5026	43133	Roquetes
40.8206	-3.6727	28094	Navalafuente
40.8210	-0.4502	44151	Molinos
40.8211	-3.0768	19263	Taragudo
40.8215	-3.0454	19138	Hita
40.8216	-3.4038	19102	El Cubillo de Uceda
40.8218	-5.5823	37336	Valdemierque
40.8218	-4.9222	05139	Muñogrande
40.8221	-0.1953	44004	Aguaviva
40.8222	-2.2128	19201	Buenafuente del Sistal
40.8227	-3.9639	40181	Puerto de Cotos
40.8228	-5.3951	37236	Pedrosillo de Alba
40.8232	-1.9480	19099	Terraza
40.8233	-5.8170	37291	Tornadizos
40.8235	-2.2870	19148	Huertahernando
40.8243	-2.1829	19333	Villar de Cobeta
40.8248	-2.7823	19053	Yela
40.8251	-1.9686	19099	Ventosa
40.8254	-5.9428	37187	Matilla de los Caños del Río
40.8255	-2.6953	19172	Masegoso de Tajuña
40.8257	-1.3377	44232	Torrijo del Campo
40.8260	-3.1526	19151	Humanes
40.8263	-0.9648	44144	La Rambla de Martín
40.8265	-4.7409	05087	Gotarrendura
40.8266	-5.5124	37008	Alba de Tormes
40.8272	0.5082	43155	Jesús
40.8272	-6.7611	37264	Puerto Seguro
40.8273	-1.7964	19190	Tordelpalo
40.8276	-3.5368	28151	Torrelaguna
40.8285	-6.0981	37025	Tejadillo
40.8293	-2.9590	19196	Muduex
40.8300	-6.1549	37149	Vilvis
40.8302	-4.8396	05210	San Juan de la Encinilla
40.8310	-5.2853	37174	Macotera
40.8314	-4.8043	05194	Riocabado
40.8316	0.1830	44037	Beseit / Beceite
40.8328	-0.8018	44155	Montalbán
40.8328	-2.4184	19244	Sacecorbo
40.8329	-4.8452	05210	San Juan Bautista
40.8332	-5.1268	05033	El Convento de Duruelo
40.8333	-6.5500	37137	Hernandinos
40.8339	-1.1365	44085	Cosa
40.8341	-0.2429	44145	Mas de las Matas
40.8353	-2.0918	19099	Torrecilla del Pinar
40.8358	-0.5844	44116	Gargallo
40.8362	-4.6429	05253	Vega de Santa María
40.8362	-4.8082	05181	Pascualcobo
40.8363	-6.7955	37056	La Bouza
40.8368	-6.1117	37025	Rodasviejas
40.8377	0.0192	44194	Ráfales
40.8379	-4.8813	05005	Albornos
40.8381	-6.0695	37025	Sanchobueno
40.8383	-1.1909	44034	Bañón
40.8384	-5.5416	37322	Terradillos
40.8387	0.4489	43155	Regués
40.8388	-1.3242	44056	Caminreal
40.8391	-6.2533	37059	Los Campos
40.8393	-1.9136	19099	Castellote
40.8394	-3.4604	19293	Uceda
40.8397	-5.1993	37179	Mancera de Abajo
40.8398	-4.7696	05175	El Oso
40.8403	-0.0560	44077	Cerollera
40.8407	-5.6770	37209	Ariscos
40.8408	-6.2057	37241	Peramato
40.8408	-1.8480	19190	Novella
40.8411	-3.3685	19070	Casa de Uceda
40.8415	-2.8923	19125	Gajanejos
40.8415	-3.4967	28153	Torremocha de Jarama
40.8416	-4.6232	05254	Velayos
40.8417	-0.7178	44224	Torre de las Arcas
40.8418	-4.1772	40901	Ortigosa del Monte
40.8420	-5.8817	37187	Canillas de Torneros
40.8430	-1.9784	19099	Corduente
40.8434	-4.5201	40107	Labajos
40.8434	-1.8090	19190	Anchuela del Pedregal
40.8436	-1.8876	19190	Molina de Aragón
40.8446	-0.8955	44144	Martín del Río
40.8458	-5.1525	05033	Bercimuelle
40.8461	-5.9856	37270	Cojos de Robliza
40.8471	-3.1031	19005	Alarilla
40.8472	-5.7283	37209	Santo Tomé de Rozados
40.8482	-2.7443	19091	Cogollor
40.8483	-6.6131	37039	Bañobárez
40.8483	-2.9277	19296	Utande
40.8486	-5.4856	37008	Amatos de Alba
40.8489	-5.4199	37148	La Lurda
40.8490	-5.7080	37209	Cilleros el Hondo
40.8491	-4.3500	40131	Monterrubio
40.8495	-6.7080	37285	San Felices de los Gallegos
40.8504	-4.9624	05065	Chaherrero
40.8507	-4.9211	05264	Viñegra de Moraña
40.8508	-6.0526	37025	Aldehuela de la Bóveda
40.8510	0.5322	43155	Bítem
40.8512	-3.2316	19239	Robledillo de Mohernando
40.8517	-5.5280	37008	Palomares
40.8527	-5.3528	37324	Tordillos
40.8528	-2.7603	19053	Hontanares
40.8531	-1.0978	44227	Torre los Negros
40.8536	-4.1639	40113	La Losa
40.8536	-2.5322	19278	Torrecuadradilla
40.8540	-3.1758	19151	Razbona
40.8550	-0.6321	44100	Estercuel
40.8556	-3.4849	28107	Patones
40.8557	-0.7573	44155	Peñarroyas
40.8565	-2.3708	19114	Esplegares
40.8565	-5.6514	37209	Mozárbez
40.8567	-4.3163	40111	San Pedro de las Dueñas
40.8571	-6.2499	37059	Buenamadre
40.8572	-5.2103	37057	Bóveda del Río Almar
40.8572	-3.7077	28028	Bustarviejo
40.8575	-4.7305	05092	Hernansancho
40.8579	-0.4271	44040	Berge
40.8587	-5.0601	05147	Narros del Castillo
40.8588	-4.8799	05140	Muñomer del Peco
40.8597	-2.1828	19201	Olmeda de Cobeta
40.8599	-6.1804	37059	Aldeadávila de Revilla
40.8610	-5.4357	37148	Garcihernández
40.8610	-6.0476	37025	Castro-Enríquez
40.8621	-4.2488	40194	Campillo
40.8625	-1.1762	44050	El Villarejo
40.8630	-2.7257	19004	Alaminos
40.8638	-1.3227	44112	Fuentes Claras
40.8639	-3.6126	28030	La Cabrera
40.8646	-3.2894	19173	Matarrubia
40.8646	-3.0540	19098	Copernal
40.8656	-2.1421	19090	Cobeta
40.8659	-0.5212	44146	La Mata de los Olmos
40.8659	-6.4130	37363	Villares de Yeltes
40.8661	-3.4935	28107	Patones de Arriba
40.8661	-2.9848	19138	Padilla de Hita
40.8663	-1.9374	19237	Rillo de Gallo
40.8667	-1.4138	44056	Villalba de los Morales
40.8671	-4.1346	40904	Navas de Ríofrío
40.8677	-5.9779	37270	Robliza de Cojos
40.8679	-4.8340	05179	Papatrigo
40.8682	-6.1382	37149	Ardonsillero
40.8688	-2.8434	19159	Ledanca
40.8692	-1.0118	44110	Fuenferrada
40.8699	-0.1353	44118	La Ginebrosa
40.8700	-3.7700	28034	Puerto de Canencia
40.8704	-3.6587	28158	Valdemanco
40.8708	-2.8836	19159	Valfermoso de las Monjas
40.8709	-0.9389	44267	Vivel del Río Martín
40.8713	-4.9709	05065	Crespos
40.8713	-0.0999	44061	La Cañada de Verich
40.8718	-3.1222	19151	Cerezo de Mohernando
40.8720	-5.5180	37352	Carpio-Bernardo
40.8721	0.1543	44246	Valderrobres
40.8722	-5.7894	37040	Carrascalino
40.8723	-6.7470	37003	Ahigal de los Aceiteros
40.8723	-2.6702	19154	Las Inviernas
40.8723	-2.9575	19073	Casas de San Galindo
40.8727	-4.8691	05149	Narros de Saldueña
40.8729	-4.1029	40194	Revenga
40.8737	0.4002	43008	Alfara de Carles
40.8738	-5.8910	37072	El Tejado
40.8743	0.7113	43104	El Perelló
40.8747	-6.5731	37137	Fuenteliante
40.8749	-2.3085	19235	Ribarredonda
40.8749	-4.2280	40194	Fuentemilanos
40.8749	-0.0634	44038	Bellmunt de Mesquí / Belmonte de San José
40.8757	-6.4679	37373	Villavieja de Yeltes
40.8770	-5.1231	05086	Gimialcón
40.8774	-4.6374	05035	Blascosancho
40.8775	-0.4874	44173	Los Olmos
40.8776	-4.0178	40181	La Pradera de Navalhorno
40.8780	-5.7210	37192	Aldeagallega
40.8781	-5.2568	37215	Sotrobal
40.8783	-5.3654	37108	Coca de Alba
40.8784	-5.0963	05198	Salvadiós
40.8792	-4.3466	40111	Lastras del Pozo
40.8795	0.5000	43006	Aldover
40.8797	-6.6236	37223	Olmedo de Camaces
40.8800	-5.9957	37270	Villar de los Álamos
40.8803	-2.2776	19235	La Loma
40.8805	-5.7653	37023	Otero Vaciadores
40.8812	-6.1064	37149	Moral de Castro
40.8814	-4.7561	05219	San Pascual
40.8815	-2.6359	19260	El Sotillo
40.8815	-2.8218	19039	Argecilla
40.8820	0.0548	44187	La Portellada
40.8826	-5.4190	37148	Jemingómez
40.8827	-4.7165	05258	Villanueva de Gómez
40.8832	-0.5767	44087	Crivillén
40.8833	-5.5500	37070	Otero de María Asensio
40.8834	-5.9691	37079	Quejigal
40.8835	-5.3936	37247	Peñarandilla
40.8838	-1.6850	19059	Campillo de Dueñas
40.8842	-1.5679	44168	Odón
40.8849	-5.0139	05196	Palacio de Castronuevo
40.8849	-1.3333	44050	El Poyo
40.8852	-1.7746	19190	Cubillejo de la Sierra
40.8853	-6.3537	37113	Ituero de Huebra
40.8857	-3.5580	28021	El Berrueco
40.8868	-5.4376	37148	La Granja
40.8872	-6.2127	37241	Pelarrodríguez
40.8874	-4.9314	05062	Collado de Contreras
40.8875	-5.6818	37192	Miranda de Azán
40.8879	-3.2162	19228	Puebla de Beleña
40.8880	-4.4721	40135	Muñopedro
40.8882	-1.9601	19134	Herrería
40.8887	-3.8878	28120	Santa María de El Paular
40.8890	-2.9434	19187	Miralrío
40.8890	-5.8658	37072	Carnero
40.8891	-6.3791	37257	Ituerino
40.8892	-4.9640	05065	Pascualgrande
40.8893	-5.7826	37040	Valverde de la Valmuza
40.8894	-6.2792	37113	Rollanejo
40.8895	-2.0450	19283	Torremocha del Pinar
40.8904	-5.2856	37215	Nava de Sotrobal
40.8908	-1.8038	19190	Cubillejo del Sitio
40.8908	-1.4587	44220	Torralba de los Sisones
40.8909	-6.3054	37113	El Cubo de Don Sancho
40.8909	-6.4367	37363	Pedro Alvaro
40.8911	-1.0084	44256	Villanueva del Rebollar de la Sierra
40.8915	-4.5459	40135	Peromingo
40.8921	-0.3814	44014	Alcorisa
40.8922	-5.4966	37352	Villagonzalo de Tormes
40.8926	-2.4853	19001	Abánades
40.8930	-2.5825	19282	Torrecuadrada de los Valles
40.8935	-4.5813	05204	Sanchidrián
40.8936	-0.0038	44105	Fórnoles
40.8937	-5.6449	37032	Arapiles
40.8969	-1.1386	44035	Barrachina
40.8979	-0.8892	44267	Armillas
40.8982	-2.2252	19002	Ablanque
40.8983	-3.1532	19092	Torrebeleña
40.8988	-6.1820	37149	Casasola de la Encomienda
40.8994	-4.3838	40122	Marugán
40.9000	0.8000	43013	l'Ametlla de Mar
40.9005	-6.1312	37149	Garcirrey
40.9005	-3.0696	19113	Espinosa de Henares
40.9006	-5.9767	37314	Carreros
40.9009	-4.8021	05045	Cabizuela
40.9010	-2.7741	19020	Almadrones
40.9010	-4.1749	40194	Madrona
40.9011	-5.2003	37246	Peñaranda de Bracamonte
40.9016	-1.9777	19099	Canales de Molina
40.9018	-4.0069	40181	San Ildefonso
40.9020	-0.1098	44230	Torrevelilla
40.9021	-4.9884	05196	Rivilla de Barajas
40.9026	-2.9143	19318	Villanueva de Argecilla
40.9038	-5.1629	37083	Cantaracillo
40.9041	-3.8790	28120	Rascafría
40.9044	-5.9603	37079	Navas de Quejigal
40.9045	-0.7230	44167	Obón
40.9050	-5.9028	37072	Calzada de Don Diego
40.9056	-3.3841	19305	Valdepeñas de la Sierra
40.9058	-5.3892	37012	San Vicente
40.9061	-5.8189	37087	Rodillo
40.9061	-3.0084	19113	Carrascosa de Henares
40.9066	-5.6535	37032	Las Torres
40.9067	-5.5920	37070	Calvarrasa de Arriba
40.9068	-3.1149	19193	Montarrón
40.9069	-6.0276	37314	Tabera de Arriba
40.9071	-6.5306	37055	Bogajo
40.9071	-4.4364	40028	Bercial
40.9072	-2.3232	19246	Saelices de la Sal
40.9073	-3.7352	28034	Canencia
40.9076	-4.1242	40194	Hontoria
40.9078	-3.4050	19305	Alpedrete de la Sierra
40.9079	0.5124	43149	Tivenys
40.9086	-6.7487	37266	La Redonda
40.9094	0.4917	43052	Xerta
40.9098	-1.0724	44222	Torrecilla del Rebollar
40.9099	-5.3011	37215	Arauzo
40.9102	-6.0023	37314	Tabera de Abajo
40.9105	0.2611	43018	Arnes
40.9107	-5.7755	37087	Palacio Villalones
40.9109	-5.3631	37012	Alconada
40.9112	-1.1018	44222	Godos
40.9113	-5.4726	37121	Cilloruelo
40.9115	-2.2971	19235	Riba de Saelices
40.9116	0.8094	43013	Las Tres Cales
40.9116	-2.5273	19282	Renales
40.9123	-6.0941	37149	Alcornocal
40.9125	-3.5858	28901	Sieteiglesias
40.9129	-3.8521	28120	Oteruelo del Valle
40.9130	-6.4114	37257	Pozos de Hinojo
40.9134	-5.8782	37040	Castrejón
40.9141	-5.7004	37023	Sanchoviejo
40.9151	-1.6839	19332	La Yunta
40.9161	-5.7890	37087	Fraguas
40.9161	-4.7300	05036	El Bohodón
40.9165	-4.2694	40001	Abades
40.9167	0.4000	43102	Paüls
40.9167	-5.4833	37175	Francos
40.9175	-6.7973	37311	Sobradillo
40.9179	-1.8544	19243	Rueda de la Sierra
40.9187	-3.8424	28003	Alameda del Valle
40.9193	-1.2975	44050	Calamocha
40.9199	-3.5270	28039	Cervera de Buitrago
40.9199	-3.6837	28062	Garganta de los Montes
40.9206	-3.0982	19119	Fuencemillán
40.9210	-5.0356	05142	Muñosancho
40.9215	-2.3921	19261	Sotodosos
40.9217	-5.6927	37023	Aldeatejada
40.9221	-0.2648	44107	Foz-Calanda
40.9225	-4.4395	40180	Cobos de Segovia
40.9227	-5.9291	37079	Canillas de Abajo
40.9227	-1.4985	44039	Bello
40.9227	-3.1442	19092	Aleas
40.9233	-3.1860	19092	Beleña de Sorbe
40.9239	-0.8430	44124	La Hoz de La Vieja
40.9240	-4.6405	05177	Pajares de Adaja
40.9245	-3.8169	28112	Pinilla del Valle
40.9245	-2.9247	19156	Jadraque
40.9251	0.8430	43013	Calafat
40.9253	-3.3002	19229	Puebla de Vallés
40.9260	-3.6174	28901	Lozoyuela
40.9262	-5.5243	37175	Machacón
40.9263	-4.5370	40135	Moñibas
40.9271	-6.0701	37283	Cabeza de Diego Gómez
40.9272	-1.1282	44050	Nueros
40.9273	-5.3484	37348	Ventosa del Río Almar
40.9274	-6.5730	37101	Campilduero
40.9275	-6.2151	37106	Castillejo de Eváns
40.9279	-5.8168	37142	Rad
40.9281	0.2117	44086	Cretas
40.9282	0.0742	44108	La Fresneda
40.9285	-4.1493	40194	Perogordo
40.9286	-2.5983	19282	Navalpotro
40.9298	-5.8802	37040	Barbadillo
40.9300	-4.9645	05074	Fontiveros
40.9301	-1.2566	44050	Navarrete del Río
40.9305	-4.0607	40155	Palazuelos de Eresma
40.9324	-3.4685	28016	El Atazar
40.9331	-5.6503	37085	Carbajosa de la Sagrada
40.9336	-5.0791	05073	Flores de Ávila
40.9337	-3.5945	28901	Las Navas de Buitrago
40.9337	-0.0858	44080	La Codoñera
40.9340	-4.7277	05242	Tiñosillos
40.9341	-3.3502	19288	Tortuero
40.9348	-1.1837	44050	Cutanda
40.9348	-2.0457	19099	Aragoncillo
40.9349	-5.4704	37121	Encinas de Abajo
40.9350	-5.7821	37087	Calzadilla de la Valmuza
40.9350	-6.7195	37173	Lumbrales
40.9352	-3.2328	19182	La Mierla
40.9355	-5.0266	05142	Villamayor
40.9363	0.1093	44225	Torre del Compte
40.9366	-5.5792	37240	Pelabravo
40.9369	-2.8833	19055	Bujalaro
40.9373	-4.7857	05183	Pedro Rodríguez
40.9376	-2.7866	19075	Castejón de Henares
40.9381	-6.2341	37106	La Moralita
40.9382	0.8567	43162	l'Almadrava
40.9382	-4.8751	05064	Constanzana
40.9385	-4.0658	40155	Tabanera del Monte
40.9391	-5.6998	37023	Vistahermosa
40.9405	-4.9048	05064	Jaraices
40.9409	-0.9511	44211	Segura de los Baños
40.9413	-3.6572	28062	El Cuadrón
40.9415	-0.2324	44051	Calanda
40.9416	-5.2072	37022	Aldeaseca de la Frontera
40.9418	-2.5467	19282	Laranueva
40.9422	-4.8418	05042	Cabezas de Alambre
40.9425	-1.8473	19243	Cillas
40.9433	-6.1125	37283	Fuentes de Sando
40.9436	-5.9654	37079	Sogos
40.9439	-2.4782	19011	Cortes de Tajuña
40.9440	-5.8741	37142	Galindo y Perahuy
40.9442	-2.8359	19174	Matillas
40.9448	-2.7244	19186	Mirabueno
40.9449	-4.6056	05001	Adanero
40.9461	-4.4327	40180	Etreros
40.9464	-5.5526	37069	Calvarrasa de Abajo
40.9464	-4.3081	40105	Juarros de Ríomoros
40.9469	-3.0893	19092	Cogolludo
40.9475	-4.4943	40185	Jemenuño
40.9481	-2.9797	19179	Membrillera
40.9481	-4.1184	40194	Segovia
40.9481	-6.4157	37208	Escuernavacas
40.9482	-1.9256	19209	Pardos
40.9495	-3.7909	28076	Lozoya
40.9500	-4.5167	40185	Salvador de Voltoya
40.9500	0.3167	43071	Horta de Sant Joan
40.9502	-6.0008	37314	Berrocal de Padierna
40.9502	-4.4108	40180	Sangarcía
40.9505	-3.5218	28124	Robledillo de la Jara
40.9507	-5.6272	37294	Santa Marta de Tormes
40.9507	-5.7912	37142	Torre de Martín Pascual
40.9509	-5.4073	37110	Cordovilla
40.9515	-2.1020	19254	Selas
40.9520	-2.4165	19011	La Hortezuela de Océn
40.9522	-4.9546	05048	Cantiveros
40.9522	-4.2717	40119	Martín Miguel
40.9522	-2.3372	19032	Villarejo de Medina
40.9522	-4.0765	40906	San Cristóbal de Segovia
40.9525	0.0257	44247	Valjunquera
40.9527	-2.3643	19032	Padilla del Ducado
40.9534	-0.7058	44011	Alcaine
40.9537	-5.2882	37358	Villar de Gallimazo
40.9537	-6.1409	37283	Iruelo del Camino
40.9545	-5.6975	37274	Tejares
40.9547	-2.9389	19156	Castilblanco de Henares
40.9547	-4.0405	40207	Sonsoto
40.9550	0.2775	44141	Lledó
40.9555	-3.3254	19307	Valdesotos
40.9555	-0.7668	44131	Josa
40.9559	-3.6090	28902	Cinco Villas
40.9561	-2.7502	19168	Mandayona
40.9569	-4.2347	40216	Valverde del Majano
40.9580	-6.3664	37257	Traguntia
40.9585	-1.2728	44050	Lechago
40.9586	-5.8329	37142	Pericalvo
40.9592	-6.4890	37377	Yecla de Yeltes
40.9598	-4.8463	05069	Donjimeno
40.9598	-5.7435	37117	Doñinos de Salamanca
40.9601	-1.5506	50091	Las Cuerlas
40.9601	-6.1781	37106	El Valejo
40.9606	-0.0908	44221	Torrecilla de Alcañiz
40.9606	-2.7978	19322	Villaseca de Henares
40.9609	-4.3388	40903	Marazoleja
40.9612	-4.4058	40180	Velagómez
40.9619	-1.4339	44219	Tornos
40.9620	-1.0043	44203	Salcedillo
40.9621	-6.2655	37106	Cipérez
40.9623	-5.9175	37271	Rollán
40.9625	-3.7154	28063	Gargantilla del Lozoya
40.9630	-3.5804	28902	Manjirón
40.9631	-5.7048	37274	El Marín
40.9632	-2.6669	19017	Algora
40.9643	-2.9029	19157	Jirueque
40.9643	-3.1151	19037	Arbancón
40.9644	-4.0359	40207	Trescasas
40.9648	-5.8281	37230	Carrascal de Pericalvo
40.9650	-2.5839	19282	La Fuensaviñán
40.9651	-5.5068	37069	Nuevo Amatos
40.9658	-1.9006	19285	Torrubia
40.9659	-5.0805	05073	El Ajo
40.9663	-5.5133	37069	Andrés Bueno
40.9663	-4.1344	40194	Zamarramala
40.9666	-4.4747	40185	Santovenia
40.9666	-5.0141	05060	Cisla
40.9667	-5.6016	37240	Naharros del Rio
40.9671	-0.8904	44142	Maicas
40.9676	-1.1603	44050	Olalla
40.9677	-4.8019	05231	San Vicente de Arévalo
40.9677	-6.1114	37283	Sando
40.9682	-4.1047	40112	La Lastrilla
40.9684	-3.2723	19234	Retiendas
40.9684	-5.4677	37164	Huerta
40.9688	-5.6639	37274	Salamanca
40.9694	-0.5294	44022	Alloza
40.9700	-5.4146	37206	Moriñigo
40.9703	-4.4012	40185	San Miguel de Párraces
40.9706	-2.7117	19168	Aragosa
40.9708	-2.1307	19033	Anquela del Ducado
40.9713	-2.5279	19011	Tortonda
40.9718	-1.7976	19287	Tortuera
40.9726	-1.7121	19109	Embid
40.9730	-5.9673	37186	Porqueriza
40.9732	-3.5201	28020	Berzosa del Lozoya
40.9734	-2.4450	19162	Luzaga
40.9735	-6.5871	37101	Cerralbo
40.9737	-0.8357	44084	Cortes de Aragón
40.9742	0.5177	43025	Benifallet
40.9755	-6.5219	37377	Gema
40.9757	-4.9447	05029	Bernúy-Zapardiel
40.9765	-4.0317	40203	Cabanillas del Monte
40.9766	-0.4472	44025	Andorra
40.9769	-6.4310	37208	Moronta
40.9769	-5.6192	37067	La Granja
40.9770	-5.4255	37038	Babilafuente
40.9775	-5.7217	37117	Santibáñez del Río
40.9777	-4.2658	40094	Garcillán
40.9777	-4.9082	05077	Fuente el Sauz
40.9780	-4.7757	05152	Nava de Arévalo
40.9781	-5.6091	37067	Cabrerizos
40.9782	-2.6188	19282	Torremocha del Campo
40.9787	-5.7623	37087	Carrascal de Barregas
40.9791	-6.1290	37293	Santa María de Sando
40.9791	-4.3651	40118	Marazuela
40.9792	-2.8505	19081	Cendejas de la Torre
40.9793	-3.6887	28063	Pinilla de Buitrago
40.9795	-4.4584	40185	Laguna-Rodrigo
40.9800	-6.2154	37106	Grandes
40.9804	-5.5736	37067	La Flecha
40.9809	-5.5492	37016	Aldealengua
40.9812	-3.1603	19037	Jócar
40.9813	-0.1467	44068	Castelserás
40.9816	-3.1920	19262	Muriel
40.9821	-2.5915	19282	La Torresaviñan
40.9823	-0.9837	44024	Anadón
40.9825	-2.8726	19080	Cendejas de en Medio
40.9827	-4.2044	40101	Hontanares de Eresma
40.9830	-4.6384	05090	Gutierre-Muñoz
40.9832	-5.1542	37232	Paradinas de San Juan
40.9833	0.4000	43117	Prat de Comte
40.9833	-2.9372	19177	Medranda
40.9833	-5.0833	05193	Cebolla del Trabancos
40.9838	-6.0059	37186	Gejo de Diego Gómez
40.9849	-5.2580	37077	El Campo de Peñaranda
40.9849	-1.1978	44050	Valverde
40.9853	-1.0426	44023	Allueva
40.9855	-3.0971	19191	Monasterio
40.9866	-5.7933	37230	Parada de Arriba
40.9867	-6.7953	37160	Hinojosa de Duero
40.9872	0.0834	44245	Valdeltormo
40.9872	-3.5339	28902	Serrada de la Fuente
40.9876	-2.3233	19032	Santa María del Espino
40.9881	-3.7234	28097	Navarredonda
40.9884	-1.3069	44050	Luco de Jiloca
40.9886	-2.1514	19033	Tobillos
40.9887	-6.8683	37132	La Fregeneda
40.9896	-5.9444	37186	Pozos de Móndar
40.9901	-1.1640	44050	Collados
40.9905	-2.8774	19080	Cendejas del Padrastro
40.9906	-3.7058	28097	San Mamés
40.9907	-1.4689	50048	Berruco
40.9907	-0.0343	44241	Valdealgorfa
40.9909	-3.6336	28027	Buitrago del Lozoya
40.9911	-4.4195	40185	Villoslada
40.9911	-4.0559	40077	Tizneros
40.9918	-4.3095	40017	Anaya
40.9921	-4.0247	40203	Torrecaballeros
40.9924	0.2709	44027	Arenys de Lledó / Arens de Lledó
40.9925	-5.8413	37087	Porteros
40.9927	-0.8544	44184	Plou
40.9932	0.9211	43162	l'Hospitalet de l'Infant
40.9935	-1.9246	19265	Tartanedo
40.9936	-5.5023	37288	San Morales
40.9940	-2.3706	19153	Iniéstola
40.9943	-5.3736	37374	Villoría
40.9944	-3.0685	19092	Veguillas
40.9955	-4.5967	40121	Martín Muñoz de las Posadas
40.9957	-1.0848	44102	Fonfría
40.9962	-1.5077	50117	Gallocanta
40.9973	-1.4281	44065	Castejón de Tornos
40.9976	-4.0733	40077	Espirdo
40.9977	-5.1272	37265	Rágama
40.9978	-3.0242	19248	San Andrés del Congosto
40.9979	-0.6743	44172	Oliete
40.9984	-4.1180	40031	Bernuy de Porreros
40.9985	-4.6483	05174	Orbita
40.9991	-3.2474	19262	Tamajón
40.9992	-6.6701	37049	Bermellar
40.9993	-4.1751	40214	Valseca
40.9994	-5.6958	37354	Villamayor
40.9998	-5.9069	37151	Golpejas
41.0003	-1.0131	44125	Rudilla
41.0005	-5.9710	37186	La Mata de Ledesma
41.0006	-4.0199	40203	Aldehuela del Codonal
41.0009	-2.1592	19175	Mazarete
41.0012	-2.4912	19011	Villaverde del Ducado
41.0014	-4.9545	05043	Cabezas del Pozo
41.0016	-4.7886	05152	Noharre
41.0017	-6.0673	37283	El Campillo
41.0017	-6.5453	37123	Picones
41.0027	0.5997	43121	Rasquera
41.0033	-4.9016	05046	Canales
41.0037	-6.2120	37106	Gansinos
41.0040	-3.6687	28182	Villavieja del Lozoya
41.0040	-4.8069	05152	Magazos
41.0041	-6.3336	37249	Peralejos de Arriba
41.0045	-6.1630	37368	Villasdardo
41.0046	-4.4679	40185	Hoyuelos
41.0047	-6.3624	37248	Peralejos de Abajo
41.0048	-2.9801	19269	La Toba
41.0051	-1.2495	44050	Cuencabuena
41.0055	-4.8595	05109	Langa
41.0056	-3.5617	28902	Paredes de Buitrago
41.0065	-5.7750	37129	Villaselva
41.0069	-2.7762	19047	Baides
41.0077	-2.0244	19115	Establés
41.0081	-5.4983	37020	Aldearrubia
41.0082	-5.5818	37207	Moriscos
41.0083	-5.6488	37362	Villares de la Reina
41.0084	-2.6777	19257	La Cabrera
41.0084	-2.2204	19170	Ciruelos
41.0085	-1.9687	19265	Concha
41.0086	-5.3938	37375	Villoruela
41.0087	-4.6537	05072	Espinosa de los Caballeros
41.0091	-6.4340	37376	Vitigudino
41.0092	0.3839	43032	Bot
41.0095	-2.0628	19170	Turmiel
41.0098	0.9393	43092	Miami Platja
41.0100	-4.2188	40103	Los Huertos
41.0105	-0.9188	44125	Huesa del Común
41.0113	-4.7439	05152	Vinaderos
41.0115	0.8486	43150	Castelló
41.0120	-3.4449	28118	La Puebla de la Sierra
41.0125	-6.0341	37116	Doñinos de Ledesma
41.0125	-4.3899	40185	Paradinas
41.0126	-3.6027	28114	Gandullas
41.0141	-5.9043	37345	Carrascalino
41.0144	-6.0927	37120	Encina de San Silvestre
41.0145	-5.1966	37382	Zorita de la Frontera
41.0147	-2.6399	19257	Pelegrina
41.0151	-5.9715	37365	Villarmayor
41.0162	-4.0809	40077	La Higuera
41.0162	0.1888	44049	Calaceite
41.0167	-1.6000	50002	Acered
41.0167	0.5149	43106	Pinell de Bray
41.0170	-6.4937	37154	Guadramiro
41.0177	-4.8991	05078	Fuentes de Año
41.0178	-1.3382	44047	Burbáguena
41.0179	-6.2243	37360	Sahelicejos
41.0181	-4.1578	40072	Encinillas
41.0184	-3.6422	28064	Gascones
41.0188	-2.8992	19281	Torremocha de Jadraque
41.0192	-5.5907	37092	Castellanos de Moriscos
41.0192	-5.0087	05117	Mamblas
41.0193	-5.6711	37362	Aldeaseca de Armuña
41.0196	0.8576	43150	Mas Boquera
41.0198	0.8306	43150	Vandellós
41.0199	-2.9425	19218	Pinilla de Jadraque
41.0207	0.8841	43162	Mas Riudoms
41.0207	-6.6402	37275	Saldeana
41.0207	-3.0242	19269	Alcorlo
41.0218	-4.4188	40185	Balisa
41.0223	-6.9239	37132	San Martín
41.0226	-4.7655	05152	Palacios Rubios
41.0234	-5.0738	05193	Rasueros
41.0236	-5.7625	37129	Florida de Liébana
41.0241	-5.8150	37253	Zaratán
41.0254	-5.8867	37345	Vega de Tirados
41.0258	-0.6978	44006	Alacón
41.0258	-2.7697	19314	Viana de Jadraque
41.0261	-6.3129	37249	Gomeciego
41.0263	-6.5896	37367	Barreras
41.0264	-3.1366	19042	Santotís
41.0265	-5.6439	37202	Monterrubio de Armuña
41.0266	-2.3685	19032	Anguita
41.0269	-2.2769	19163	Luzón
41.0270	-4.1111	40035	Mata de Quintanar
41.0273	-2.0073	19115	Anchuela del Campo
41.0274	-2.8588	19198	Negredo
41.0274	-4.0260	40026	Basardilla
41.0275	-4.3846	40185	Aragoneses
41.0285	-4.1813	40173	Roda de Eresma
41.0292	-5.6177	37278	San Cristóbal de la Cuesta
41.0302	-0.5921	44029	Ariño
41.0309	-6.5326	37123	Encinasola de los Comendadores
41.0310	-4.5192	40106	Juarros de Voltoya
41.0310	-2.5290	19251	Saúca
41.0311	-3.6250	28138	La Serna del Monte
41.0317	-1.5103	50239	Santed
41.0322	-6.2228	37360	Villar de Peralonso
41.0325	0.7968	43150	Fatgés
41.0328	-1.0893	44138	Piedrahita
41.0331	-0.8114	44161	Muniesa
41.0333	-5.8602	37290	San Pedro del Valle
41.0333	0.7333	43150	Tivissa
41.0333	0.8333	43150	Remullá
41.0333	-3.6000	28114	Piñuécar
41.0333	0.2500	43041	Caseres
41.0334	-1.9250	19265	Hinojosa
41.0337	-2.1434	19170	Clares
41.0339	-6.2668	37126	Becerril
41.0341	-6.0228	37116	Zafrón
41.0348	-4.0536	40033	Brieva
41.0352	-3.0931	19901	Robredarcas
41.0354	-3.9411	40199	Sotosalbos
41.0354	-6.4228	37376	Majuges
41.0357	-2.4665	19011	Alcolea del Pinar
41.0362	-6.1132	37369	Villaseco de los Gamitos
41.0362	-1.6605	50256	Torralba de los Frailes
41.0362	-3.3986	19067	La Vihuela
41.0363	-1.1473	44036	Bea
41.0370	-4.2946	40018	Añe
41.0372	-2.9857	19097	Congostrina
41.0372	-5.9412	37365	Espino de los Doctores
41.0383	-5.8453	37380	Zarapicos
41.0386	-4.3657	40185	Tabladillo
41.0387	-3.9186	40059	Collado Hermoso
41.0391	-4.2368	40022	Carbonero de Ahusín
41.0393	0.5967	43084	Miravet
41.0394	-5.7935	37253	El Pino de Tormes
41.0404	-3.6433	28024	Braojos
41.0408	-2.4093	19032	Aguilar de Anguita
41.0410	-4.8542	05259	Villanueva del Aceral
41.0410	-3.9893	40190	Santo Domingo de Pirón
41.0414	-5.8991	37345	Tirados de la Vega
41.0418	-1.3577	44033	Báguena
41.0418	0.6329	43067	Ginestar
41.0423	-5.7565	37342	Zorita
41.0425	-1.1928	44132	Lagueruela
41.0428	-5.5358	37152	Gomecello
41.0433	-2.6763	19257	Moratilla de Henares
41.0438	-2.1078	19170	Balbacil
41.0440	-5.4887	37062	Cabezabellosa de la Calzada
41.0441	-3.5408	28117	Prádena del Rincón
41.0445	-2.5594	19251	Jodra del Pinar
41.0460	-5.2602	37256	Poveda de las Cintas
41.0468	-4.9691	05026	Bercial de Zapardiel
41.0469	-5.7695	37342	Valverdón
41.0470	-4.6280	40058	Montuenga
41.0470	-5.3857	37031	Arabayona
41.0470	-3.2265	19262	Almiruete
41.0471	-6.0583	37116	Tajurmientos
41.0473	-1.9411	19265	Labros
41.0475	-2.2048	19170	Maranchón
41.0477	-6.7533	37302	Saucelle
41.0479	-2.4309	19011	Garbajosa
41.0485	-1.1182	44138	El Colladico
41.0491	-4.8171	05008	Aldeaseca
41.0500	-4.7167	05016	Gómez-Román
41.0500	0.6333	43026	Benissanet
41.0500	-0.1333	44013	Alcañiz
41.0506	0.1029	44147	Mazaleón
41.0507	-4.4364	40185	Ochando
41.0509	-3.9410	40157	Pelayos del Arroyo
41.0514	-5.6948	37185	Castellanos de Villiquera
41.0515	-0.8850	44043	Blesa
41.0517	-4.4694	40126	Melque de Cercos
41.0519	0.8713	43118	Pratdip
41.0523	-4.3536	40185	Pinilla Ambroz
41.0524	-5.1951	37228	Palaciosrubios
41.0526	-4.0511	40002	Adrada de Pirón
41.0526	-5.9727	37170	Muchachos
41.0531	-6.0211	37116	Tuta
41.0533	-2.7971	19147	Huérmeces del Cerro
41.0534	-5.3304	37082	Cantalpino
41.0538	0.4385	43064	Gandesa
41.0538	-4.3810	40185	Pascuales
41.0541	-6.1874	37360	Sardón de los Álamos
41.0546	-5.8583	37290	Carrascal de Velambélez
41.0550	-4.5386	40015	Aldehuela del Codonal
41.0551	-1.0141	44152	Monforte de Moyuela
41.0551	-3.8248	40139	Navafría
41.0554	-3.5972	28070	Aoslos
41.0555	-1.5595	50271	Used
41.0557	-3.3361	19060	Matallana
41.0561	-2.9106	19208	Pálmaces de Jadraque
41.0562	-6.3629	37366	Villarmuerto
41.0573	-3.8953	40206	La Salceda
41.0579	-1.4493	50274	Val de San Martín
41.0582	-2.5236	19116	Estriégana
41.0585	-6.2337	37126	Pedernal
41.0586	-3.1195	19901	Semillas
41.0595	-3.9849	40157	Tenzuela
41.0596	-3.5299	28088	Montejo de la Sierra
41.0600	-2.5782	19257	Barbatona
41.0602	-3.5464	28071	Horcajuelo de la Sierra
41.0609	-6.2846	37126	Espadaña
41.0610	-5.0194	05114	Villar de Matacabras
41.0611	-6.4517	37042	Barceo
41.0621	-5.4665	37254	Pitiegua
41.0623	1.0240	43038	Ardiaca
41.0626	-4.7204	05016	Arévalo
41.0626	-6.5966	37367	Villasbuenas
41.0630	-5.5479	37238	Pedrosillo el Ralo
41.0632	-1.2335	44101	Ferreruela de Huerva
41.0635	-5.8748	37290	Torrecilla del Río
41.0635	-5.9973	37170	Zafroncino
41.0639	-5.8235	37027	Almenara de Tormes
41.0640	-3.2902	19060	Campillejo
41.0641	-5.5249	37372	Villaverde de Guareña
41.0641	-1.7011	50016	Aldehuela de Liestos
41.0643	-3.8068	40007	Ceguilla
41.0650	-5.0909	05099	Horcajo de las Torres
41.0652	-6.5088	37337	Valderrodrigo
41.0654	-4.9307	05023	Barromán
41.0663	-1.3873	44207	San Martín del Río
41.0665	-4.6868	40120	Martín Muñoz de la Dehesa
41.0667	-3.8000	40007	Cotanillo
41.0667	-4.1101	40035	Cabañas de Polendos
41.0667	-5.6441	37185	La Mata de Armuña
41.0672	-3.5853	28070	Horcajo de la Sierra
41.0675	-4.6002	40058	Codorniz
41.0684	-3.0444	19334	Zarzuela de Jadraque
41.0684	-4.0231	40205	Losana de Pirón
41.0685	-5.4911	37372	Cañadilla
41.0689	-2.6431	19257	Sigüenza
41.0695	-3.7904	40007	Martincano
41.0696	-1.3337	50028	Anento
41.0698	-1.9805	19265	Amayas
41.0700	1.0595	43038	Cambrils
41.0700	-4.4071	40185	Santa María la Real de Nieva
41.0700	-5.8998	37345	Baños de Ledesma
41.0707	-5.8639	37290	La Narra
41.0716	-6.0906	37150	La Huérfana
41.0720	-4.2390	40231	Yanguas de Eresma
41.0722	-6.6642	37044	Barruecopardo
41.0723	-3.3074	19060	El Espinar
41.0727	-1.4238	50273	Valdehorna
41.0728	-3.9695	40208	Berrocal
41.0733	1.0979	43038	Vilafortuny
41.0736	-1.8311	19122	Fuentelsaz
41.0736	-5.6161	37185	Carbajosa de Armuña
41.0738	-1.0599	44138	Mezquita de Loscos
41.0740	-5.5682	37347	La Vellés
41.0741	-4.1599	40041	Cantimpalos
41.0741	-3.3264	19060	Roblelacasa
41.0742	-6.1816	37329	Tremedal de Tormes
41.0744	-3.1080	19901	Las Cabezadas
41.0751	-3.7859	40093	Gallegos
41.0751	-3.9566	40208	Aldeasaz
41.0753	-3.8712	40206	Torre Val de San Pedro
41.0763	-1.3896	50289	Villanueva de Jiloca
41.0763	-6.1233	37150	Gejuelo del Barro
41.0765	-4.8324	05235	Sinlabajos
41.0766	1.1416	43905	Salou
41.0767	-5.9294	37365	Contiensa
41.0770	1.1789	43171	La Pineda
41.0772	-4.3195	40022	Armuña
41.0773	0.4767	43064	Corbera
41.0776	-4.2683	40231	San Pedro
41.0779	-3.4549	28069	La Hiruela
41.0779	-5.8614	37167	Juzbado
41.0783	-2.1217	19170	Codes
41.0786	-3.8834	40188	Chavida
41.0787	-5.2910	37082	Revilla
41.0788	-4.1254	40075	Pinillos de Polendos
41.0792	-3.2045	19262	Palancares
41.0792	-4.7612	05178	Tornadizos de Arévalo
41.0793	-6.4624	37042	Barceino
41.0796	-3.3894	19067	Colmenar de la Sierra
41.0803	-6.3281	37366	Villargordo
41.0807	-5.3990	37239	El Pedroso de la Armuña
41.0808	-6.0506	37150	Calzadilla del Campo
41.0809	-3.8146	40007	Galíndez
41.0810	0.7440	43150	Serra de Almós
41.0811	-1.0443	44138	Loscos
41.0819	-4.4250	40148	Nieva
41.0824	-4.5437	40010	Aldeanueva del Codonal
41.0828	-3.9602	40208	La Cuesta
41.0833	0.6333	43093	Móra d'Ebre
41.0833	-5.9833	37170	Los Mesones
41.0837	-3.0034	19135	Hiendelaencina
41.0839	-5.6436	37338	Naharros de Valdunciel
41.0840	-5.2344	37351	Villaflores
41.0845	-4.9098	05056	Castellanos de Zapardiel
41.0845	-3.8599	40206	Valle de San Pedro
41.0846	-2.8095	19250	Santiuste
41.0850	-6.2552	37262	Cerezal de Puertas
41.0854	-5.6722	37338	Valdunciel
41.0857	0.8418	43150	Llaberia
41.0859	-2.7729	19257	El Atance
41.0860	-3.3143	19060	Campillo de Ranas
41.0860	-5.9029	37167	Carrascal
41.0861	-1.2147	44090	Cucalón
41.0862	-1.8765	19183	Milmarcos
41.0863	-1.2848	50138	Lechón
41.0866	-5.7022	37073	Calzada de Valdunciel
41.0868	0.9593	43092	Mont-roig del Camp
41.0869	-3.1373	19203	La Nava de Jadraque
41.0871	-3.6245	28001	La Acebeda
41.0874	-1.4600	50042	Balconchán
41.0874	-4.3952	40151	Ortigosa de Pestaño
41.0875	-5.5089	37225	Pajares de la Laguna
41.0882	-5.9168	37167	Olmillos
41.0883	-4.3513	40185	Miguel-Ibáñez
41.0883	-6.0018	37170	Ledesma
41.0884	-6.4131	37280	Sanchón de la Ribera
41.0887	1.0919	43038	El Mas d'en Bosc
41.0890	-3.3668	19067	Corralejo
41.0895	-4.8063	05070	Donvidas
41.0897	-4.9986	05114	Madrigal de las Altas Torres
41.0902	-2.7183	19257	Carabias
41.0904	-2.8420	19231	Rebollosa de Jadraque
41.0907	-3.8863	40188	La Mata
41.0908	-4.1312	40075	Escobar de Polendos
41.0910	-2.6910	19257	Palazuelos
41.0919	-5.5916	37222	Negrilla de Palencia
41.0921	-5.4513	37224	Villanueva de los Pavones
41.0922	-1.1224	44032	Bádenas
41.0923	-6.4718	37340	Las Uces
41.0924	-6.5993	37191	Milano
41.0927	-4.9005	05208	San Esteban de Zapardiel
41.0932	-2.4230	42113	Benamira
41.0938	-5.5606	37033	Arcediano
41.0943	0.3110	43022	Batea
41.0944	-5.6017	37229	Palencia de Negrilla
41.0950	-4.6527	40164	Rapariegos
41.0953	-3.9873	40208	Carrascal de la Cuesta
41.0955	-2.5080	19257	Bujarrabal
41.0959	-3.7583	40123	Matabuena
41.0960	-1.6373	50090	Cubel
41.0965	-4.2394	40200	Tabanera la Luenga
41.0965	-2.0156	19188	Mochales
41.0967	-3.4652	19067	El Cardoso de la Sierra
41.0968	-6.2875	37262	Puertas
41.0976	-4.0866	40075	Peñasrubias de Pirón
41.0977	0.7073	43150	Darmós
41.0978	-5.7498	37130	Forfoleda
41.0983	-2.5741	19257	Guijosa
41.0985	-1.2062	44133	Lanzuela
41.0990	-3.7490	40123	Matamala
41.0991	-2.3044	42025	Layna
41.0997	0.8872	43045	Colldejou
41.1000	0.6500	43094	Móra la Nova
41.1000	0.7500	43070	els Guiamets
41.1000	0.7833	43040	Capçanes
41.1000	0.9667	43167	l'Arbocet
41.1011	-6.1617	37329	Peñalbo
41.1012	-1.7735	50082	Cimballa
41.1017	-3.0256	19321	Villares de Jadraque
41.1024	-4.0328	40205	Torreiglesias
41.1025	-3.1301	19042	Arroyo de las Fraguas
41.1025	-5.7847	37327	Torresmenudas
41.1028	-5.4832	37224	La Orbada
41.1040	-2.7427	19257	Cirueches
41.1047	-4.1941	40074	Escarabajosa de Cabezas
41.1048	-2.6743	19257	Ures
41.1048	-3.0884	19197	Navas de Jadraque
41.1049	-3.7676	40123	Cañícosa
41.1050	-3.3196	19060	Robleluengo
41.1054	-5.9589	37170	Cuadrillero de los Dieces
41.1055	-2.5423	19257	Cubillas del Pinar
41.1055	-6.3863	37280	Carrasco
41.1057	-2.6072	19257	Alcuneza
41.1057	-4.1004	40075	Parral de Villovela
41.1057	-6.0450	37170	Noguez
41.1057	-6.1275	37370	Villosino
41.1064	-6.7272	37350	Vilvestre
41.1065	-0.2482	44013	Puig Moreno
41.1066	-3.5937	28126	Robregordo
41.1069	-5.4252	37128	Espino de la Orbada
41.1070	-2.4446	42113	Esteras de Medina
41.1073	-1.3590	50188	Nombrevilla
41.1073	-4.9572	05134	Moraleja de Matacabras
41.1078	-2.0922	42025	Iruecha
41.1082	-6.4204	37361	Robledo Hermoso
41.1089	-6.0255	37170	Aldeagutiérrez
41.1094	-1.2469	44252	Villahermosa del Campo
41.1096	-6.5027	37340	Valsalabroso
41.1097	-5.8073	37019	Aldearrodrigo
41.1097	-1.4893	50195	Orcajo
41.1099	-6.2298	37262	El Groo
41.1108	-3.7224	40020	La Mata
41.1109	-5.8245	37034	El Arco
41.1112	1.1476	43171	Vila-seca
41.1116	-2.6612	19257	Pozancos
41.1121	-0.9644	50213	Plenas
41.1121	-4.6445	40178	San Cristóbal de la Vega
41.1126	-3.3026	19165	Majaelrayo
41.1126	-3.7258	40020	Castillejo
41.1133	-5.3669	37082	Torre de Moncantar
41.1134	-6.3487	37058	Brincones
41.1136	-6.1021	37370	El Campo de Ledesma
41.1142	-4.5509	40138	Moraleja de Coca
41.1144	-3.4102	19067	Bocígano
41.1148	-1.0893	44208	Santa Cruz de Nogueras
41.1148	-1.4149	50094	Daroca
41.1149	-4.1200	40075	Villovela de Pirón
41.1149	-5.5742	37318	Tardáguila
41.1153	-4.3793	40068	Domingo García
41.1158	-5.8570	37292	San Pelayo de Guareña
41.1164	-4.6967	40069	Donhierro
41.1167	1.0333	43178	Vinyols i els Arcs
41.1167	-6.4333	37361	Villar de Samaniego
41.1167	0.4167	43175	Vilalba dels Arcs
41.1167	0.9333	43167	Vilanova d'Escornalbou
41.1167	0.8667	43151	la Torre de Fontaubella
41.1167	-3.8667	40188	Requijada
41.1167	-5.1167	05114	Monte Alto
41.1167	1.0000	43088	Montbrió del Camp
41.1167	-2.6833	19257	Matas
41.1169	-2.8458	19238	Cardeñosa
41.1170	-4.8749	47141	Salvador de Zapardiel
41.1180	-4.7850	05178	Palacios de Goda
41.1182	-3.7238	40020	Arcones
41.1184	-2.9500	19240	Robledo de Corpes
41.1188	1.1921	43148	Bonavista
41.1190	-3.7502	40020	Colladillo
41.1191	1.2454	43148	Tarragona
41.1211	1.1806	43123	La Canonja
41.1214	-3.9088	40062	Cubillo
41.1214	-3.7312	40020	Arconcillos
41.1215	-4.3641	40128	Migueláñez
41.1216	-3.9642	40034	Caballar
41.1217	-3.3900	19067	Cabida
41.1217	-0.5114	44008	Albalate del Arzobispo
41.1225	0.1393	50152	Maella
41.1226	-4.2648	40043	Carbonero el Mayor
41.1227	-4.8427	47100	Muriel de Zapardiel
41.1227	-6.0630	37370	Mozodiel
41.1237	-4.9898	05034	Blasconuño de Matacabras
41.1243	-6.1508	37329	Trabadillo
41.1261	0.2097	50152	Piñeras
41.1262	-1.9907	19324	Villel de Mesa
41.1263	-5.1835	37081	Cantalapiedra
41.1264	-1.2750	50227	Romanos
41.1265	-1.8439	50071	Campillo de Aragón
41.1267	-2.3323	42025	Ures de Medinaceli
41.1268	-2.1770	42025	Judes
41.1270	-2.7415	19202	La Olmeda de Jadraque
41.1272	-6.2740	37262	Manceras
41.1272	0.8026	43076	Marsá
41.1272	-0.2158	44013	Valmuel
41.1279	-4.3512	40030	Bernardos
41.1279	-0.9223	50179	Moyuela
41.1282	-0.8359	50171	Moneva
41.1283	-2.7767	19238	Santamera
41.1283	-2.7152	19257	Bujalcayado
41.1293	-3.2333	19311	Valverde de los Arroyos
41.1295	1.3457	43148	La Mora
41.1298	-6.5574	37065	Cabeza del Caballo
41.1307	-6.6536	37100	Cerezal de Peñahorcada
41.1309	-3.8112	40156	Pedraza
41.1316	-2.4181	42113	Azcamellas
41.1316	-2.3792	42113	Arbujuelo
41.1325	-3.7762	40156	Rades de Abajo
41.1327	-3.5824	28143	Somosierra
41.1333	-3.1667	19146	Umbralejo
41.1333	-1.2667	50227	Torreforta
41.1333	1.0500	43129	Riudoms
41.1333	0.9667	43127	Riudecanyes
41.1333	-2.6833	19257	Ríosalido
41.1333	-2.5833	19257	Mojares
41.1333	-6.1333	37370	Mazán
41.1333	0.7333	43082	el Masroig
41.1333	-2.5333	19257	Horna
41.1333	0.6500	43065	Garcia
41.1333	-3.1167	19203	El Ordial
41.1333	-3.0667	19057	Bustares
41.1333	0.9167	43017	l' Argentera
41.1333	-2.6000	19257	Alboreca
41.1341	1.3066	43148	Monnars
41.1343	-4.6512	40201	Tolocirio
41.1346	-3.7294	40020	Huerta
41.1347	-1.0671	44164	Nogueras
41.1349	-3.2222	19311	Zarzuela de Galve
41.1349	-1.9596	19016	Algar de Mesa
41.1353	-5.3261	49230	Vallesa de la Guareña
41.1355	-2.4992	42113	Torralba del Moral
41.1355	-2.8872	19052	La Bodera
41.1356	-4.0558	40205	Otones de Benjumea
41.1359	-2.4585	42113	Fuencaliente de Medina
41.1361	-3.9115	40213	Valdevacas
41.1363	0.9892	43033	Botarell
41.1366	-5.9158	37030	Añover de Tormes
41.1375	-1.6982	50001	Abanto
41.1376	-2.8241	19238	Ríofrío del Llano
41.1376	-3.8566	40019	Arahuetes
41.1387	-1.7878	50173	Llumes
41.1390	-1.2537	50040	Badules
41.1391	-3.6882	40162	Prádena
41.1394	-6.1969	37370	El Gejo de los Reyes
41.1401	-6.1039	37370	Moscosa y Gusende
41.1403	-4.6641	40129	Montejo de Arévalo
41.1403	-5.6851	37323	Cañedino
41.1414	-6.3281	37165	Iruelos
41.1424	-3.0192	19129	Gascueña de Bornova
41.1429	1.3727	43012	Altafulla
41.1431	-1.3242	50294	Villarroya del Campo
41.1433	-3.3908	19067	Peñalba de la Sierra
41.1434	-3.8261	40156	La Velilla
41.1435	-1.3838	50224	Retascón
41.1444	-1.1927	50108	Fombuena
41.1450	1.3986	43153	Torredembarra
41.1454	-4.1875	40134	Mozoncillo
41.1454	1.3590	43148	Ferrán
41.1455	-2.6570	19257	Valdealmendras
41.1455	-3.9111	40213	El Guijar
41.1458	0.8198	43055	Falset
41.1465	-6.2310	37370	Berganciano
41.1466	-2.2328	42025	Chaorna
41.1474	-6.0831	37370	Cuadrilleros de Gusanos
41.1481	-5.5240	37017	Aldeanueva de Figueroa
41.1482	-5.4364	37231	Parada de Rubiales
41.1486	-5.8305	37379	Zamayón
41.1488	-3.7010	40162	Matandrino
41.1496	-4.9171	47078	Lomo viejo
41.1497	-2.2775	42025	Sagides
41.1500	-2.6500	19257	Torre de Valdealmendras
41.1500	-1.4667	50161	Manchones
41.1500	-6.1333	37370	La Sagrada
41.1500	-3.1667	19146	La Huerce
41.1500	0.9333	43053	Duesaigües
41.1500	1.4167	43153	Clarà
41.1500	0.7667	43055	Bellmunt de Priorat
41.1503	1.4178	43153	La Marina
41.1526	-5.1035	47035	Escargamaría
41.1535	-4.8516	47141	Honcalada
41.1536	-5.8994	37030	Palacinos
41.1539	1.2126	43047	Constantí
41.1543	-6.4873	37349	La Vídola
41.1548	-2.4103	42113	Salinas de Medinaceli
41.1559	-4.4875	40138	Nava de la Asunción
41.1559	-4.5720	40189	Santiuste de San Juan Bautista
41.1561	-4.0070	40208	Turégano
41.1561	1.1069	43123	Reus
41.1566	0.8762	43115	Pradell de la Teixeta
41.1568	-3.7415	40150	Sanchopedro
41.1570	-5.6704	37323	Villanueva de Cañedo
41.1571	1.2416	43148	Sant Salvador
41.1576	-5.6340	37323	Topas
41.1579	-5.7392	37335	Valencia de la Encomienda
41.1581	-1.9120	50070	Calmarza
41.1582	-6.3804	37004	Ahigal de Villarino
41.1589	-3.7652	40150	Revilla
41.1595	-1.0420	50291	Villar de los Navarros
41.1597	-1.4828	50184	Murero
41.1600	-5.9561	49126	Santarén de los Peces
41.1602	-3.8024	40150	La Alameda
41.1606	-1.5553	50037	Atea
41.1606	-0.4701	44237	Urrea de Gaen
41.1610	-2.7348	19257	Imón
41.1610	-4.7776	47147	San Pablo de la Moraleja
41.1615	-3.7034	40162	Villar
41.1617	-3.8891	40021	Arevalillo de Cega
41.1617	-5.3065	49230	Olmo de la Guareña
41.1619	-6.6275	37381	La Zarza de Pumareda
41.1621	-3.6835	40162	Pradenilla
41.1622	-2.9144	19185	Naharros
41.1623	-1.2880	50283	Villadoz
41.1626	-6.1843	37370	Villaseco de los Reyes
41.1632	0.7060	43085	el Molar
41.1634	-2.7921	19257	Cercadillo
41.1636	-2.3708	42025	Lomeda
41.1638	-2.3160	42025	Avenales
41.1642	-6.6914	37190	Mieza
41.1645	-3.7804	40150	El Arenal
41.1646	-6.5514	37065	Fuentes de Masueco
41.1657	-2.5084	42115	Ambrona
41.1658	-1.1458	50149	Luesma
41.1659	-2.6720	19257	Villacorza
41.1660	-3.6564	40045	Casla
41.1662	1.4403	43050	Creixell
41.1662	-2.3406	42025	Velilla de Medinaceli
41.1665	-5.3683	49034	Cañizal
41.1666	-5.8893	37226	Palacios del Arzobispo
41.1667	-3.1833	19146	Valdepinillos
41.1667	-2.5833	19257	Olmedillas
41.1667	1.3667	43126	la Riera de Gaià
41.1667	-2.7118	19257	La Barbolla
41.1667	0.4833	43056	la Fatarella
41.1667	1.3167	43043	el Catllar
41.1667	1.0167	43031	les Borges del Camp
41.1667	-3.1000	19096	Aldeanueva de Atienza
41.1668	-4.1227	40073	Escalona del Prado
41.1689	-2.5643	42115	La Ventosa del Ducado
41.1690	0.9762	43128	Riudecols
41.1692	-6.0037	49126	Moraleja de Sayago
41.1695	1.3437	43043	Ardenya
41.1700	-3.8212	40220	Tejadilla
41.1708	-1.6040	50002	Acered
41.1712	-2.0039	50246	Sisamón
41.1716	-5.7839	37335	Valdelosa
41.1721	-5.2500	37317	Tarazona de Guareña
41.1722	-2.4348	42113	Medinaceli
41.1723	-3.9516	40136	Muñoveros
41.1724	-3.0073	19226	Prádena de Atienza
41.1732	-6.4191	37364	Zarza de Don Beltrán
41.1742	-6.2886	37180	El Manzano
41.1743	-3.6364	40191	Sigueruelo
41.1743	-0.4511	44122	Híjar
41.1743	-1.7350	50173	Monterde
41.1748	-6.5194	37243	La Peña
41.1749	1.2709	43100	els Pallaresos
41.1755	1.1016	43042	Castellvell del Camp
41.1760	-4.9343	47067	Fuente el Sol
41.1775	0.1691	50102	Fabara
41.1777	1.4139	43111	la Pobla de Montornès
41.1778	-4.6061	40189	Bernúy de Coca
41.1794	-3.8072	40220	Valleruela de Pedraza
41.1795	-2.9323	19185	La Miñosa
41.1799	1.5254	43163	Coma-ruga
41.1812	-3.5955	40191	La Rades
41.1815	-3.6949	40224	Ventosilla
41.1817	-3.6164	40191	Siguero
41.1823	1.0453	43081	Maspujols
41.1825	-4.8032	47011	Ataquines
41.1830	-3.6892	40224	Tejadilla
41.1833	0.6333	43152	la Torre de l'Espanyol
41.1833	-4.6500	47126	Puras
41.1833	0.3500	43110	la Pobla de Massaluca
41.1833	-2.5167	42115	Miño de Medina
41.1833	1.2167	43109	la Pobla de Mafumet
41.1833	1.3833	43111	La Nou de Gaia
41.1833	0.5667	43019	Ascó
41.1837	-1.6361	50075	Castejón de Alarba
41.1838	-6.0548	37170	Pelilla
41.1838	1.5426	43163	San Salvador
41.1846	0.5895	43177	Vinebre
41.1855	-4.1656	40012	Aldea Real
41.1864	-3.6831	40224	Las Casas Altas
41.1865	1.4589	43131	Roda de Barà
41.1865	0.7498	43085	Lloá
41.1870	-6.2262	37198	Monleras
41.1873	1.5729	43037	La Platja de Calafell
41.1878	-4.9497	47049	Cervillego de la Cruz
41.1879	-3.7728	40221	Valleruela de Sepúlveda
41.1888	0.8561	43114	Porrera
41.1892	-2.6797	19257	Querencia
41.1893	-0.3888	44205	Samper de Calanda
41.1903	-3.7160	40162	Castroserna de Arriba
41.1903	-1.2898	50292	Villarreal de Huerva
41.1904	-2.4006	42113	Lodares
41.1905	-5.5852	37017	Taragudo
41.1908	-1.8844	50129	Jaraba
41.1910	-4.2097	40160	Pinarnegrillo
41.1912	-3.7944	40125	La Matilla
41.1916	1.2555	43103	Perafort
41.1927	-1.3029	50154	Mainar
41.1929	-2.6607	19256	Tobes
41.1931	-3.9933	40222	Veganzones
41.1932	-2.7078	19257	Riba de Santiuste
41.1932	-3.8577	40165	Rebollo
41.1932	0.7770	43069	Gratallops
41.1935	-2.3145	42025	Somaén
41.1942	-3.5775	40191	Villarejo
41.1942	-4.0688	40192	Sauquillo de Cabezas
41.1948	1.2364	43144	Puigdelfí
41.1951	-1.5098	50284	Villafeliche
41.1958	1.6062	43037	Segur de Calafell
41.1963	-4.4375	40145	Navas de Oro
41.1970	1.3633	43164	Masos de Vespella
41.1972	-2.8713	19044	Atienza
41.1975	-5.1441	47065	Fresno El Viejo
41.1976	1.1117	43011	Almoster
41.1983	1.6364	43051	Cunit
41.1991	-3.5701	40191	Rosuero
41.1997	-4.5777	40057	Villagonzalo de Coca
41.1999	-5.9292	49005	Armesnal
41.2000	1.5683	43037	Calafell
41.2000	1.3667	43164	Vespella de Gaià
41.2000	-2.6000	19256	Torrecilla del Ducado
41.2000	1.5167	43163	Sant Vicenç de Calders
41.2000	1.2167	43095	el Morell
41.2000	1.2500	43066	els Garidells
41.2000	-2.4000	42113	Corvesin
41.2000	-2.5833	42115	Conquezuela
41.2000	1.0500	43007	l' Aleixar
41.2010	-2.6533	19256	Sienes
41.2012	-2.3675	42025	Jubera
41.2035	-6.5894	37184	Masueco
41.2043	-2.1219	50015	Alconchel de Ariza
41.2043	-5.0229	47020	Bobadilla del Campo
41.2046	1.2800	43043	La Secuita
41.2048	-1.6134	50009	Alarba
41.2049	-0.7113	50136	Lécera
41.2050	-2.8183	19087	Cincovillas
41.2056	-3.9138	40163	Puebla de Pedraza
41.2058	-5.8965	37299	Santiz
41.2062	-5.4641	49241	Villaescusa
41.2064	-2.9200	19185	Tordelloso
41.2067	-1.5155	50174	Montón
41.2074	-5.6636	37323	San Critóbal del Monte
41.2077	1.6727	08074	Cubelles
41.2084	-3.7339	40049	Castroserna de Abajo
41.2088	0.2477	50189	Nonaspe
41.2093	1.2046	43166	Vilallonga del Camp
41.2096	-2.7848	19010	Alcolea de las Peñas
41.2097	-4.6353	40082	Fuente de Santa Cruz
41.2098	1.2652	43144	Vistabella
41.2101	-1.3380	50258	Torralbilla
41.2101	-2.9493	19185	Cañamares
41.2102	-1.0827	50124	Herrera de los Navarros
41.2105	-2.0413	50065	Cabolafuente
41.2111	0.9754	43009	Alforja
41.2118	-1.7895	50192	Nuévalos
41.2120	-1.3985	50134	Langa del Castillo
41.2120	1.2940	43144	Argilaga
41.2133	-5.1091	47035	Carpio
41.2137	-6.2710	37301	Sardón de los Frailes
41.2141	-4.6782	47008	Almenara de Adaja
41.2142	-6.6017	37014	Corporario
41.2142	-4.9249	47138	Rubí de Bracamonte
41.2148	1.1388	43145	La Selva del Camp
41.2155	-6.4373	37364	Cabeza de Framontanos
41.2157	-1.2152	50080	Cerveruela
41.2159	-2.2747	42025	Arcos de Jalón
41.2159	-5.7056	37323	Izcala
41.2159	-4.2563	40141	Navalmanzano
41.2162	0.7308	43060	La Figuera
41.2164	-3.1254	19096	Condemios de Arriba
41.2167	-2.4000	42113	Yuba
41.2167	-2.5167	42219	Yelo
41.2167	0.7667	43174	la Vilella Baixa
41.2167	0.7833	43173	la Vilella Alta
41.2167	1.5333	43163	El Vendrell
41.2167	0.8167	43154	Torroja del Priorat
41.2167	1.2167	43103	El Rourell
41.2167	-1.8333	50125	Ibdes
41.2167	-3.1833	19127	Galve de Sorbe
41.2167	-3.1000	19095	Condemios de Abajo
41.2169	1.2527	43144	Guñolas
41.2177	-4.5214	40057	Coca
41.2177	-6.6179	37014	Aldeadávila de la Ribera
41.2182	-3.5913	40053	Cerezo de Abajo
41.2183	-2.7579	19270	Tordelrábano
41.2184	-3.6858	40186	Santa Marta del Cerro
41.2185	-1.1536	50295	Vistabella
41.2188	-2.2325	42025	Aguilar de Montuenga
41.2189	-5.2238	47167	Torrecilla de la Orden
41.2190	-4.8516	47156	San Vicente del Palacio
41.2201	-0.3818	44129	Jatiel
41.2203	1.4394	43030	Bonastre
41.2217	-3.6526	40070	Los Cortos
41.2222	-0.4409	44191	La Puebla de Híjar
41.2223	-3.6168	40053	Mansilla
41.2225	-4.1757	40086	Fuentepelayo
41.2235	-2.4649	42113	Beltejar
41.2236	-4.3320	40182	Mudrián
41.2236	-3.6413	40070	Sanchofruela
41.2239	1.7251	08307	Vilanova i la Geltrú
41.2243	-4.5813	40057	Ciruelos de Coca
41.2245	1.3108	43122	Renau
41.2247	-2.2123	42025	Montuenga de Soria
41.2261	-4.3092	40182	San Martín
41.2264	-2.6759	19303	Valdelcubo
41.2266	-3.8092	40184	San Pedro de Gaíllos
41.2267	-4.1118	40004	Aguilafuente
41.2274	-3.0517	19008	Albendiego
41.2275	-5.9837	49005	Alfaraz
41.2277	-2.7165	19210	Rienda
41.2280	1.0333	43169	Vilaplana
41.2285	-4.7861	47132	Ramiro
41.2286	1.7450	08231	Les Roquetes
41.2286	-1.5362	50116	Fuentes de Jiloca
41.2289	-0.3643	44067	Castelnou
41.2291	-3.8326	40184	Rebollar
41.2292	-6.3407	37028	Almendra
41.2296	1.3744	43135	Salomó
41.2296	-2.4478	42113	Blocona
41.2298	-6.1490	49037	Carbellino
41.2303	-4.9724	47189	Velascálvaro
41.2304	-5.4972	49081	Fuentesaúco
41.2304	-5.3255	49040	Castrillo de la Guareña
41.2307	-4.6813	47021	Bocigas
41.2307	0.5501	43060	Flix
41.2309	-3.7713	40060	Valdesaz
41.2309	-3.7927	40184	La Ventosilla
41.2328	-6.3848	37328	Trabanca
41.2330	-2.9242	19044	Alpedroches
41.2333	1.2167	43080	la Masó
41.2333	-5.0333	47102	Brahojos
41.2333	1.5833	43024	Bellvei
41.2333	-0.9500	43015	Arbolí
41.2340	-0.0394	50074	Caspe
41.2346	-0.8251	50233	Samper del Salz
41.2347	-3.2463	19065	Cantalojas
41.2348	0.8453	43112	Poboleda
41.2351	1.8119	08270	Sitges
41.2353	-3.0048	19294	Ujados
41.2358	-3.8042	40184	Aldearraso
41.2359	-3.9317	40036	Cabezuela
41.2362	-3.6491	40070	Duruelo
41.2369	-3.6997	40195	Tanarro
41.2371	-3.8489	40040	Valdesimonte
41.2377	-2.1280	50259	Torrehermosa
41.2377	-2.8120	19044	Madrigal
41.2385	0.3330	50105	Fayón
41.2389	-3.5585	40054	Cerezo de Arriba
41.2390	-3.8125	40184	Aldealafuente
41.2393	-2.3766	42025	Valladares
41.2395	-6.5235	37250	Pereña
41.2396	-1.6465	50194	Olvés
41.2397	-0.8049	50133	Lagata
41.2402	1.8610	08270	Vallcarca
41.2411	-3.7435	40060	Villafranca
41.2422	0.9487	43015	Arbolí
41.2428	-2.7338	19210	Paredes de Sigüenza
41.2431	1.2490	43160	Vallmoll
41.2440	-4.6474	47068	Fuente Olmedo
41.2444	-3.7914	40006	Aldealcorvo
41.2448	-3.8231	40184	El Barruelo
41.2456	-3.7088	40195	Perorrubio
41.2461	-3.0600	19259	Somolinos
41.2469	-3.4499	40172	Ríofrío de Riaza
41.2474	-5.9578	49005	Viñuela de Sayago
41.2478	1.3302	43165	Vilabella
41.2480	-1.5866	50176	Morata de Jiloca
41.2481	-2.8546	19044	Bochones
41.2481	0.8108	43096	Escaladei
41.2486	0.7351	43035	Cabacés
41.2489	1.2947	43098	Nulles
41.2492	-1.1559	50007	Aladrén
41.2496	-3.6458	40198	Aldehuela
41.2499	1.7689	08270	Puigmoltó
41.2500	-5.9167	49005	Soguino
41.2500	0.4833	43125	Riba-roja d'Ebre
41.2500	1.2000	43083	el Milà
41.2500	1.5000	43002	Les Peces
41.2500	1.6000	08058	La Gornal
41.2500	0.9333	43049	Siurana de Prades
41.2500	1.1000	43003	l' Albiol
41.2500	1.4833	43002	Albinyana
41.2503	-4.8432	47085	Gomeznarro
41.2508	-5.7977	49115	Mayalde
41.2513	-2.5268	42008	Alcubilla de las Peñas
41.2514	-2.9999	19136	Hijes
41.2514	-5.3833	49080	Fuentelapeña
41.2515	-3.8711	40040	Aldeonsancho
41.2520	-1.7056	50183	Munébrega
41.2522	1.8676	08270	Campdessens
41.2524	-5.5748	49255	Villamor de los Escuderos
41.2527	-6.1713	49180	Roelos
41.2529	-4.5795	40230	Villeguillo
41.2530	1.9016	08270	Garraf
41.2532	-5.1703	47004	Castrejón
41.2536	1.5509	43140	Santa Oliva
41.2551	-0.8027	50139	Letux
41.2557	-5.7105	49058	El Cubo de Tierra del Vino
41.2557	1.3021	43165	Casafort
41.2567	-3.6691	40198	Fresneda de Sepúlveda
41.2576	-4.4173	40176	Samboal
41.2576	-3.9279	40040	Cantalejo
41.2579	-5.0149	47031	El Campillo
41.2580	-2.8620	19044	Casillas
41.2582	-0.8708	50039	Azuara
41.2585	-3.6373	40198	Sotillo
41.2586	-1.4911	50169	Miedes
41.2588	-3.7808	40195	Consuegra de Murera
41.2591	-3.7372	40060	Torrecilla
41.2591	-2.5966	42029	Romanillos de Medinaceli
41.2595	-4.2936	40159	Pinarejos
41.2595	-2.5589	42008	Mezquetillas
41.2600	-3.7489	40060	La Nava
41.2602	-4.1846	40234	Zarzuela del Pinar
41.2602	1.4385	43030	Masarbonés
41.2604	1.7739	08231	Sant Pere de Ribes
41.2610	1.2760	43098	Bellavista
41.2620	-4.7707	47232	La Zarza
41.2627	1.1701	43005	Alcover
41.2628	1.6337	08058	Castellet
41.2632	-0.1274	50092	Chiprana
41.2641	1.5501	43140	Saiforas
41.2651	-2.6706	42023	Alpanseque
41.2653	0.8416	43096	la Morera de Montsant
41.2655	1.3652	43089	Montferri
41.2656	0.9052	08058	Cornudella de Montsant
41.2658	0.9051	43049	Cornudella
41.2665	-6.0735	49008	Almeida
41.2667	-0.5833	50045	Vinaceita
41.2667	-3.5667	40046	Sotos de Sepulveda
41.2667	-2.1667	42167	Santa María de Huerta
41.2667	-2.9000	19241	Romanillos de Atienza
41.2667	1.4167	43079	Masllorenç
41.2667	1.0000	43057	la Febró
41.2667	-3.1333	19061	Campisábalos
41.2667	1.3333	43034	Bràfim
41.2667	-6.2667	49264	Argusino
41.2667	1.6000	08058	L'Arboç
41.2667	-2.9638	19181	Miedes de Atienza
41.2670	-3.7062	40195	Vellosillo
41.2673	-4.6139	47079	Llano de Olmedo
41.2676	-5.0568	47102	Nueva Villa de las Torres
41.2684	-1.8641	50120	Godojos
41.2687	-4.9318	47031	Las Salinas
41.2699	-2.4500	42008	Radona
41.2700	-6.2188	49183	Salce
41.2709	-3.8840	40193	Sebúlcor
41.2710	-6.4685	37364	Villarino de los Aires
41.2727	-1.7261	50282	La Vilueña
41.2731	-3.6496	40198	Alameda
41.2749	-4.6529	47002	Aguasal
41.2751	-1.6040	50279	Velilla de Jiloca
41.2764	-4.8252	47095	Moraleja de las Panaderas
41.2772	1.6524	08058	Torrelletas
41.2775	-1.7975	50072	Carenas
41.2779	1.9703	08056	Castelldefels
41.2783	-3.4779	40170	Riaza
41.2790	1.2971	43119	Puigpelat
41.2799	-0.5507	50021	Almochuel
41.2801	0.7230	43027	la Bisbal de Falset
41.2805	-3.8436	40193	San Miguel de Neguera
41.2807	-0.7927	50023	Almonacid de la Cuba
41.2810	-3.6014	40046	Castillejo de Mesleón
41.2810	-4.4934	40084	Fuente el Olmo de Iscar
41.2814	-3.2160	19065	Villacadima
41.2815	-3.8079	40195	Villar de Sobrepeña
41.2816	1.8338	08270	Jafra
41.2818	-5.6231	49102	El Maderal
41.2823	1.5284	43020	Papiolet
41.2824	1.4357	43028	Pineda de Santa Cristina
41.2824	-5.3530	49226	Vadillo de la Guareña
41.2833	1.4000	43132	Rodonyà
41.2833	1.1000	43091	Mont-ral
41.2833	1.5500	43074	Llorenç del Penedès
41.2833	0.6667	43060	La Palma de Ebro
41.2833	1.7333	08043	Canyelles
41.2833	1.4833	43028	la Bisbal del Penedès
41.2833	1.5833	43020	Banyeres del Penedès
41.2834	-3.3172	40170	El Muyo
41.2835	-1.4814	50229	Ruesca
41.2840	-1.2122	50200	Paniza
41.2840	-3.6798	40195	Duratón
41.2850	0.7533	43075	Margalef
41.2852	-1.2752	50098	Encinacorba
41.2859	1.3630	43089	Vilardida
41.2860	-2.9148	19049	Bañuelos
41.2861	1.2499	43161	Valls
41.2866	-5.8675	49149	Peñausende
41.2871	-4.6888	47104	Olmedo
41.2877	-1.6160	50159	Maluenda
41.2879	-3.6974	40195	Corral de Duratón
41.2889	-5.9388	49149	Figueruela de Sayago
41.2893	-2.2687	42018	Almaluez
41.2895	-1.5184	50162	Mara
41.2896	-4.3261	40095	Gómezserracín
41.2896	1.5215	43137	Torregassa
41.2897	-3.3646	40170	Becerril
41.2899	-5.4422	49093	Guarrate
41.2903	-2.3207	42025	Utrilla
41.2903	-4.3471	40063	Chatún
41.2906	-2.1603	50172	Granja de San Pedro
41.2912	-0.4941	50045	Azaila
41.2915	-2.8163	42031	Barcones
41.2915	-0.3231	50101	Escatrón
41.2916	-2.1049	50172	Monreal de Ariza
41.2921	-1.9628	50081	Cetina
41.2927	-1.3742	50086	Codos
41.2927	-5.8213	49031	Villardiegua del Sierro
41.2931	-2.3818	42018	Aguaviva de la Vega
41.2942	1.5781	08058	Lletger
41.2942	1.3058	43010	Alió
41.2947	-1.0463	50005	Aguilón
41.2949	-2.6564	42029	Barahona
41.2950	1.6414	08058	Las Masucas
41.2951	1.1959	43161	La Plana
41.2955	-3.6432	40025	Corralejo
41.2961	-3.4014	40170	Martín Muñoz de Ayllón
41.2966	-1.8936	50020	Alhama de Aragón
41.2970	-3.7422	40195	Sepúlveda
41.2976	-4.1067	40110	Lastras de Cuéllar
41.2984	-1.4785	50196	Orera
41.2985	-1.7408	50277	Valtorres
41.2989	-3.3408	40170	Serracín
41.2991	-3.1031	42155	Peralejo de los Escuderos
41.3000	1.5667	43137	Sant Jaume dels Domenys
41.3000	1.6500	08058	La Ràpita
41.3000	-3.9333	40088	Fuenterrebollo
41.3000	1.0333	43039	Capafonts
41.3002	-4.9087	47085	San Roque
41.3002	-3.0343	42155	Castro
41.3003	-4.4079	40176	Narros de Cuéllar
41.3008	0.9127	43049	Albarca
41.3010	-3.7344	40195	Santa Cruz
41.3024	-3.6623	40025	El Olmo
41.3025	1.2021	43161	Picamoíxons
41.3026	-2.7285	42023	Marazovel
41.3038	-3.2483	40024	Grado del Pico
41.3038	-3.0596	42155	Valvenedizo
41.3053	-1.9173	50087	Contamina
41.3056	0.4242	25020	Almatret
41.3056	-3.0868	42155	Losana
41.3060	1.7374	08145	Viladellops
41.3060	-0.7540	50045	Belchite
41.3060	2.0012	08089	Gavà
41.3066	-4.5275	40228	Villaverde de Iscar
41.3069	-5.0263	47228	Villaverde de Medina
41.3073	-5.2157	47004	Alaejos
41.3074	-5.6577	49059	Cuelgamures
41.3086	1.6042	08058	Sant Marçal
41.3088	-3.4042	40170	Alquité
41.3096	-6.3071	49264	Cibanal
41.3098	-1.8108	50076	Castejón de las Armas
41.3098	0.9887	43116	Prades
41.3109	-3.1346	42155	Manzanares
41.3109	-2.9823	42155	Retortillo de Soria
41.3116	-5.5876	49013	Argujillo
41.3117	1.0859	43091	Farena
41.3123	1.3590	43170	Vilarrodona
41.3124	-4.9141	47085	Medina del Campo
41.3124	1.1255	43091	El Pinetell
41.3128	-1.5370	50046	Belmonte de Calatayud
41.3138	-1.6403	50201	Paracuellos de Jiloca
41.3141	2.0143	08301	Viladecans
41.3144	-2.0533	50034	Ariza
41.3148	-1.8539	50058	Bubierca
41.3148	-3.3314	40170	Madriguera
41.3149	-4.3651	40063	Campo de Cuéllar
41.3154	-1.0729	50264	Tosos
41.3155	1.4533	43028	Juncosa
41.3161	-3.8257	40195	Villaseca
41.3165	1.2336	43161	Masmolets
41.3167	1.8167	08148	Olivella
41.3167	1.5667	43137	La Carroña
41.3167	1.6167	08065	La Múnia
41.3167	0.6500	25056	Bovera
41.3168	-3.1933	42120	Pedro
41.3170	-3.7207	40016	Covachuelas
41.3174	-6.3958	49065	Fermoselle
41.3176	-6.1118	49023	Villamor de Cadozos
41.3177	2.0737	08169	El Mas Blau
41.3179	-2.5944	42029	Pinilla del Olmo
41.3183	-4.8394	47123	Pozal de Gallinas
41.3185	-5.9713	49077	Fresno de Sayago
41.3186	1.7549	08145	Can Trabal
41.3187	1.7050	08145	La Plana Rodona
41.3190	-4.4494	40078	Fresneda de Cuéllar
41.3192	-4.9377	47085	La Casa Blanca
41.3197	1.1745	43086	La Riba
41.3198	-3.0982	42155	Rebollosa de los Escuderos
41.3216	1.6650	08145	Els Monjos
41.3217	-0.3508	50240	Sástago
41.3222	0.8765	43157	Ulldemolins
41.3222	-5.7369	49054	Peleas de Arriba
41.3230	-5.8853	49149	Tamame
41.3233	-4.3053	40179	Sanchonuño
41.3237	-3.6886	40016	Olmillo
41.3252	-3.5916	40032	Turrubuelo
41.3254	-5.7074	49054	Fuente el Carnero
41.3254	-4.9921	47228	Carrión y Dueñas de Medina
41.3257	-3.6736	40025	Barbolla
41.3258	1.6912	08145	Moja
41.3259	-3.3630	40170	Villacorta
41.3263	-5.6280	49084	Fuentespreadas
41.3268	-3.3144	40170	El Negredo
41.3274	-1.5483	50286	Villalba de Perejil
41.3276	-0.4291	50296	La Zaida
41.3278	2.0947	08169	El Prat de Llobregat
41.3281	-1.7133	50253	Terrer
41.3293	1.7612	08013	l'Arboçar De Baix
41.3294	-0.3852	50019	Alforque
41.3300	-3.2136	40024	Rebollosa de Pedro
41.3302	-6.1894	49264	Villar del Buey
41.3304	-5.0809	47101	Nava del Rey
41.3309	-1.7935	50038	Ateca
41.3322	-3.4548	40079	Cincovillas
41.3324	1.2325	43161	Fontscaldes
41.3324	1.6496	08251	Ca'l Rubió
41.3330	-2.7492	42153	Rello
41.3330	-5.5769	49191	San Miguel de la Ribera
41.3333	1.1833	43172	Vilaverd
41.3333	2.0000	08204	Sant Climent de Llobregat
41.3333	-0.7500	50085	Codo
41.3333	-5.7833	49031	Cabañas de Sayago
41.3333	1.9333	08020	Begues
41.3333	-3.8167	40195	Aldehuela
41.3333	1.3667	43001	Aiguamúrcia
41.3337	-0.3568	50012	Alborge
41.3340	-5.4671	49146	El Pego
41.3345	-4.3697	40063	Arroyo de Cuéllar
41.3349	-2.9480	42155	Torrevicente
41.3351	-3.5448	40170	Aldeanueva del Monte
41.3354	-3.2820	40024	Santibáñez de Ayllón
41.3358	-1.5628	50286	Torres
41.3364	-3.6383	40032	Boceguillas
41.3369	-4.6479	47104	Valviadero
41.3370	-2.5558	42029	Jodra de Cardos
41.3373	-1.2244	50073	Cariñena
41.3374	-4.7672	47104	Calabazas
41.3374	0.7360	25170	Bellaguarda
41.3379	-3.7894	40195	Castrillo de Sepúlveda
41.3381	-3.0592	42155	Tarancueña
41.3383	1.1116	43086	Rojals
41.3383	-4.4276	40065	Chañe
41.3387	-1.3998	50255	Tobed
41.3388	-5.6769	49197	Santa Clara de Avedillo
41.3390	-1.2706	50004	Aguarón
41.3391	-3.8865	40044	Burgomillodo
41.3397	-0.3712	50083	Cinco Olivas
41.3398	-1.4545	50046	Viver de Vicort
41.3406	-6.1520	49264	Pasariegos
41.3406	-3.1071	42155	Cañicera
41.3410	-4.4839	40166	Remondo
41.3415	-4.5823	47112	Pedrajas de San Esteban
41.3415	-3.9321	40140	Navalilla
41.3424	-0.9599	50114	Fuendetodos
41.3436	2.0366	08200	Sant Boi de Llobregat
41.3444	-5.4100	49024	La Bóveda de Toro
41.3455	-4.1215	40100	Hontalbilla
41.3461	-1.5318	50242	Sediles
41.3462	1.6971	08305	Vilafranca del Penedès
41.3462	-6.0545	49023	Torrefrades
41.3464	-6.2907	49264	Formariz
41.3464	1.3631	43001	Santes Creus
41.3471	-2.8462	42026	Arenillas
41.3471	1.8466	08020	El Hospital
41.3473	-3.4098	40171	Aldealázaro
41.3480	-2.4332	42182	Taroda
41.3480	1.7401	08145	Sant Pere Molanta
41.3485	0.9567	43168	Vilanova de Prades
41.3485	1.2124	43086	Lilla
41.3486	-2.8941	42035	Lumias
41.3492	-6.0181	49023	Piñuel
41.3500	1.9833	08289	Torrelles de Llobregat
41.3500	-2.1500	50215	Pozuel de Ariza
41.3500	0.6667	25101	la Granadella
41.3500	2.0833	08073	Cornellà de Llobregat
41.3500	1.7833	08013	Avinyonet del Penedès
41.3505	-2.5232	42003	Hontalbilla de Almazán
41.3509	-3.6785	40016	Aldeonte
41.3510	-2.4737	42003	Adradas
41.3512	2.0905	08073	Almeda i Can Mercader
41.3516	-3.8453	40195	Hinojosas del Cerro
41.3518	-2.7963	42157	La Riba de Escalote
41.3522	-5.1849	47160	Siete Iglesias de Trabancos
41.3529	-2.6101	42212	Villasayas
41.3530	-5.9224	49077	Mogátar
41.3532	-5.5884	49158	El Piñero
41.3533	-1.0365	50290	Villanueva del Huerva
41.3535	-1.6432	50067	Calatayud
41.3536	-3.5696	40170	Barahona de Fresno
41.3540	-3.2483	40024	Noviales
41.3543	1.8491	08146	Olesa de Bonesvalls
41.3545	-5.7702	49258	Villanueva de Campeán
41.3550	-5.9332	49077	Los Maniles
41.3557	-1.4334	50236	Aldehuela de Grío
41.3557	-3.1261	42120	Valderromán
41.3559	-3.7739	40210	Urueñas
41.3562	-3.6140	40032	Aldeanueva del Campanario
41.3580	-5.7248	49054	Corrales
41.3588	-3.1399	42120	Carrascosa de Arriba
41.3597	2.1003	08101	L'Hospitalet de Llobregat
41.3611	1.4020	43090	Las Poblas
41.3612	-4.5335	47075	Iscar
41.3618	-2.3378	42018	Puebla de Eca
41.3623	-3.1835	42120	Torresuso
41.3625	-3.3324	40024	Estebanvela
41.3630	-3.8397	40218	Valle de Tabladillo
41.3634	1.2915	43108	El Pla de Santa Maria
41.3634	-3.4780	40079	Pajares de Fresno
41.3636	-6.3302	49264	Fornillos de Fermoselle
41.3637	-2.6591	42212	Fuentegelmes
41.3648	-3.4296	40171	Ribota
41.3648	-2.1696	42119	Monteagudo de las Vicarías
41.3655	2.0698	08217	La Gabarra
41.3656	-1.2987	50088	Cosuenda
41.3656	-3.8243	40218	Barrio de Arriba
41.3664	-3.5461	40196	Sequera de Fresno
41.3665	-4.7188	47104	Hornillos
41.3665	-6.1122	49023	Bermillo de Sayago
41.3667	1.7500	08206	Sant Cugat Sesgarrigues
41.3667	0.5000	25133	Maials
41.3667	1.7000	08305	Les Cabanyes
41.3668	0.9151	25169	Pobla de Ciérvoles
41.3672	2.0574	08217	Sant Joan Despí
41.3674	2.0143	08244	Santa Coloma de Cervelló
41.3674	1.7999	08013	Cantallops
41.3676	-2.9770	42155	Sauquillo de Paredes
41.3676	-2.9993	42155	Modamio
41.3680	-3.8982	40044	Carrascal del Río
41.3682	-4.1119	40003	Adrados
41.3682	-3.4995	40079	Fresno de Cantespino
41.3683	1.5010	43001	El Pla de Manlleu
41.3684	-3.2002	42120	Montejo de Tiermes
41.3701	-5.9431	49152	Cernecina
41.3703	0.7765	25118	Juncosa
41.3705	-1.4301	50236	Santa Cruz de Grío
41.3706	-4.8780	47085	Rodilana
41.3706	-4.6726	47005	Alcazarén
41.3712	-6.3797	49264	Pinilla de Fermoselle
41.3714	-2.3009	42018	Chércoles
41.3715	1.2654	43059	Figuerola
41.3715	-4.8442	47124	Pozáldez
41.3717	-3.3862	40024	Valvieja
41.3717	-1.5824	50067	Marivella
41.3721	0.3017	50165	Mequinensa / Mequinenza
41.3721	-5.0124	47139	Torrecilla del Valle
41.3732	-3.6130	40097	Grajera
41.3734	-3.0307	42155	Madruédano
41.3735	-5.8983	49152	Sobradillo de Palomares
41.3736	-4.0384	40204	Torrecilla del Pinar
41.3742	-0.4348	50278	Velilla de Ebro
41.3742	-2.9101	42035	Alaló
41.3743	0.5497	25133	Llardecáns
41.3743	-5.7465	49038	Casaseca de Campeán
41.3745	-3.7075	40142	Navares de Ayuso
41.3751	-3.6676	40071	Encinas
41.3764	1.1616	43086	Montblanc
41.3772	1.2241	43086	Prenafeta
41.3773	2.0881	08077	Esplugues de Llobregat
41.3776	1.9104	08295	Las Casetas d'en Montaner
41.3782	1.7190	08305	La Granada
41.3782	-2.7247	42048	Bordecorex
41.3783	-1.9737	50096	Embid de Ariza
41.3785	-5.8275	49152	Amor
41.3793	-4.0009	40083	Fuente el Olmo de Fuentidueña
41.3794	-3.2437	42105	Liceras
41.3796	0.9834	43158	Vallclara
41.3798	-1.4638	50110	Inogés
41.3806	-2.4420	42123	Señuela
41.3807	-5.4079	49239	Villabuena del Puente
41.3810	-3.7228	40143	Navares de Enmedio
41.3814	-2.9509	42035	Abanco
41.3818	-1.5926	50067	Huérmeda
41.3824	-2.4745	42003	Sauquillo del Campo
41.3824	-5.8582	49152	La Tuda
41.3826	-3.9272	40056	Cobos de Fuentidueña
41.3832	-3.0915	42052	Caracena
41.3833	1.6500	08304	Vilobí del Penedès
41.3833	0.9500	25253	el Vilosell
41.3833	1.5667		Torrelles de Foix
41.3833	0.7167	25224	els Torms
41.3833	1.7167	08249	Santa Fe del Penedès
41.3833	2.0500	08211	Sant Feliu de Llobregat
41.3833	1.3667	43001	El Pont d'Armentera
41.3833	-5.1667	47160	Los Evanes
41.3833	-4.1863	40081	Frumales
41.3833	-3.3500	40024	Francos
41.3839	2.0676	08221	Sant Just Desvern
41.3842	1.7963	08273	Sant Pau d'Ordal
41.3844	-4.2401	40063	Dehesa Mayor
41.3852	-0.8556	50218	Puebla de Albortón
41.3853	-3.4231	40024	Saldaña de Ayllón
41.3853	-3.5330	40079	Castiltierra
41.3856	-5.9511	49152	Malillos
41.3858	1.6112	08227	Sant Martí Sarroca
41.3865	-6.2816	49064	Palazuelo de Sayago
41.3866	-4.7763	47082	Villalba de Adaja
41.3868	1.9321	08295	Vallirana
41.3878	-6.1978	49136	Muga de Sayago
41.3878	-3.1384	42120	Hoz de Arriba
41.3881	-5.9711	49152	Sogo
41.3888	2.1590	08019	Barcelona
41.3892	-5.2641	47045	Castronuño
41.3896	-5.5360	49234	Venialbo
41.3896	-3.3101	42120	Cuevas de Ayllón
41.3899	-3.4977	40079	Cascajares
41.3899	-3.5900	40154	Pajarejos
41.3904	1.7725	08273	Lavern
41.3908	-3.4586	40061	Corral de Ayllón
41.3908	-2.5118	42083	Torremediana
41.3909	-4.0956	40902	Cozuelos de Fuentidueña
41.3912	-6.2385	49064	Zafara
41.3920	-5.6641	49096	Jambrina
41.3924	-3.6449	40080	Fresno de la Fuente
41.3926	-5.6897	49148	Peleas de Abajo
41.3928	-6.0101	49023	Fadón
41.3929	-4.1411	40158	Perosillo
41.3932	2.0069	08263	Sant Vicenç dels Horts
41.3933	-3.8020	40051	Castroserracín
41.3937	-2.3765	42015	Cabanillas
41.3944	-2.8529	42035	Cabreriza
41.3950	1.0985	43054	L' Espluga de Francolí
41.3959	1.9592	08068	Cervelló
41.3961	1.7382	08273	Can Cartró
41.3961	-4.2358	40063	Dehesa
41.3965	-4.4717	40124	Mata de Cuéllar
41.3966	-3.8473	40048	Castrojimeno
41.3966	1.8506	08146	Ordal
41.3969	-1.5197	50110	Aluenda
41.3972	1.1709	43086	La Guàrdia dels Prats
41.3975	-1.3239	50024	Almonacid de la Sierra
41.3978	-1.8284	50178	Moros
41.3979	-3.1281	42120	Hoz de Abajo
41.3980	1.8055	08273	Caserío de Ca'n Rosell
41.3985	-5.7828	49151	San Marcial
41.3988	-2.9524	42035	Brías
41.3988	-3.9523	40183	San Miguel de Bernúy
41.3989	-4.0430	40087	Fuentepiñel
41.3991	-1.0627	50167	Aylés
41.3993	-3.5705	40029	Bercimuel
41.4000	1.8333	08273	Subirats
41.4000	1.7000	08174	Puigdàlber
41.4000	1.2833	43036	Cabra del Camp
41.4000	1.2333	43021	Barberà de la Conca
41.4003	-3.0007	42152	Nograles
41.4007	1.0506	43176	Vimbodí
41.4015	-6.0421	49023	Gáname
41.4016	-4.3147	40063	Cuéllar
41.4020	-3.5184	40079	Riahuelas
41.4023	-2.7644	42048	Caltojar
41.4024	-6.3068	49064	Mámoles
41.4031	-1.1688	50143	Longares
41.4032	-4.2785	40063	Escarabajosa de Cuéllar
41.4034	-2.5010	42068	Centenera del Campo
41.4040	-5.8360	49152	Las Enillas
41.4044	-4.4266	40219	Vallelado
41.4059	-4.4044	40177	San Cristóbal de Cuéllar
41.4062	-4.5454	47053	Cogeces de Iscar
41.4067	-4.2229	40063	Lovingos
41.4069	-6.1610	49023	Villamor de la Ladre
41.4072	-1.9999	42063	Cihuela
41.4075	-4.3606	40063	Torregutiérrez
41.4076	-3.0318	42152	La Perera
41.4077	-0.4616	50119	Gelsa
41.4083	-4.5617	47087	Megeces
41.4084	-3.0595	42053	Pozuelo
41.4085	-3.3171	42120	Ligos
41.4093	-5.5855	49210	Valdemimbre
41.4099	1.7752	08273	Caserío de Ca'l Batista
41.4111	-2.6052	42020	Lodares del Monte
41.4111	-4.8293	47192	Ventosa de la Cuesta
41.4122	-4.1955	40149	Moraleja de Cuéllar
41.4123	-4.9588	47139	Rueda
41.4127	-5.7528	49151	El Perdigón
41.4127	-6.0757	49023	Fresnadillo
41.4131	1.5146	08168	Pontóns
41.4131	1.9691	08068	La Palma
41.4136	-2.4132	42123	Morón de Almazán
41.4136	-4.9055	47158	La Seca
41.4140	-1.4958	50110	El Frasno
41.4142	-3.4049	40024	Santa María de Riaza
41.4142	-4.7912	47082	Matapozuelos
41.4143	-3.7508	40144	Navares de las Cuevas
41.4145	1.6506	08085	La Guardiola
41.4149	-4.2151	40063	Fuentes de Cuéllar
41.4149	-2.2533	42119	Valtueña
41.4149	-4.1607	40149	Olombrada
41.4152	1.9022	08068	El Amunt
41.4158	-5.7045	49044	Cazurra
41.4165	-5.8781	49152	Pereruela
41.4167	-6.2107	49064	Tudera
41.4167	0.6833	25206	el Soleràs
41.4167	2.0333	08205	Sant Bartomeu de la Quadra
41.4167	1.3333	43113	Salmellà
41.4167	1.7167	08164	el Pla del Penedès
41.4167	2.0167	08123	Molins de Rei
41.4167	0.3667	25102	la Granja d'Escarp
41.4167	-6.2667	49064	Fariza
41.4167	0.8667	25073	Cervià de les Garrigues
41.4167	-2.0667	50054	Bordalba
41.4167	0.9333	25169	l' Albi
41.4170	1.9197	08072	Corbera de Llobregat
41.4177	-5.8245	49152	Pueblica de Campeán
41.4180	-1.6843	50257	Torralba de Ribota
41.4186	-5.6491	49090	Gema
41.4186	-5.9453	49152	Arcillo
41.4190	-3.3754	40024	Ayllón
41.4192	-4.1236	40149	Vegafría
41.4204	-3.8553	40047	Castro de Fuentidueña
41.4205	-2.8891	42035	Paones
41.4205	-2.1865	42088	Fuentelmonje
41.4206	-2.3319	42015	Alentisque
41.4209	-5.1258	47121	Venta de Pollos
41.4210	-3.9981	40083	Los Valles de Fuentidueña
41.4221	-2.5626	42020	Cobertelada
41.4225	-1.3806	50026	Alpartir
41.4227	-1.5624	50202	Paracuellos de la Ribera
41.4228	1.0217	43176	Tarrés
41.4228	-1.5969	50067	Embid de la Ribera
41.4229	1.8368	08273	Casablanca
41.4229	1.3968	43120	Querol
41.4231	1.2018	43107	Pira
41.4231	1.8436	08091	Martivell
41.4234	-3.0896	42053	Carrascosa de Abajo
41.4238	-0.4959	50222	Quinto
41.4239	1.9950	08157	Pallejà
41.4245	-4.0621	40089	Fuentesaúco de Fuentidueña
41.4248	-3.6058	40052	Cedillo de la Torre
41.4256	1.7852	08240	Sant Sadurní d'Anoia
41.4258	-1.0828	50167	Mezalocha
41.4258	-2.5450	42020	Balluncar
41.4264	-3.4889	40168	Riaguas de San Bartolomé
41.4266	-2.5144	42083	Frechilla de Almazán
41.4272	-2.9970	42152	Galapagares
41.4278	-3.9076	40091	Tejares
41.4294	-2.7964	42048	Casillas de Berlanga
41.4299	-3.5460	40039	Campo de San Pedro
41.4301	-5.7556	49061	Entrala
41.4305	1.9668	08072	Baix Llobregat
41.4307	2.2186	08194	Sant Adrià de Besòs
41.4316	-3.0225	42152	Mosarejos
41.4316	-3.3256	40024	Torraño
41.4322	-3.5661	40055	Cilleruelo de San Mamés
41.4323	-5.5671	49210	Sanzoles
41.4324	-4.6649	47090	Mojados
41.4330	-1.7357	50079	Cervera de la Cañada
41.4331	-5.3019	47204	Villafranca de Duero
41.4331	1.8611	08091	La Valenciana
41.4333	2.2333	08015	San Adrian de Besos
41.4333	0.9833	25255	Vinaixa
41.4333	0.6000	25226	Torrebesses
41.4333	2.0167	08205	El Papiol
41.4333	1.2167	43021	Ollers
41.4333	0.6500	25105	Granyena de les Garrigues
41.4333	1.8667	08091	Gelida
41.4343	1.5910	08085	Font-Rubí
41.4348	-2.4757	42068	Coscurita
41.4354	-5.7037	49127	Pontejos
41.4355	-1.8413	50287	Villalengua
41.4356	-3.1526	42162	Quintanas Rubias de Arriba
41.4356	-5.0182	47139	Foncastín
41.4361	1.8471	08091	El Puig
41.4362	-5.7967	49151	Tardobispo
41.4362	2.0460	08205	La Rierada
41.4372	-6.1625	49101	Monumenta
41.4374	1.1598	43029	Blancafort
41.4381	2.2195	08015	Llefià
41.4387	-5.6755	49039	Casaseca de las Chanas
41.4392	-1.2446	50018	Alfamén
41.4395	-6.2083	49012	Argañín
41.4398	1.8676	08091	Els Taronjers
41.4403	-6.1334	49101	Luelmo
41.4404	1.8101	08091	Espiells
41.4404	-3.4020	40109	Mazagatos
41.4418	-3.7035	40161	Ciruelos
41.4423	-3.9790	40092	Fuentidueña
41.4423	-2.8201	42035	Ciruela
41.4427	-3.6742	40161	Carabias
41.4427	-2.5607	42020	Almántiga
41.4430	-6.2828	49064	Cozcurrita
41.4431	2.0706	08205	La Floresta Pearson
41.4432	-1.5667	50241	Saviñán
41.4433	-4.4599	47145	San Miguel del Arroyo
41.4435	-0.8848	50275	Valmadrid
41.4441	-5.1249	47121	Pollos
41.4442	-2.3466	42118	Momblona
41.4445	-2.2379	42050	Cañamaque
41.4446	1.4401	43120	Esblada
41.4447	-3.8400	40202	Torreadrada
41.4447	1.3492	43113	Vallespinosa
41.4448	-1.7043	50029	Aniñon
41.4449	1.2481	43142	Sarral
41.4450	-4.0101	40092	Calabazas
41.4460	1.7307	08287	Lavit
41.4460	-4.3836	47194	Viloria
41.4461	-3.2513	42162	Torremocha de Ayllón
41.4466	1.9719	08196	Sant Andreu de la Barca
41.4469	1.7855	08161	Monistrol de Noya
41.4474	-5.7307	49127	Morales del Vino
41.4475	-2.5308	42083	La Miñosa
41.4475	-2.4115	42172	Borchicayada
41.4478	-2.5701	42020	Covarrubias
41.4480	1.7255	08287	Terrasola
41.4481	-6.0609	49124	Abelón
41.4486	-3.1620	42162	Quintanas Rubias de Abajo
41.4490	-2.6993	42200	Velamazán
41.4491	-2.5051	42068	Bordejé
41.4493	-3.4244	40109	Languilla
41.4496	-4.0957	40127	Membibre de la Hoz
41.4500	0.5667	25200	Sarroca de Lleida
41.4500	1.7000	08232	Sant Pere de Riudebitlles
41.4500	0.3667	25131	Masalcoreig
41.4500	1.9000	08066	Castellví de Rosanes
41.4500	0.7500	25067	l' Albagés
41.4500	2.2474	08015	Badalona
41.4501	-6.2525	49064	Badilla
41.4502	-3.4855	40005	Alconada de Maderuelo
41.4513	-4.5191	47145	Santiago del Arroyo
41.4515	2.2081	08245	Santa Coloma de Gramenet
41.4517	-5.4523	49228	Valdefinjas
41.4520	-0.9926	50131	Jaulín
41.4525	-3.0912	42084	Fresno de Caracena
41.4532	-5.8668	49152	San Román de los Infantes
41.4541	1.9986	08054	El Canyet
41.4548	-2.1618	42184	Torlengua
41.4549	-2.6222	42030	Barca
41.4550	1.1782	43147	Solivella
41.4556	-3.7075	40161	Pradales
41.4560	1.8620	08091	Sant Salvador
41.4564	-5.6851	49010	Arcenillas
41.4566	-3.9184	40091	Fuentesoto
41.4568	-5.1616	47166	Torre Duero
41.4572	-4.8628	47159	Serrada
41.4582	-3.5619	40039	Fuentemizarra
41.4594	1.8818	08091	Ca'n Bargalló
41.4596	2.0439	08205	Valldoreix
41.4603	-5.6214	49103	Bamba
41.4610	-4.6158	47006	Aldea de San Miguel
41.4612	-2.4829	42068	Villalba
41.4620	-3.4672	40008	Aldealengua de Santa María
41.4624	1.6639	08236	Sant Quintí de Mediona
41.4624	-2.4295	42068	Neguillas
41.4633	1.0239	25097	Fulleda
41.4635	-1.7835	50293	Villarroya de la Sierra
41.4637	-2.0205	42076	Deza
41.4638	-3.4988	40005	Alconadilla
41.4639	-5.6563	49125	Moraleja del Vino
41.4646	-3.6166	40132	Moral
41.4647	-3.2166	40024	Morcuera
41.4656	-2.8615	42035	Berlanga de Duero
41.4660	-5.1461	47121	San Juan de la Guarda
41.4663	-1.0850	50181	Muel
41.4667	1.3167	43142	Vallverd de Queralt
41.4667	0.4167	25204	Seròs
41.4667	1.7500	08287	Sant Jaume Sas Oliveras
41.4667	1.4000	43120	Santa Perpètua de Gaià
41.4667	2.1667	08125	Santa Maria de Montcada
41.4667	1.8333	08222	Sant Llorenç d'Hortons
41.4667	1.2833	43130	Rocafort de Queralt
41.4667	1.3000	43142	Montbrió de la Marca
41.4667	0.6833	25076	el Cogul
41.4667	-0.7058	50164	Mediana
41.4669	-6.1762	49088	Gamones
41.4674	-3.0622	42206	Villanueva de Gormaz
41.4683	2.2336	08015	El Canyet
41.4686	2.2800	08126	Montgat
41.4689	-2.3027	42108	Maján
41.4690	-5.9654	49269	Villaseco
41.4691	-3.5564	40039	Valdevarnés
41.4693	-2.3816	42172	Soliedra
41.4699	1.0854	43146	Senan
41.4702	-6.1006	49124	Moral de Sayago
41.4706	2.0861	08205	Sant Cugat del Vallès
41.4712	-4.6464	47006	La Pedraja de Portillo
41.4714	1.5324	08104	La Llacuna
41.4723	-4.6961	47111	El Cardiel
41.4729	-4.0571	40013	Aldeasoña
41.4730	-1.8744	50263	Torrijo de la Cañada
41.4732	1.8801	08208	Ca'n Margarit
41.4733	-1.5649	50177	Morés
41.4733	-4.5050	47032	Camporredondo
41.4735	-1.4763	50175	Morata de Jalón
41.4736	0.3352	22112	Torrent de Cinca / Torrente de Cinca
41.4739	-1.5422	50177	Purroy
41.4740	1.9306	08114	Martorell
41.4741	-2.9946	42152	Recuerda
41.4745	-4.5950	47122	Arrabal de Portillo
41.4747	-1.6374	50243	Viver de la Sierra
41.4751	-5.9165	49007	Almaraz de Duero
41.4753	1.9817	08054	Castellbisbal
41.4757	-5.0730	47121	Herreros
41.4761	2.2136	08125	La Vallençana
41.4763	-2.9363	42035	Morales
41.4767	-1.3745	50025	La Almunia de Doña Godina
41.4770	-4.7712	47182	Valdestillas
41.4773	1.3877	43141	Pontils
41.4778	1.7041	08028	Caserío de Canaletas
41.4780	1.6122	08122	Mediona
41.4784	-2.7931	42200	Fuente-Tovar
41.4785	-3.9177	40215	Valtiendas
41.4786	1.6116	08122	Sant Joan de Mediona
41.4786	-3.9525	40215	Pecharromán
41.4787	-4.5897	47122	Portillo
41.4797	-5.6046	49103	Madridanos
41.4798	2.3188	08118	El Masnou
41.4803	-4.0077	40108	El Vivar de Fuentidueña
41.4806	0.6166	25010	Alcanó
41.4813	-5.2845	47150	San Román de Hornija
41.4814	-4.2794	47012	Bahabón
41.4816	-2.4554	42204	Perdices
41.4817	-5.4830	49147	Peleagonzalo
41.4820	2.2670	08282	Tiana
41.4824	-5.3395	49219	Villaguer
41.4828	-2.8913	42032	Aguilera
41.4833	-1.5167	50093	Villanueva de Jalón
41.4833	2.2000	08125	Sant Pere de Reixac
41.4833	2.1833	08125	Montcada i Reixac
41.4833	1.2333	43061	Forès
41.4833	1.3500	43105	Biure de Gaià
41.4833	0.4667	25038	Aitona
41.4841	-1.0681	50180	Mozota
41.4842	1.8890	08208	Ca'n Prats
41.4843	-2.7304	42200	Rebollo de Duero
41.4845	-4.3192	47172	Torrescárcela
41.4848	-5.8121	49275	Carrascal
41.4850	-5.0876	47166	Torrecilla de la Abadesa
41.4860	-1.5950	50243	Sestrica
41.4863	-2.3714	42079	Escobosa de Almazán
41.4864	-3.5222	40115	Maderuelo
41.4865	-2.5309	42020	Almazán
41.4870	-1.4801	50093	Chodes
41.4870	-6.1833	49221	Torregamones
41.4885	-0.5312	50208	Pina de Ebro
41.4896	-2.6568	42111	Santa María del Prado
41.4896	-2.6139	42111	Matute de Almazán
41.4900	-6.1367	49131	Moralina
41.4906	-2.2558	42202	Velilla de los Ajos
41.4911	2.1408	08266	Cerdanyola del Vallès
41.4921	2.3652	08172	Premià de Mar
41.4921	-4.1961	47030	Campaspero
41.4922	-5.6836	49261	Villaralbo
41.4923	2.0330	08184	Rubí
41.4923	-5.7543	49275	San Frontis
41.4923	-3.0050	42097	Gormaz
41.4934	1.8833	08208	Sant Esteve Sesrovires
41.4938	2.2945	08003	Alella
41.4938	1.1135	25238	Montblanquet
41.4941	-5.5891	49245	Villalazán
41.4942	-3.9621	40174	Sacramenia
41.4947	0.6728	25036	Aspa
41.4948	-2.8702	42035	Hortezuela
41.4951	-4.0287	40108	Laguna de Contreras
41.4952	-4.3552	47172	Aldealbar
41.4952	-3.0533	42043	Vildé
41.4955	-0.6542	50115	Rodén
41.4956	-2.2016	42021	Serón de Nájima
41.4959	0.2058	22112	Cardell
41.4963	1.0049	25081	L' Espluga Calba
41.4969	2.1574	08180	Ripollet
41.4969	1.9218	08114	Ca'n Bros
41.4978	-2.4782	42204	La Milana
41.4980	2.3221	08281	Teià
41.4981	-0.1529	50059	Bujaraloz
41.4986	1.9668	08054	Las Casetas Oliveró
41.4989	1.8377	08119	La Beguda Alta
41.4998	-3.3565	42086	Cenegro
41.5000	2.3500	08230	Premià de Dalt
41.5000	0.9667	25153	els Omellons
41.5000	1.3500	43105	Les Piles
41.5000	0.7667	25067	Castelldans
41.5000	1.1833	43101	Belltall
41.5004	1.0752	25154	els Omells de na Gaia
41.5006	2.2403	08282	la Conreria
41.5009	-0.0380	22172	Peñalba
41.5010	-5.2377	47113	Villaester de Abajo
41.5020	-5.0015	47165	Tordesillas
41.5021	0.0643	22077	Candasnos
41.5025	-0.8558	50297	Torrecilla de Valmadrid
41.5026	2.0875	08266	Bellaterra
41.5027	-3.0987	42043	Navapalos
41.5035	1.8114	08119	Masquefa
41.5038	-3.1469	42162	Inés
41.5044	-5.6081	49053	San Pelayo
41.5045	-5.3573	49219	Villaveza
41.5049	-2.5662	42020	Tejerizas
41.5051	2.3923	08219	Vilassar de Mar
41.5052	1.9280	08001	C'an Torras
41.5056	-2.6412	42111	Matamala de Almazán
41.5058	-3.3287	42086	Fuentecambrón
41.5058	-1.4047	50225	Ricla
41.5063	-5.7446	49275	Zamora
41.5067	1.1484	25238	Rocallaura
41.5068	-5.5098	49219	Monte la Reina
41.5068	-2.7181	42059	Centenera de Andaluz
41.5071	-1.0310	50056	Botorrita
41.5080	-3.2581	42162	Piquera de San Esteban
41.5087	-1.5007	50032	Arándiga
41.5087	-4.4574	47093	Montemayor de Pililla
41.5093	-2.9763	42145	Quintanas de Gormaz
41.5094	-4.9115	47146	San Miguel del Pino
41.5097	1.9031	08001	les Mates
41.5100	-3.7045	40099	Honrubia de la Cuesta
41.5103	-4.3172	47054	Cogeces del Monte
41.5108	1.9322	08001	Santa Maria de Vilalba
41.5122	1.3657	43105	Guialmons
41.5123	-5.2061	47113	Los Villaesteres
41.5125	-0.6316	50115	Fuentes de Ebro
41.5126	-4.6395	47007	Aldeamayor de San Martín
41.5127	-3.7782	09140	Aldehorno
41.5130	-5.3865	49219	La Estación
41.5132	-2.4376	42204	Moñux
41.5140	-2.5540	42020	Fuentelcarro
41.5144	2.1930	08125	La Llagosta
41.5157	-3.3976	42103	Valdanzuelo
41.5159	2.1246	08252	Barberà del Vallès
41.5163	-2.0152	42076	La Alameda
41.5164	-4.9416	47165	El Montico
41.5167	1.7167	08292	Vallbona d'Anoia
41.5167	2.2500	08256	Santa Maria de Martorelles
41.5167	2.3667	08214	Vilassar de Dalt
41.5167	2.2333	08209	Sant Fost de Campsentelles
41.5167	0.9167	25092	la Floresta
41.5167	1.3000	43046	Conesa
41.5167	2.4000	08029	Cabrera de Mar
41.5167	1.7000	08044	Cabrera d'Igualada
41.5167	0.8667	25119	Les Borges Blanques
41.5168	1.9010	08001	Abrera
41.5170	1.4333	08021	Bellprat
41.5187	1.5754	08152	Orpí
41.5188	1.2178	43061	la Sala de Comalats
41.5195	-4.8667	47218	Villanueva de Duero
41.5199	2.1903	08260	La Florida
41.5200	-2.8093	42035	Andaluz
41.5200	1.2044	43101	Glorieta
41.5207	-3.6357	40212	Valdevacas de Montejo
41.5210	-5.9703	49135	Muelas del Pan
41.5211	-2.0972	42076	Miñana
41.5212	1.8960	08076	El Rebato
41.5214	-0.5641	50115	Aguilar de Ebro
41.5214	0.6205	25014	Alfés
41.5222	-3.6545	40229	Villaverde de Montejo
41.5223	-1.3470	50068	Calatorao
41.5223	-6.0480	49247	Villalcampo
41.5223	1.7508	08161	Piera
41.5227	0.5920	25212	Sunyer
41.5229	0.3489	22112	Fraga
41.5239	-1.6026	50057	Brea de Aragón
41.5242	-5.3953	49219	Toro
41.5243	-5.7036	49275	Villagodio
41.5251	-4.1155	47033	Canalejas de Peñafiel
41.5262	2.0341	08279	Les Fonts
41.5263	1.0887	25238	Vallbona de les Monges
41.5263	-2.4905	42204	Baniel
41.5264	-2.3987	42130	Nepas
41.5264	1.9554	08290	Ullastrell
41.5272	-2.3506	42131	Nolay
41.5275	-2.8959	42032	Bayubas de Abajo
41.5276	2.3700	08030	Cabrils
41.5279	-2.2713	42037	Bliecos
41.5287	-3.7545	09140	Fuentenebro
41.5293	-5.5666	49076	Fresno de la Ribera
41.5293	-4.7524	47193	Viana de Cega
41.5296	-1.8377	50084	Clarés de Ribota
41.5301	1.6865	08044	Capellades
41.5305	-3.2121	42162	Atauta
41.5313	-4.8840	47165	Villamarciel
41.5316	1.1970	43101	Passanant
41.5320	1.6207	08048	Carme
41.5322	-3.1573	42162	Olmillos
41.5330	-6.1696	49265	Las Quintanas
41.5330	-5.0372	47165	Villavieja del Cerro
41.5331	-4.0621	47131	Rábano
41.5333	2.3000	08296	Vallromanes
41.5333	0.4833	25210	Soses
41.5333	1.3000	43143	Savallà del Comtat
41.5333	2.1833	08260	Santa Perpètua de Mogoda
41.5333	1.3833	43139	Santa Coloma de Queralt
41.5333	2.0833	08238	Sant Quirze del Vallès
41.5333	0.7333	25182	Puigverd de Lleida
41.5333	2.2333	08115	Martorelles
41.5333	-3.5500	40115	Linares del Arroyo
41.5335	-0.5792	50199	Osera
41.5340	0.5142	25232	Torres de Segre
41.5340	-2.1227	42021	Mazaterón
41.5341	-2.4610	42204	Viana de Duero
41.5342	1.7695	08162	els Hostalets de Pierola
41.5345	1.0678	25238	Lloréns
41.5346	2.4038	08029	Agell
41.5347	-5.9867	49135	Ricobayo
41.5354	-4.1448	47063	Fompedraza
41.5354	-6.1833	49265	Villardiegua de la Ribera
41.5358	-3.3458	42116	Miño de San Esteban
41.5362	-1.5245	50187	Nigüella
41.5363	-4.5336	47110	La Parrilla
41.5363	0.4172	22112	la Lleitera
41.5364	-2.8485	42177	Tajueco
41.5365	-4.0883	47170	Torre de Peñafiel
41.5373	-3.2610	42162	Peñalba de San Esteban
41.5374	-5.3064	49129	Morales de Toro
41.5376	-3.1051	42043	La Rasa
41.5381	1.8702	08076	Esparreguera
41.5382	-1.6275	50126	Illueca
41.5387	-6.0924	49247	Carbajosa
41.5388	-0.9961	50163	María de Huerva
41.5403	2.2131	08124	Mollet del Vallès
41.5408	-1.9204	50050	Bijuesca
41.5409	-4.6994	47023	Boecillo
41.5415	-5.3884	49219	Tagarabuena
41.5415	0.9246	25029	Arbeca
41.5421	2.2675	08136	Montornès del Vallès
41.5421	-3.9620	40905	Cuevas de Provanco
41.5421	2.4445	08121	Mataró
41.5433	2.1094	08187	Sabadell
41.5436	1.2652	43143	Segura
41.5437	1.8941	08147	Olesa de Montserrat
41.5450	-2.7717	42090	Valderrueda
41.5458	-1.6491	50121	Gotor
41.5468	-3.0740	42043	La Olmeda
41.5469	-4.7631	47023	La Vega de Porras
41.5470	-6.1330	49240	Villadepera
41.5479	-5.6225	49053	Coreses
41.5482	-4.9676	47083	Matilla de los Caños
41.5485	0.8245	25119	Juneda
41.5486	-5.7492	49227	Valcabado
41.5496	-3.1469	42162	Pedraja de San Esteban
41.5497	-5.1381	47210	Villalar de los Comuneros
41.5500	1.9500	08300	Viladecavalls
41.5500	1.6167	08250	Santa Margarida de Montbui
41.5500	1.5167	08226	Sant Martí de Tous
41.5500	0.9000	25180	Puiggròs
41.5500	2.1500	08167	Polinyà
41.5500	2.3500	08153	Òrrius
41.5500	1.1167	25145	Nalec
41.5500	1.0333	25130	Maldà
41.5500	0.7000	25033	Artesa de Lleida
41.5500	2.2419	08135	Montmeló
41.5503	-3.6541	40130	Montejo de la Vega de la Serrezuela
41.5512	-1.5386	50166	Mesones de Isuela
41.5515	-2.3123	42183	Nomparedes
41.5516	-3.7912	09228	Moradillo de Roa
41.5517	-5.7721	49178	Roales
41.5518	-3.7109	09253	Pardilla
41.5521	-1.9981	42051	Carabantes
41.5524	-5.7988	49095	La Hiniesta
41.5525	-2.3662	42038	Borjabad
41.5528	1.4184	43139	Aguiló
41.5530	-1.3131	50146	Lucena de Jalón
41.5532	-4.9366	47165	Pedroso de la Abadesa
41.5532	-4.1474	47170	Molpeceres
41.5534	2.2858	08902	Vilanova de la Roca
41.5534	2.4011	08009	Argentona
41.5534	-0.2115	50022	La Almolda
41.5534	0.2935	22112	Miralsot
41.5536	-3.4018	42103	Valdanzo
41.5541	-4.7922	47186	Puente Duero
41.5542	1.6771	08165	La Pobla de Claramunt
41.5544	1.0946	25902	Rocafort de Vallbona
41.5547	-5.7080	49122	Monfarracinos
41.5558	-0.9601	50066	Cadrete
41.5561	-1.6756	50130	Jarque
41.5562	-5.2047	47113	Pedrosa del Rey
41.5566	0.5671	25211	Sudanell
41.5573	-0.1330	22242	Valfarta
41.5575	-2.8873	42033	Bayubas de Arriba
41.5587	-3.4969	42058	Castillejo de Robledo
41.5590	-4.8717	47071	Ventas de Geria
41.5592	-5.0045	47190	Velilla
41.5602	-3.2642	42162	Aldea de San Esteban
41.5603	1.0160	25046	Belianes
41.5603	-2.1886	42021	Zárabes
41.5607	-2.8653	42033	Valverde de los Ajos
41.5607	1.0554	25902	Sant Martí de Maldà
41.5609	-4.1346	47114	Aldeyuso
41.5609	-1.3093	50146	Berbedel
41.5610	-4.8505	47161	Pesqueruela
41.5611	1.1394	25074	Ciutadilla
41.5613	-1.9443	50047	Berdejo
41.5626	0.2831	22245	Miralsot de Dalt
41.5628	1.2369	43159	Vallfogona de Riucorb
41.5635	-2.8078	42197	Valderrodilla
41.5640	-5.0558	47017	Bercero
41.5640	-3.8171	09365	La Sequera de Haza
41.5641	-4.6540	47175	Herrera de Duero
41.5645	1.1853	25109	Guimerà
41.5663	-5.6041	49006	Algodre
41.5667	2.0167	08279	Terrassa
41.5667	2.4833	08197	Sant Andreu de Llavaneres
41.5667	0.6000	25142	Montoliu de Lleida
41.5667	2.1333	08167	La Salut
41.5667	2.5333	08032	Caldes d'Estrac
41.5667	0.5167	25011	Alcarràs
41.5667	0.6000	25007	Albatàrrec
41.5668	-2.7629	42090	Fuentepinilla
41.5675	-4.8149	47161	Pinar de Simancas
41.5675	-3.1348	42043	Alcubilla del Marqués
41.5679	-1.3234	50231	Salillas de Jalón
41.5683	-2.0375	42148	La Quiñonería
41.5686	-1.8748	50155	Malanquilla
41.5698	-2.2786	42183	Castil de Tierra
41.5698	-4.4494	47154	Santibáñez de Valcorba
41.5699	-4.1987	47077	Langayo
41.5700	-3.0107	42043	Lodares de Osma
41.5701	1.8271	08069	Collbató
41.5703	-2.3526	42183	Alparrache
41.5714	-4.0432	47106	Olmos de Peñafiel
41.5716	-0.7413	50062	El Burgo de Ebro
41.5716	1.6375	08302	Vilanova del Camí
41.5717	-2.9642	42195	Valdenebro
41.5732	-2.2303	42096	Abión
41.5736	1.2421	43159	L'Ametlla de Segarra
41.5740	-2.1462	42021	Almazul
41.5744	-3.2042	42162	San Esteban de Gormaz
41.5744	-5.7392	49056	Cubillos
41.5747	-0.6504	50285	Villafranca de Ebro
41.5748	2.2331	08159	Parets del Vallès
41.5749	-4.0155	47038	Castrillo de Duero
41.5750	0.3795	22112	Mont-ral
41.5750	-3.6991	09218	Milagros
41.5751	-4.4757	47173	Traspinedo
41.5751	-2.7273	42090	Osona
41.5752	1.2391	43159	Ametlla
41.5763	-6.1212	49071	Pino
41.5766	-4.6308	47052	Fuentes de Duero
41.5772	1.3808	25216	Civit
41.5775	-1.7917	50031	Aranda de Moncayo
41.5781	-5.3429	49270	Villavendimio
41.5782	-5.2408	47036	Casasola de Arión
41.5785	2.5088	08264	Sant Vicenç de Montalt
41.5787	-4.8766	47071	Geria
41.5792	-4.9466	47191	Velliza
41.5793	-5.5003	49114	Matilla la Seca
41.5796	-2.4410	42038	Valdespina
41.5797	2.1791	08156	El Carrer d'Abaix
41.5799	1.2787	25141	Cavestany
41.5801	-1.1172	50182	La Muela
41.5802	-5.9915	49135	Villaflor
41.5803	-4.0778	47114	Mélida
41.5803	-5.0327	47018	Berceruelo
41.5803	0.8286	25119	Torregrosa
41.5810	-2.3802	42071	Almarail
41.5810	1.6172	08102	Igualada
41.5810	2.2833	08096	Palou
41.5813	-1.9518	50260	Torrelapaja
41.5815	-4.7233	47076	Laguna de Duero
41.5816	1.3383	25216	Talavera
41.5817	-3.2813	42162	Soto de San Esteban
41.5819	2.5494	08006	Arenys de Mar
41.5822	-3.7955	09160	Hontangas
41.5822	-5.9009	49194	Valdeperdices
41.5827	-5.6605	49119	Molacillos
41.5830	-3.7522	09387	Torregalindo
41.5830	-4.7130	47076	Villar
41.5833	2.1667	08156	Palausolità
41.5833	2.3333	08181	La Roca del Vallès
41.5833	1.7833	08025	El Bruc
41.5833	2.4167	08075	Dosrius
41.5833	1.4000	43139	Bellmunt d'Urgell
41.5835	-5.9626	49194	Campillo
41.5837	-2.3386	42183	Sauquillo de Boñices
41.5838	-3.0823	42043	Osma
41.5845	-4.5809	47175	Tudela de Duero
41.5848	-5.3771	49267	Villardondiego
41.5853	-2.6798	42181	Cascajosa
41.5855	-4.7546	47186	Pinar de Antequera
41.5856	-2.8295	42197	Torreandaluz
41.5857	2.1771	08156	Palau-solità i Plegamans
41.5862	-4.1883	47080	Manzanillo
41.5862	-3.0652	42043	El Burgo de Osma
41.5864	-5.1345	47081	Marzales
41.5867	-6.0491	49135	Cerezal de Aliste
41.5868	0.2598	22254	Vilella de Cinca
41.5889	-2.2672	42183	Tejado
41.5896	-0.6677	50193	Nuez de Ebro
41.5905	2.2412	08107	Lliçà de Vall
41.5905	2.5812	08040	Canet de Mar
41.5907	-4.8280	47161	Simancas
41.5909	-2.0278	42156	Reznos
41.5913	-3.3039	42162	Velilla de San Esteban
41.5916	-4.5501	47175	Cantarranas
41.5916	-3.6406	09137	Fuentelcésped
41.5923	-5.9215	49194	Almendra
41.5929	-5.9997	49237	Villanueva de los Corchos
41.5931	-4.9221	47216	Villán de Tordesillas
41.5936	-5.1132	47188	Vega de Valdetronco
41.5940	-2.6444	42181	Tardelcuende
41.5945	-3.8233	09003	Adrada de Haza
41.5946	-3.1673	42162	Quintanilla de Tres Barrios
41.5947	-0.9327	50089	Cuarte de Huerva
41.5956	2.1787	08156	El Carrer de Dalt
41.5956	-1.7003	50198	Oseja
41.5959	-3.5932	09345	Santa Cruz de la Salceda
41.5962	-6.1876	49071	Castro de Alcañices
41.5970	-2.7102	42144	La Seca
41.5970	-5.8565	49009	Andavias
41.5973	-5.4366	49163	Pozoantiguo
41.5974	-2.2087	42096	Ledesma de Soria
41.5977	-5.2977	49249	Villalonso
41.5980	1.4451	08008	Argensola
41.5983	1.7006	08063	Castellolí
41.5989	2.0265	08120	Matadepera
41.5991	2.3477	08181	Santa Agnès de Malanyanes
41.5999	-5.5812	49086	Gallegos del Pan
41.6000	1.9167	08291	Vacarisses
41.6000	1.6500	08143	Òdena
41.6000	1.2333	25143	Montornès de Segarra
41.6000	1.6000	08102	L'Espelt
41.6000	-4.5500	47175	Dehesa de Cantarranas y Tovilla
41.6000	2.4500	08075	Canyamars
41.6005	-1.2801	50099	Épila
41.6016	-4.1142	47114	Peñafiel
41.6018	2.6174	08235	Sant Pol de Mar
41.6019	1.5475	08103	Jorba
41.6022	-2.4218	42071	Cubo de la Solana
41.6023	-3.9304	09405	Valdezate
41.6024	-5.8777	49142	Palacios del Pan
41.6025	-0.8246	50297	Cartuja Baja
41.6033	-2.7730	42144	Fuentelárbol
41.6038	-2.3039	42183	Villanueva de Zamajón
41.6039	-5.2128	47213	Villalbarba
41.6040	0.6431	25120	Vilanoveta
41.6040	0.2643	22254	Zaidín
41.6048	-3.8500	09139	Fuentemolinos
41.6050	-2.6723	42181	Osonilla
41.6051	-2.8331	42158	Escobosa de Calatañazor
41.6052	0.8799	25135	Miralcamp
41.6062	-1.6055	50266	La Tierga
41.6063	1.1924	25143	El Mas de Bondia
41.6075	1.0383	25176	Preixana
41.6080	2.2877	08096	Granollers
41.6084	-4.9099	47135	Robladillo
41.6085	-4.4340	47157	Sardón de Duero
41.6086	2.1353	08267	Sentmenat
41.6088	-2.0652	42187	Sauquillo de Alcázar
41.6096	-4.7969	47010	Arroyo de la Encomienda
41.6098	-5.0977	47069	Gallegos de Hornija
41.6099	-3.4006	42103	Langa de Duero
41.6101	-5.5454	49251	Villalube
41.6101	-3.7302	09065	Campillo de Aranda
41.6106	1.1428	25242	Verdú
41.6124	-4.1631	47114	Padilla de Duero
41.6129	-4.6870	47052	Cistérniga
41.6130	-6.0406	49237	Videmala
41.6133	-3.9644	09229	Nava de Roa
41.6135	-4.4883	47195	Peñalba de Duero
41.6138	0.9643	25248	Vilanova de Bellpuig
41.6138	2.6542	08035	Calella
41.6140	-0.7037	50017	Alfajarín
41.6142	2.5397	08007	Arenys de Munt
41.6159	-4.7093	47186	San Cristóbal
41.6159	-2.3352	42183	Zamajón
41.6160	-4.4095	47157	Retuerta
41.6167	2.5500	08007	Subiráns
41.6167	1.3500	25216	Sant Antolí i Vilanova
41.6167	2.0667	08279	Sant Feliu del Racó
41.6167	2.6000	08203	Sant Cebrià de Vallalta
41.6167	2.5667	08193	Sant Iscle de Vallalta
41.6167	1.8500	08127	Monistrol de Montserrat
41.6167	-5.8833	49142	Mázares
41.6167	2.2333	08107	Lliçà d'Amunt
41.6167	1.9167	08291	La Bauma
41.6167	-3.8167	09155	Haza
41.6167	-4.7500	47186	Granja Agrícola
41.6167	1.2500	25104	Granyena de Segarra
41.6167	2.0833	08051	Castellar del Vallès
41.6167	2.2833	08041	Canovelles
41.6167	2.4333	08075	Alfar
41.6167	0.6222	25120	Lleida
41.6168	-2.9739	42043	Velasco
41.6170	-5.6717	49222	Torres del Carrizal
41.6171	-4.4172	47157	Sardoncillo
41.6178	-3.3258	42103	Alcozar
41.6180	-0.2401	22083	Castejón de Monegros
41.6183	-1.9658	42064	Ciria
41.6184	-2.7235	42144	Ventosa de Fuentepinilla
41.6186	-2.9512	42043	Santiuste
41.6193	2.2983	08086	Les Franqueses del Vallès
41.6196	-6.0876	49071	Bermillo de Alba
41.6197	-4.2177	47127	Quintanilla de Arriba
41.6206	2.1896	08033	Can Valls
41.6206	-5.0871	47151	San Salvador
41.6206	-6.2117	49071	Brandilanes
41.6210	-2.2602	42096	Torralba de Arciel
41.6211	0.1920	22046	Ballobar
41.6213	-5.2928	47016	Benafarces
41.6220	-3.2634	42162	Rejas de San Esteban
41.6224	-3.4588	09421	Zuzones
41.6227	-2.0616	42187	Tordesalas
41.6227	-3.9013	09138	Fuentelisendo
41.6234	-4.0705	47022	Bocos de Duero
41.6235	-2.2249	42096	Gómara
41.6236	-2.3863	42071	Ituero
41.6243	-2.1618	42213	Villaseca de Arciel
41.6248	-4.7755	47010	La Flecha
41.6249	-4.3629	47129	Quintanilla de Onésimo
41.6259	1.4150	08133	Montmaneu
41.6260	1.0114	25050	Bellpuig
41.6264	-5.4258	49002	Abezames
41.6269	-3.0517	42043	Barcebalejo
41.6270	-5.6348	49022	Benegiles
41.6276	2.6889	08163	Pineda de Mar
41.6278	-5.3641	49156	Pinilla de Toro
41.6285	-3.8687	09136	Fuentecén
41.6287	1.4745	08071	Santa María del Camí
41.6291	-2.7784	42095	La Muela
41.6295	-1.3016	50150	Lumpiaque
41.6305	-2.0915	42187	Torrubia de Soria
41.6307	-4.2639	47179	San Bernardo
41.6308	-5.4725	49083	Fuentesecas
41.6308	-3.6848	09141	Fuentespina
41.6310	-4.5219	47195	Villabáñez
41.6311	-2.3155	42009	Tapiela
41.6312	-5.7061	49132	Moreruela de los Infanzones
41.6315	2.3026	08181	Corró de Vall
41.6316	-3.4916	09421	La Vid
41.6319	-0.7515	50297	Puebla de Alfindén
41.6325	-5.1768	47097	Mota del Marqués
41.6333	0.8333	25205	Sidamon
41.6333	2.7167	08261	Santa Susanna
41.6333	1.9167	08179	Rellinars
41.6333	0.9000	25137	Mollerussa
41.6333	2.4000	08106	Llinars del Vallès
41.6333	2.1667	08033	Caldes de Montbui
41.6333	0.7833	25048	Bell-lloc d'Urgell
41.6335	0.9313	25099	Golmés
41.6336	-1.2744	50228	Rueda de Jalón
41.6339	1.8639	08053	Castellbell i el Vilar
41.6347	0.8734	25093	Fondarella
41.6349	-6.1408	49071	Fonfría
41.6350	-5.9467	49111	Manzanal del Barco
41.6350	-2.1214	42140	Portillo de Soria
41.6354	-3.2125	42162	Matanza de Soria
41.6363	-2.2786	42096	Paredesroyas
41.6365	-0.8777	50297	San José
41.6366	1.5181	08008	Copóns
41.6368	-2.7397	42144	La Barbolla
41.6375	-4.3655	47103	Olivares de Duero
41.6376	-2.9262	42043	Torralba del Burgo
41.6377	-1.8410	50214	Pomer
41.6386	-0.4157	50170	Monegrillo
41.6390	-2.6145	42144	Quintana Redonda
41.6392	-3.5738	09400	Vadocondes
41.6394	-0.9922	50297	Plaza
41.6394	-5.0647	47225	Villasexmir
41.6398	2.3574	08046	Cardedeu
41.6399	-3.0500	42043	Valdelubiel
41.6406	-4.8569	47051	Ciguñuela
41.6407	-0.8955	50297	Universidad
41.6415	-2.8403	42158	Ríoseco
41.6417	-4.1559	47116	Pesquera de Duero
41.6419	-2.3536	42009	Ribarroya
41.6419	-3.9913	09339	San Martín de Rubiales
41.6422	-2.4207	42071	Rabanera del Campo
41.6426	-4.0484	47180	Valdearcos de la Vega
41.6427	-3.5155	09421	Guma
41.6429	-3.0072	42043	Barcebal
41.6431	-1.6419	50266	Trasobares
41.6432	-4.2927	47179	Valbuena de Duero
41.6433	-4.1011	47059	Curiel de Duero
41.6442	0.2062	22046	Almudáfar
41.6466	2.7414	08110	Malgrat de Mar
41.6469	-2.1941	42041	Buberos
41.6470	-3.6456	09131	Fresnillo de las Dueñas
41.6470	1.1396	25217	Tàrrega
41.6472	-5.8040	49123	Montamarta
41.6473	2.2979	08086	Llerona
41.6476	0.6938	25012	Alcoletge
41.6480	0.9709	25068	Castellnou de Seana
41.6482	2.5100	08294	Vallgorguina
41.6489	-5.1211	47001	Adalia
41.6492	-4.9589	47041	Castrodeza
41.6494	-5.0253	47171	Torrelobatón
41.6495	-2.7461	42144	Fuentealdea
41.6496	-2.7274	42144	La Revilla de Calatañazor
41.6497	-2.8889	42158	Valdealvillo
41.6500	2.4500	08306	Vilalba Sasserra
41.6500	1.1500	25244	Vilagrassa
41.6500	1.1667	25217	Talladell
41.6500	2.2333	08248	Santa Eulàlia de Ronçana
41.6500	2.7167	08155	Sant Genís de Palafolls
41.6500	0.8833	25158	el Palau d'Anglesola
41.6500	-2.5064	42071	Lubia
41.6503	-0.8703	50297	La Magdalena
41.6507	-2.4137	42149	Miranda de Duero
41.6514	0.3902	25011	Gimenells
41.6517	-3.7809	09085	Castrillo de la Vega
41.6524	-6.2489	49071	Moveros
41.6524	-5.2669	47163	Tiedra
41.6525	-3.1285	42043	Valdegrulla
41.6529	2.1544	08033	Las Canteras
41.6531	-5.2839	47163	Pobladura de Sotiedra
41.6534	-2.8735	42158	La Mercadera
41.6534	-2.2225	42016	Albocabe
41.6535	-5.9971	49036	Carbajales de Alba
41.6541	-2.2531	42016	Aliud
41.6542	-4.6283	47133	Renedo
41.6547	-5.4866	49107	Malva
41.6548	-5.3661	49235	Vezdemarbán
41.6551	-1.7176	50069	Calcena
41.6554	-4.7235	47186	Valladolid
41.6557	1.4202	25192	Sant Guim de Freixenet
41.6561	-0.8773	50297	Zaragoza
41.6564	-6.1914	49071	Fornillos de Aliste
41.6565	1.0829	25027	Anglesola
41.6572	-3.0614	42194	Sotos del Burgo
41.6575	-2.5828	42144	Los Llamosos
41.6586	-2.6969	42144	Monasterio
41.6589	-3.8620	09170	Hoyales de Roa
41.6596	-3.1608	42043	Berzosa
41.6597	-4.7842	47231	Zaratán
41.6604	-6.0657	49098	El Castillo de Alba
41.6609	-3.2162	42162	Villálvaro
41.6626	0.9273	25252	Vila-sana
41.6626	-2.7742	42095	Nafría la Llana
41.6632	2.5104	08294	Olzinellas
41.6635	-3.3618	42103	Bocigas de Perales
41.6636	-4.4629	47226	Villavaquerín
41.6645	-2.1202	42022	Cardejón
41.6648	-1.8962	42039	Borobia
41.6657	0.1630	22094	Chalamera
41.6657	0.5556	25023	Alpicat
41.6663	0.1914	22167	Osso de Cinca
41.6663	-3.9845	09199	Mambrilla de Castrejón
41.6667	-6.1000	49098	Vide de Alba
41.6667	0.9333	25252	Utxafaba
41.6667	0.6333	25233	Torre-serona
41.6667	1.8667	08262	Sant Vicenç de Castellet
41.6667	2.1333	08033	Sant Sebastià de Montmajor
41.6667	2.4000	08198	Sant Antoni de Vilamajor
41.6667	2.7500	08155	Palafolls
41.6667	2.6333	08284	Hortsavinyà
41.6667	2.2667	08005	L'Ametlla del Vallès
41.6667	1.7000	08059	Castellfollit del Boix
41.6668	-3.9412	09117	La Cueva de Roa
41.6670	-0.8292	50297	Santa Isabel
41.6671	-1.2342	50269	Urrea de Jalón
41.6672	-5.0498	47168	Torrecilla de la Torre
41.6679	-4.1190	47137	Roturas
41.6681	-3.3195	42103	Zayas de Torre
41.6687	-2.4180	42149	Tardajos de Duero
41.6693	-2.8788	42185	Torreblacos
41.6700	1.2721	25072	Cervera
41.6704	-3.6892	09018	Aranda de Duero
41.6719	-2.3252	42009	Aldealafuente
41.6720	-4.0482	47056	Corrales de Duero
41.6725	-5.3047	47042	Castromembibre
41.6727	0.8177	25052	Bellvís
41.6728	-2.6090	42144	Izana
41.6728	-6.1642	49184	Samir de los Caños
41.6732	0.6067	25228	Torrefarrera
41.6738	-3.0464	42194	Valdemaluque
41.6738	-6.0417	49098	Muga de Alba
41.6742	2.7904	17023	Blanes
41.6742	2.6600	08284	Valmanyá
41.6746	-5.5995	49016	Aspariegos
41.6746	-4.1466	47118	Piñel de Abajo
41.6746	-5.4616	49030	Bustillo del Oro
41.6746	-5.0701	47171	Barruelo
41.6748	1.0171	25050	Seana
41.6752	-4.9175	47230	Wamba
41.6753	-6.4900	49223	Villarino Tras la Sierra
41.6766	0.0886	22165	Ontiñena
41.6778	0.4784	25120	Raimat
41.6781	-5.8983	49202	Santa Eufemia del Barco
41.6782	1.7865	08098	El Arrabal de Coll d'Arbós
41.6783	-2.6317	42144	Las Cuevas de Soria
41.6784	1.0173	25041	Barbens
41.6791	1.2230	25103	Tordera
41.6797	2.0577	08223	Sant Llorenç Savall
41.6802	0.9870	25113	Ivars d'Urgell
41.6802	-5.1485	47142	San Cebrián de Mazote
41.6803	-5.0340	47149	San Pelayo
41.6808	-6.0799	49098	Losacino
41.6809	-5.7289	49155	Piedrahita de Castro
41.6809	-2.8583	42036	Blacos
41.6810	-2.2696	42044	Cabrejas del Campo
41.6811	-4.4241	47226	La Sinova
41.6812	-0.5068	50104	Farlete
41.6815	-1.2300	50211	Plasencia de Jalón
41.6818	-4.5887	47044	Castronuevo de Esgueva
41.6823	-2.2008	42022	Almenar de Soria
41.6824	-3.7444	09438	Villalba de Duero
41.6826	-1.7652	50221	Purujosa
41.6828	-3.4162	09055	Cuzcurrita de Aranda
41.6829	-2.5318	42149	Navalcaballo
41.6829	-3.1263	42127	Valdealbín
41.6831	-6.2525	49071	Ceadea
41.6831	-3.5234	09337	San Juan del Monte
41.6833	0.7333	25254	Vilanova de la Barca
41.6833	2.3833	08234	Sant Pere de Vilamajor
41.6833	1.5000	08228	Sant Martí Sesgueioles
41.6833	0.8667	25168	el Poal
41.6833	2.2833	08088	la Garriga
41.6833	1.7667	08098	Sant Salvador de Guardiola
41.6833	0.7000	25078	Corbins
41.6833	2.3500	08042	Cànoves i Samalús
41.6833	2.2333	08023	Bigues i Riells
41.6837	-1.0268	50297	Garrapinillos
41.6838	1.1420	25217	Altet
41.6838	-5.6530	49047	Cerecinos del Carrizal
41.6842	-1.2118	50044	Bardallur
41.6846	-3.2702	42007	Zayas de Báscones
41.6847	-0.8267	50297	Montañana
41.6847	0.3117	22052	San Miguel
41.6849	-3.4486	09261	Casanova
41.6852	-4.5464	47224	Villarmentero de Esgueva
41.6858	-0.7723	50903	Villamayor de Gállego
41.6862	-5.9522	49202	Losilla
41.6863	-4.0660	47143	San Llorente
41.6869	0.3547	25912	el Pla de la Font
41.6869	-6.3157	49003	Vivinera
41.6874	-3.9933	09256	Valcavado de Roa
41.6881	1.2049	25911	El Canón
41.6882	-4.5225	47105	Olmos de Esgueva
41.6885	-3.4786	09261	Peñaranda de Duero
41.6889	-2.7639	42095	Nódalo
41.6891	-3.8728	09051	Berlangas de Roa
41.6892	2.4897	08202	Sant Celoni
41.6893	-6.4133	49003	Santa Ana
41.6906	-0.8950	50297	Juslibol
41.6910	-2.1449	42022	Castejón del Campo
41.6913	-4.7103	47186	La Overuela
41.6915	-6.4705	49173	San Mamed
41.6919	-6.2779	49071	Arcillera
41.6922	-5.2763	47227	Villavellid
41.6924	2.1135	08087	Gallifa
41.6927	0.1783	22052	Belver de Cinca
41.6927	-3.0566	42194	Valdelinares
41.6937	0.5951	25189	Rosselló
41.6942	2.4457	08259	Santa Maria de Palautordera
41.6942	0.8309	25052	Archs
41.6946	-4.6903	47155	Santovenia de Pisuerga
41.6949	-2.7177	42095	Las Fraguas
41.6950	-1.5433	50249	Tabuenca
41.6953	-3.5545	09483	Zazuar
41.6954	-3.2258	42085	Zayuelas
41.6962	0.6337	25053	Benavent de Segrià
41.6970	-3.9278	09321	Roa
41.6971	0.9515	25113	Vallvert
41.6988	-4.8417	47217	Villanubla
41.6988	-2.8184	42046	Calatañazor
41.6991	2.7189	08284	Tordera
41.6992	-4.1281	47119	Piñel de Arriba
41.6994	-2.8178	42046	Calatañazor
41.6994	-6.5254	49223	Latedo
41.6994	-6.3465	49003	Alcañices
41.6994	1.9761	08139	Mura
41.6999	2.8457	17095	Lloret de Mar
41.7000	0.7000	25231	Torrelameu
41.7000	1.0333	25225	El Tarròs
41.7000	2.1667	08210	Sant Feliu de Codines
41.7000	2.2000	08023	Riells del Fai
41.7000	1.3333	25072	Les Oluges
41.7000	0.9167	25122	Linyola
41.7000	1.1667	25217	la Figuerosa
41.7000	1.3000	25072	Castellnou d'Oluges
41.7001	-5.5419	49160	Pobladura de Valderaduey
41.7003	-6.1067	49233	Vegalatrave
41.7006	1.8733	08182	el Pont de Vilomara
41.7007	-3.5748	09279	Quemada
41.7012	1.0538	25225	Tornabous
41.7013	-3.6646	09018	Sinovas
41.7021	0.4118	25120	Sucs
41.7028	1.1251	25217	Claravalls
41.7029	-4.4831	47221	Villanueva de los Infantes
41.7031	-2.8672	42046	Abioncillo
41.7034	-4.3714	47039	Castrillo-Tejeriego
41.7036	-0.9660	50297	Monzalbarba
41.7043	-2.3012	42049	Candilichera
41.7044	-0.2090	22213	Pallaruelo de Monegros
41.7050	0.3243	22052	Vensilló / Vencillón
41.7053	1.2184	25911	Arañó
41.7058	-2.5796	42095	Camparañón
41.7058	1.2301	25911	Montcortés de Segarra
41.7059	1.5432	08170	Els Prats de Rei
41.7062	-4.7655	47066	Fuensaldaña
41.7062	2.4315	08207	Sant Esteve de Palautordera
41.7063	-5.7561	49186	San Cebrián de Castro
41.7071	-3.1057	42127	Rejas de Ucero
41.7071	-3.0261	42194	Valdeavellano de Ucero
41.7081	-5.9736	49138	Márquiz de Alba
41.7082	1.2094	25911	Muller
41.7083	-0.9992	50272	Utebo
41.7086	-5.8596	49202	San Pedro de las Cuevas
41.7090	-1.1859	50043	Bárboles
41.7095	2.5257	08097	Gualba de Baix
41.7099	-5.6571	49014	Arquillinos
41.7100	-2.2624	42049	Mazalvete
41.7109	-6.0406	49099	Losacio
41.7114	-1.2025	50212	Pleitas
41.7116	-4.9833	47115	Peñaflor de Hornija
41.7116	-2.2199	42022	Peroniel del Campo
41.7119	-2.0343	42132	Noviercas
41.7129	-3.9880	09256	Pedrosa de Duero
41.7136	1.0175	25096	La Fuliola
41.7139	-6.1442	49087	Domez
41.7143	1.1950	25217	Riudovelles
41.7144	-6.2419	49172	Mellanes
41.7146	-2.7184	42095	La Mallona
41.7148	2.2697	08134	Gallicant
41.7150	-3.1836	42085	Fuentearmegil
41.7155	-5.6935	49141	Pajares de la Lampreana
41.7155	1.9348	08182	Rocafort
41.7156	-2.7837	42046	Aldehuela de Calatañazor
41.7158	-0.0090	22251	Villanueva de Sigena
41.7159	-0.0423	22217	Sena
41.7160	-2.2763	42044	Ojuel
41.7160	-3.1505	42085	Santervás del Burgo
41.7167	0.6167	25251	Vilanova de Segrià
41.7167	2.9333	17202	Tossa de Mar
41.7167	0.7667	25220	Térmens
41.7167	2.4667	08039	Campins
41.7169	-3.0515	42189	Ucero
41.7169	-2.0835	42139	Pinilla del Campo
41.7171	1.4209	08176	Pujalt
41.7171	2.6897	08284	Niagara Parc
41.7174	-3.3671	09055	Brazacorta
41.7174	-3.8218	09152	Ventosilla
41.7174	-2.6301	42095	Villabuena
41.7174	2.5481	08202	La Batlloria
41.7175	-1.8109	42034	Beratón
41.7176	-2.1814	42022	Esteras de Lubia
41.7176	-5.2446	47223	Almaraz de la Mota
41.7180	-2.4765	42149	Los Rábanos
41.7181	-2.9893	42178	Fuentecantales
41.7185	-0.8405	50297	San Juan de Mozarrifar
41.7186	-6.3763	49003	Alcorcillo
41.7192	-3.3438	42007	Alcoba de la Torre
41.7194	1.0048	25096	Boldú
41.7194	0.1172	22017	Alcolea de Cinca
41.7197	-1.0281	50297	Casetas
41.7201	-6.3181	49172	Matellanes
41.7205	-5.5431	49042	Castronuevo
41.7208	-3.4173	09019	Valverde
41.7210	1.0560	25225	La Guàrdia
41.7212	0.2527	22052	Valonga
41.7212	2.2730	08134	Figaró
41.7227	-3.0950	42127	Nafría de Ucero
41.7228	-5.4518	49020	Belver de los Montes
41.7229	-3.0109	42194	Aylagas
41.7232	-2.8600	42124	Muriel de la Fuente
41.7236	-5.2551	47223	Villardefrades
41.7236	-2.3848	42006	Alconaba
41.7238	-6.2008	49087	Lober
41.7242	-2.3141	42049	Carazuelo
41.7247	-0.9515	50297	Alfocea
41.7249	2.6742	08082	Fogars de Tordera
41.7250	1.8630	08213	Viladordis
41.7252	0.1524	22007	Albalate de Cinca
41.7254	-5.8764	49153	Perilla de Castro
41.7255	-2.3500	42006	Cubo de Hogueras
41.7259	-3.3047	42007	Alcubilla de Avellaneda
41.7273	-4.0172	09428	Villaescusa de Roa
41.7274	-5.2030	47178	Urueña
41.7274	2.0592	08095	Granera
41.7280	1.7062	08178	Rajadell
41.7281	1.8240	08113	Manresa
41.7284	-4.4282	47117	Piña de Esgueva
41.7288	-1.1935	50043	Oitura
41.7291	2.9082	17202	Sant Eloi
41.7293	-6.2189	49087	Tolilla
41.7295	-6.5552	49223	San Martín del Pedroso
41.7305	-1.6786	50250	Talamantes
41.7308	-3.9741	09256	Boada de Roa
41.7310	-2.9525	42070	Cubillas
41.7312	-6.4537	49173	Sejas de Aliste
41.7317	-3.7692	09018	La Aguilera
41.7318	-5.9679	49138	Olmillos de Castro
41.7322	0.4372	25019	Almacelles
41.7323	1.2597	25072	Cedó
41.7329	1.5137	08031	Calaf
41.7330	-0.8125	50297	El Batán
41.7333	1.2833	25219	Tarroja de Segarra
41.7333	2.4000	08261	Santa Susanna
41.7333	2.1500	08239	Sant Quirze Safaja
41.7333	1.5833	08189	Sant Pere Sallavinera
41.7333	0.6500	25174	la Portella
41.7333	2.4500	08081	Mosqueroles
41.7333	0.7500	25134	Menàrguens
41.7333	1.2500	25072	Hostafrancs
41.7333	2.5000	08097	Gualba de Dalt
41.7333	2.4500	08081	Fogars de Montclús
41.7335	-6.3067	49172	Ufones
41.7337	-4.6451	47186	Cabezón
41.7338	-5.7806	49186	Fontanillas de Castro
41.7339	-5.0985	47043	La Santa Espina
41.7343	-4.3236	47206	Villafuerte
41.7350	-6.1743	49087	Gallegos del Río
41.7353	-0.1512	22008	Albalatillo
41.7356	-5.3259	47148	San Pedro de Latarce
41.7366	-1.1004	50209	Pinseque
41.7367	-3.1881	42085	Fuencaliente del Burgo
41.7370	0.5845	25016	Alguaire
41.7374	1.9779	08277	Talamanca
41.7375	2.2672	08276	Tagamanent
41.7378	-3.6266	09451	Villanueva de Gumiel
41.7378	-3.4291	09019	Arandilla
41.7380	-2.7411	42095	La Cuenca
41.7384	-2.0995	42100	Hinojosa del Campo
41.7386	-2.3337	42049	Duáñez
41.7388	-1.0376	50247	Sobradiel
41.7397	-1.0685	50132	Marlofa
41.7399	-2.1507	42176	Tajahuerce
41.7400	-1.0755	50297	Villarrapa
41.7401	1.8508	08213	El Guix
41.7402	-4.2682	47200	Villaco
41.7411	-2.9745	42178	Cantalucia
41.7414	-3.8756	09168	La Horra
41.7421	1.3841	08176	Portell
41.7424	0.2450	22052	Peñarroa
41.7427	-5.9201	49138	Navianos de Alba
41.7428	-4.7619	47098	Mucientes
41.7429	-6.2767	49172	Rabanales
41.7433	-5.6409	49246	Villalba de la Lampreana
41.7437	-0.8191	50288	El Comercio
41.7439	-2.3570	42006	Martialay
41.7443	-6.4330	49173	Rábano de Aliste
41.7445	-1.0746	50132	La Joyosa
41.7449	-3.5198	09164	Hontoria de Valdearados
41.7452	-1.1626	50123	Grisén
41.7454	-6.3862	49173	Tola
41.7454	0.3677	22225	Ventafarines
41.7455	1.8048	08218	Sant Joan de Vilatorrada
41.7467	2.4172	08234	La Costa
41.7469	-3.9581	09256	Quintanamanvirgo
41.7471	-6.1859	49087	Flores
41.7479	-6.3524	49209	San Juan del Rebollar
41.7479	-6.4909	49223	Trabazos
41.7482	1.6292	08002	Aguilar de Segarra
41.7483	2.5596	17027	Breda
41.7485	-4.3012	47009	Amusquillo
41.7488	-2.3170	42049	Fuentetecha
41.7490	-2.9372	42070	Cubilla
41.7492	-2.2825	42024	Tozalmoro
41.7500	1.8667	08213	Sant Fruitós de Bages
41.7500	0.9667	25164	Penelles
41.7500	1.1833	25911	Mont-roig
41.7500	1.3167	25907	el Llor
41.7500	2.6333	17083	Hostalric
41.7500	2.1167	08064	Castellterçol
41.7500	1.0000	25070	Castellserà
41.7500	1.3000	25907	Bellveí
41.7500	0.9167	25047	Bellcaire d'Urgell
41.7501	-6.1216	49087	Puercas
41.7502	-4.3806	47061	Esguevillas de Esgueva
41.7507	2.7785	17103	Montbarbat
41.7508	-5.7105	49108	Manganeses de la Lampreana
41.7510	-4.5215	47144	San Andrés
41.7514	1.2350	25907	Concabella
41.7517	1.9036	08140	Navarcles
41.7518	1.2030	25911	Pelagalls
41.7519	2.7959	17213	Puigventós
41.7521	0.8138	25240	Vallfogona de Balaguer
41.7524	1.2231	25911	Ratera
41.7528	-2.6395	42205	Villaciervitos
41.7528	0.6594	25008	Albesa
41.7533	-3.9312	09017	Anguix
41.7534	-4.5672	47144	San Martín de Valvení
41.7538	-2.5523	42095	Carbonera de Frentes
41.7539	1.2735	25907	Torrefeta
41.7543	1.2081	25911	Sisteró
41.7545	-3.2653	42080	Quintanilla de Nuño Pedro
41.7546	-0.6315	50206	Perdiguera
41.7546	-4.1250	47034	Canillas de Esgueva
41.7547	-5.9926	49138	San Martín de Tábara
41.7548	1.1590	25157	Ossó de Sió
41.7559	-3.8027	09369	Gumiel del Mercado
41.7561	-4.2215	47047	Castroverde de Cerrato
41.7565	-3.9962	09256	Guzmán
41.7565	-4.1036	47060	Encinas de Esgueva
41.7573	2.3994	08137	Montseny
41.7577	-2.3729	42006	Ontalvilla de Valcorba
41.7578	-4.6985	47050	Cigales
41.7580	-1.0655	50262	Torres de Berrellén
41.7581	-3.2343	42080	Guijosa
41.7585	-6.2207	49172	Fradellos
41.7589	-3.7512	09281	Quintana del Pidio
41.7592	-5.2479	47220	Villanueva de los Caballeros
41.7599	0.4028	22025	Torre de Santolària
41.7604	2.0168	08128	Monistrol de Calders
41.7605	-1.4721	50113	Fuendejalón
41.7606	-0.7974	50297	Peñaflor
41.7607	-5.7651	49108	Riego del Camino
41.7607	2.1613	08055	Castellcir
41.7613	1.4771	08036	Calonge de Segarra
41.7613	-6.3000	49172	Grisuela
41.7615	2.7837	17213	Terrafortuna
41.7616	-4.6236	47055	Aguilarejo
41.7618	-6.4175	49273	Ribas
41.7623	-2.6268	42205	Villaciervos
41.7626	2.2500	08224	l'Abella
41.7627	-3.0124	42098	Herrera de Soria
41.7629	1.3237	25197	Sant Guim de la Plana
41.7629	-6.1797	49087	Valer
41.7630	-2.2411	42024	Omeñaca
41.7630	0.2266	22052	Monte Julia
41.7630	1.6687	08084	Fonollosa
41.7631	-1.8882	42073	Cueva de Ágreda
41.7640	-2.4688	42173	Soria
41.7643	-1.4230	50216	Pozuelo de Aragón
41.7654	2.6532	17101	Massanes
41.7657	-3.3906	09112	Coruña del Conde
41.7662	2.2057	08224	Sant Martí de Centelles
41.7662	-2.5227	42095	Golmayo
41.7663	-2.3375	42154	Fuentesaúco
41.7665	-1.1747	50107	Figueruelas
41.7667	1.1333	25181	Puigverd d'Agramunt
41.7667	1.2000	25907	les Pallargues
41.7667	1.4000	25114	Ivorra
41.7667	2.8500	17213	Caulés
41.7667	1.4333	08060	Castellfollit de Riubregós
41.7667	-6.0721	49068	Ferreruela
41.7669	-4.1841	47062	Fombellida
41.7681	2.2505	08014	Aiguafreda
41.7682	-4.2000	47169	Torre de Esgueva
41.7684	-3.3298	09174	Hinojar del Rey
41.7692	-0.8235	50288	Villanueva de Gállego
41.7696	-5.5020	49035	Cañizo
41.7696	-1.1191	50008	Alagón
41.7701	-3.5559	09035	Baños de Valdearados
41.7706	-0.3310	22137	Lanaja
41.7707	3.0042	17160	Puntabrava
41.7711	-3.1700	42168	Muñecas
41.7715	-3.1417	42168	Santa María de las Hoyas
41.7730	-3.6875	09151	Gumiel de Izán
41.7733	-6.4712	49273	Viñas
41.7734	-6.5155	49223	Nuez
41.7736	-5.0391	47043	Castromonte
41.7741	2.4620	08081	Santa Fe del Montseny
41.7742	0.3815	22225	Molinot de Tamarit
41.7745	-2.1021	42142	Pozalmuro
41.7764	-2.5609	42095	Fuentetoba
41.7772	-3.8253	09369	Sotillo de la Ribera
41.7774	-6.3488	49209	San Vitero
41.7780	-1.7200	50251	Añón
41.7781	-4.8781	47186	Navabuena
41.7790	-1.9839	42134	Olvega
41.7792	-2.4838	42173	Las Casas
41.7798	0.1127	22903	Santalecina
41.7799	-4.9451	47099	La Mudarra
41.7800	0.3752	22225	la Melusa
41.7803	-5.1924	47207	Villagarcía de Campos
41.7806	-4.5837	47184	Granja Muedra
41.7815	1.7840	08038	Callús
41.7818	-1.0550	50297	El Castellar
41.7826	-2.2042	42011	Aldealpozo
41.7826	-2.9152	42125	Muriel Viejo
41.7829	-5.9863	49068	Escober
41.7831	1.8467	08192	Santpedor
41.7833	2.7833	17213	Vidreres
41.7833	2.4667	08081	Santa Fe
41.7833	3.0333	17160	Sant Feliu de Guíxols
41.7833	2.5833	17159	Sant Feliu de Buixalleu
41.7833	2.5167	17146	Riells i Viabrea
41.7833	2.7333	17103	Maçanet de la Selva
41.7833	1.3000	25110	Guissona
41.7836	-3.9342	09235	Olmedillo de Roa
41.7838	-2.9665	42178	Talveila
41.7844	-6.4095	49209	El Poyo
41.7850	-5.8945	49164	Pozuelo de Tábara
41.7857	3.0149	17160	Sant Amanç
41.7861	-1.6954	50014	Alcalá de Moncayo
41.7861	2.9965	17160	Casa Nova
41.7861	-1.2184	50204	El Cabezo
41.7869	1.0968	25003	Agramunt
41.7870	-3.3386	09174	Quintanarraya
41.7873	-6.2298	49208	Bercianos de Aliste
41.7881	-3.3665	09112	Peñalba de Castro
41.7888	-2.1496	42208	Villar del Campo
41.7889	1.9867	08034	Calders
41.7893	3.0484	17160	Sant Pol
41.7909	-4.0703	34050	Castrillo de Don Juan
41.7909	-3.2106	42080	Orillares
41.7910	-1.2136	50204	Pedrola
41.7911	-3.0084	42190	Vadillo
41.7912	0.8109	25040	Balaguer
41.7913	-0.1580	22213	Sariñena
41.7930	-4.4287	34133	Población de Cerrato
41.7930	3.0381	17160	Les Bateries
41.7937	3.0536	17048	S'Agaró
41.7947	-1.6152	50027	Ambel
41.7949	-6.4600	49273	San Blas
41.7952	-5.6390	49268	Villarrín de Campos
41.7957	-2.2348	42024	Calderuela
41.7959	-5.8685	49133	Moreruela de Tábara
41.7960	-2.8495	42045	Cabrejas del Pinar
41.7960	0.5683	25021	Almenar
41.7964	1.0506	25177	Preixens
41.7965	-3.0325	42055	Casarejos
41.7967	1.3568	25132	Palouet
41.7974	1.0317	25003	Pradell
41.7975	2.2190	08067	Centelles
41.7980	1.9543	08010	Artés
41.7982	-3.4231	09022	Arauzo de Torre
41.7984	-4.4672	34066	Cubillas de Cerrato
41.7986	3.0119	17181	El Mas Trempat
41.7987	-0.6117	50137	Leciñena
41.7987	0.2759	22099	Esplús
41.7989	2.8454	17033	Santa Ceclina
41.7997	-4.5305	47184	Valoria la Buena
41.8000	1.7333	08229	Sant Mateu de Bages
41.8000	0.9667	25138	Montgai
41.8000	1.3167	25132	Massoteres
41.8000	1.2167	25907	Florejacs
41.8000	1.9167	08191	Cabrianes
41.8000	-1.2000	50064	Cabañas de Ebro
41.8002	-2.2814	42024	Arancón
41.8006	-3.2644	42080	La Hinojosa
41.8006	-6.3156	49209	Villarino de Cebal
41.8007	-0.2883	22137	Orillena
41.8013	-2.2197	42024	Nieva de Calderuela
41.8015	-3.5863	09396	Tubilla del Lago
41.8023	-3.2223	42080	Espeja de San Marcelino
41.8027	-0.0217	22085	Castelflorite
41.8028	0.4139	22225	el Torricó / Altorricon
41.8040	-6.1442	49176	Abejera
41.8046	-2.6206	42061	Ocenilla
41.8048	-6.3812	49209	San Cristóbal de Aliste
41.8056	-2.5828	42173	Toledillo
41.8062	-3.6258	09440	Villalbilla de Gumiel
41.8063	-2.3907	42154	Ventosilla de San Juan
41.8067	-1.9214	42004	Fuentes de Ágreda
41.8070	-6.2499	49208	San Vicente de la Cabeza
41.8071	-5.8461	49133	Santa Eulalia de Tábara
41.8075	-2.7841	42001	Abejar
41.8076	-0.4529	22018	Alcubierre
41.8076	-6.0770	49068	Sesnández
41.8077	-2.3067	42013	Aldehuela de Periañez
41.8081	-6.4520	49273	Vega de Nuez
41.8084	2.7451	17193	Sils
41.8095	-4.6927	47055	Corcos
41.8103	-5.7389	49091	Granja de Moreruela
41.8108	-2.2596	42024	Cortos
41.8111	2.0984	08138	Moià
41.8128	-4.3647	34006	Alba de Cerrato
41.8130	0.2912	22060	Las Pueblas
41.8131	-2.6722	42061	Villaverde del Monte
41.8139	-3.9719	09391	Villovela de Esgueva
41.8141	-1.7528	50140	Litago
41.8141	-5.4725	49190	San Martín de Valderaduey
41.8143	-7.4214	32085	Feces de Abajo
41.8144	-2.6399	42061	Cidones
41.8148	0.6363	25015	Algerri
41.8149	3.0326	17048	Fanals d'Aro
41.8150	2.9625	17181	Solíus
41.8150	-1.1943	50013	Alcalá de Ebro
41.8150	-3.8805	09464	Villatuelda
41.8153	-5.1581	47164	Tordehumos
41.8157	-1.4882	50061	Bureta
41.8161	-4.0240	09391	Tórtoles del Esgueva
41.8162	-2.4459	42094	Garray
41.8164	-1.5199	50006	Ainzón
41.8166	2.3053	08026	El Brull
41.8167	2.4333	17009	Vehinat de Lliors
41.8167	1.4000	25223	Torà de Riubregós
41.8167	3.0000	17181	Santa Cristina d'Aro
41.8167	2.7167	17148	Riudarenes
41.8167	3.0667	17048	Platja d'Aro
41.8167	2.7333	17148	Les Mallorquines
41.8167	0.7333	25069	Castelló de Farfanya
41.8167	2.5167	17009	Arbúcies
41.8167	0.5833	25013	Alfarràs
41.8169	-2.1742	42192	Valdejeña
41.8170	-3.0874	42164	Arganza
41.8172	2.2368	08017	els Hostalets de Balenyà
41.8172	-5.2900	49055	Cotanes
41.8172	-6.1774	49176	Ríofrío de Aliste
41.8175	3.0674	17048	Castell-Platja d'Aro
41.8180	-2.7139	42061	Herreros
41.8180	0.1236	22903	Estiche de Cinca
41.8188	-3.8432	09380	Terradillos de Esgueva
41.8192	-3.4119	09021	Arauzo de Salce
41.8195	-5.4644	49266	Villárdiga
41.8197	-1.6024	50060	Bulbuente
41.8197	-4.1736	34082	Hérmedes de Cerrato
41.8201	-2.3724	42154	Renieblas
41.8201	-1.4706	50010	Alberite de San Juan
41.8204	-6.2759	49208	Palazuelo de las Cuevas
41.8212	0.4551	22009	Miporquet
41.8214	-5.2589	47125	Pozuelo de la Orden
41.8214	3.0124	17181	Les Teules
41.8215	-6.2261	49208	Campogrande de Aliste
41.8218	-5.1155	47197	Villabrágima
41.8221	-5.6061	49242	Otero de Sariegos
41.8222	-3.8360	09369	Pinillos de Esgueva
41.8228	0.8045	25156	Gerb
41.8235	2.8946	17089	Veïnat de Sant Llorenç
41.8240	-1.6880	50280	Vera de Moncayo
41.8245	-3.2309	42080	San Asenjo
41.8246	-5.9642	49214	Tábara
41.8255	-3.4859	09064	Caleruega
41.8256	0.2008	22060	Binaced
41.8258	2.1755	08070	Collsuspina
41.8259	-2.5754	42173	Pedrajas
41.8260	-1.7228	50265	Trasmoz
41.8260	1.8955	08191	Sallent
41.8264	-1.4994	50011	Albeta
41.8268	-1.8830	42004	Aldehuela de Ágreda
41.8269	2.8937	17089	Llagostera
41.8272	-6.4070	49069	Gallegos del Campo
41.8274	0.2648	22060	Alfages
41.8276	-1.5491	50156	Maleján
41.8283	-2.3173	42013	Canos
41.8283	0.1482	22020	Alfántega
41.8286	-1.2389	50147	Luceni
41.8289	-2.4588	42094	Tardesillas
41.8292	-3.9098	09390	Torresandino
41.8295	2.9981	17181	Roca de Malvet
41.8301	-0.3604	22137	Cantalobos
41.8302	-3.2594	42081	Espejón
41.8302	-3.7882	09061	Cabañes de Esgueva
41.8303	-5.9694	49214	San Lorenzo
41.8303	-3.0688	42164	San Leonardo de Yagüe
41.8304	-0.7658	50235	San Mateo de Gállego
41.8305	-4.6518	47174	Trigueros del Valle
41.8306	1.5875	08229	Vallmanya
41.8308	-3.7056	09239	Oquillas
41.8312	-1.9863	42134	Muro de Ágreda
41.8317	2.9115	17089	Els Escuts
41.8325	-1.4598	50153	Magallón
41.8328	0.3793	22225	el Gaió
41.8328	-4.3271	34201	Vertavillo
41.8330	-3.5279	09403	Valdeande
41.8333	2.7500	17193	Vallcanera
41.8333	1.7500	08274	Súria
41.8333	1.9667	08012	Horta d'Avinyó
41.8333	1.8833	08018	L'Ametlla de Merola
41.8333	2.8167	17033	Caldes de Malavella
41.8333	2.9833	17181	Bell-Lloch
41.8333	0.5833	25015	Andamí
41.8336	-4.6146	47057	Cubillas de Santa Marta
41.8337	-3.7603	09355	Santibáñes de Esgueva
41.8341	-1.5327	50055	Borja
41.8344	1.8372	08062	Castellnou de Bages
41.8347	-5.8888	49063	Faramontanos de Tábara
41.8348	-0.0446	22213	La Masadera
41.8351	-5.0367	47185	Valverde de Campos
41.8353	-1.7620	50141	Lituénigo
41.8373	0.2368	22158	Valcarca
41.8374	-1.7919	50251	San Martín de Moncayo
41.8375	-1.8558	42217	Vozmediano
41.8378	-2.6029	42173	Oteruelos
41.8383	-3.0042	42129	Navaleno
41.8383	2.2801	08269	Seva
41.8391	-3.3476	09020	Huerta del Rey
41.8393	-6.3097	49104	Las Torres de Aliste
41.8395	-1.1777	50223	Remolinos
41.8397	-0.2549	22136	Lalueza
41.8406	-1.4471	50003	Gañarul
41.8412	-2.0464	42110	Matalebreras
41.8417	-6.4853	49069	Moldones
41.8419	1.3589	25055	Biosca
41.8421	2.2506	08269	Sant Miquel de Balenyà
41.8429	-0.1832	22079	Capdesaso
41.8431	2.4324	17164	Vehinat de Cerdans
41.8434	-6.1904	49176	Sarracín de Aliste
41.8440	2.5283	17164	Joanet
41.8448	1.6431	08229	Saló
41.8453	1.4332	25223	Vallferosa
41.8456	3.0997	17034	Sant Antoni de Calonge
41.8469	-5.6153	49242	Villafáfila
41.8471	-2.1846	42175	El Espino
41.8473	-7.4409	32053	Rabal
41.8473	-2.4086	42042	Buitrago
41.8475	2.3902	17220	Viladrau
41.8479	2.2281	08283	Tona
41.8480	-1.2525	50053	Boquiñeni
41.8484	-3.1625	09163	Hontoria del Pinar
41.8484	3.1291	17118	Palamós
41.8491	-5.2702	47029	Cabreros del Monte
41.8491	-6.3334	49104	Pobladura de Aliste
41.8492	-7.5853	32053	Videferre
41.8492	-2.2947	42128	Narros
41.8493	-2.4285	42087	Fuentecantos
41.8497	-7.4184	32085	Mandín
41.8500	2.8667	17044	Vehinat de Esclet
41.8500	2.9833	17181	Romanyà de la Selva
41.8500	1.0500	25003	Montclar d'Urgell
41.8500	1.6167	08229	Matamargó
41.8500	0.6000	25112	Ivars de Noguera
41.8500	1.5167	25167	Ardèvol
41.8506	0.9590	25079	Cubells
41.8507	-0.0829	22213	Lastanosa
41.8509	-2.3383	42017	Almajano
41.8511	-4.4097	34057	Cevico de la Torre
41.8513	0.1296	22903	Pomar de Cinca
41.8514	0.2943	22061	Binéfar
41.8515	1.2158	25060	Cabanabona
41.8530	-2.2240	42175	Suellacabras
41.8537	-3.2265	09163	Navas del Pinar
41.8538	-7.5420	32053	Bousés
41.8539	-7.3817	32085	Feces de Cima
41.8540	-1.5752	50055	Santuario de la Misericordia
41.8545	-2.4705	42094	Chavaler
41.8545	-4.6593	47130	Quintanilla de Trigueros
41.8545	-2.0691	42110	Montenegro de Ágreda
41.8557	-1.4523	50003	Agón
41.8559	-1.9224	42004	Ágreda
41.8561	-1.4427	50052	Bisimbre
41.8563	-6.2443	49176	Cabañas de Aliste
41.8563	-2.5453	42094	Dombellas
41.8569	-4.9700	47181	Valdenebro de los Valles
41.8573	2.5635	17164	Cladells
41.8574	-5.4962	49216	Tapioles
41.8575	-7.3494	32091	Vilarello da Cota
41.8580	0.1566	22193	Pueyo de Santa Cruz
41.8582	-4.3012	34051	Castrillo de Onielo
41.8586	2.7669	17033	El Llac del Cigne
41.8587	3.0793	17034	Calonge
41.8588	-3.3877	09020	Arauzo de Miel
41.8599	-3.5591	09352	Santa María de Mercadillo
41.8607	-5.1725	47096	Morales de Campos
41.8610	-7.3228	32091	Arzádegos
41.8610	0.8319	25062	Xalets de la Solana
41.8611	-1.2632	50217	Pradilla de Ebro
41.8611	-4.1850	34058	Cevico Navero
41.8615	3.1000	17034	Sant Daniel
41.8616	-3.7298	09033	Bahabón de Esgueva
41.8631	1.8736	08018	Balsareny
41.8636	-4.8606	47212	Villalba de los Alcores
41.8637	1.9709	08012	Avinyó
41.8643	-2.5167	42094	Canredondo de la Sierra
41.8643	-6.4490	49069	Figueruela de Abajo
41.8650	-2.3551	42211	Los Villares de Soria
41.8652	-5.4123	49250	Villalpando
41.8654	0.4600	22009	Albelda
41.8659	-2.4152	42089	Fuentelsaz de Soria
41.8665	-4.5332	34069	San Miguel
41.8667	2.8667	17044	Veïnat de Montroig
41.8667	2.8833	17044	Seriñá
41.8667	2.0333	08258	Santa Maria d'Oló
41.8667	2.6667	17180	Santa Coloma de Farners
41.8667	3.1333	17118	Sant Joan de Palamós
41.8667	2.8333	17157	Sant Andreu Salou
41.8667	-0.7667	50298	Portazgo
41.8667	2.7833	17033	Franciac
41.8667	2.4167	17063	Espinelves
41.8667	-2.3947	42089	Pedraza
41.8669	-2.3255	42065	Cirujales del Río
41.8675	-0.4609	22197	Robres
41.8678	-0.7898	50298	Zuera
41.8679	0.8407	25062	Sant Llorenç de Montgai
41.8679	1.4809	25223	Llanera
41.8680	-7.4637	32053	San Ciprián
41.8681	-5.3493	49168	Quintanilla del Monte
41.8683	-1.3158	50118	Gallur
41.8687	-6.4445	49069	Figueruela de Arriba
41.8691	0.4221	22225	Tamarit de Llitera / Tamarite de Litera
41.8692	-6.3778	49104	Mahide
41.8692	2.1122	08079	l'Estany
41.8693	-3.1694	09163	Aldea del Pinar
41.8697	-2.5999	42160	Hinojosa de la Sierra
41.8697	-0.3101	22184	Poleñino
41.8700	-0.0324	22174	El Tormillo
41.8708	-7.4420	32085	Tamaguelos
41.8711	-1.7279	50122	Grisel
41.8717	-4.2238	34205	Villaconancio
41.8724	-2.4381	42089	Portelrubio
41.8726	-2.2785	42106	La Losilla
41.8727	2.5101	17164	El Serrat
41.8730	-2.5675	42094	Santervás de la Sierra
41.8731	0.7202	25156	Os de Balaguer
41.8732	-3.6197	09270	Pinilla-Trasmonte
41.8736	-2.1020	42188	Trébago
41.8747	-2.0828	42093	Fuentestrún
41.8749	0.8781	25062	Camarasa
41.8749	-8.0878	32042	Lobios
41.8749	2.2866	08278	Taradell
41.8750	-5.1485	47197	Villaesper
41.8757	1.1763	25150	Oliola
41.8762	-7.2868	32091	Terroso
41.8768	-2.0593	42057	Castilruiz
41.8772	-4.5471	34069	Dueñas
41.8785	-1.7822	50106	Los Fayos
41.8786	-5.7100	49207	Santovenia
41.8789	-2.3157	42012	Aldealseñor
41.8789	-7.3826	32091	Vilar de Cervos
41.8792	-5.7390	49025	Bretó
41.8793	-2.6535	42160	Vilviestre de los Nabos
41.8800	-6.4993	49069	Villarino de Manzanas
41.8805	-4.3624	34196	Valle de Cerrato
41.8805	3.1264	17209	Vall-Llobrega
41.8810	-8.8595	36023	A Armona
41.8810	-1.9851	42057	Añavieja
41.8815	0.5742	22089	Santa Anna
41.8824	-1.7564	50237	Santa Cruz de Moncayo
41.8825	-2.3799	42211	La Rubia
41.8831	-8.1472	32042	Compostela
41.8831	-0.7853	50298	El Campillo
41.8831	0.1441	22158	Conchel
41.8833	-5.0441	47086	Medina de Ríoseco
41.8833	2.7500	17233	Vilobí d'Onyar
41.8833	2.5167	17164	Sant Hilari Sacalm
41.8833	3.0167	17901	Sant Cebrià dels Alls
41.8833	1.3167	25191	Sanaüja
41.8833	-8.1000	32042	Ríocaldo
41.8833	2.1833	08129	Muntanyola
41.8833	-8.1167	32042	Manín
41.8833	-1.4500	50111	Fréscano
41.8833	-8.8667	36023	Camposancos
41.8833	-2.8333	42117	Campllonch
41.8833	-8.0333	32042	Araujo
41.8834	-7.4340	32085	Mourazos
41.8841	-3.7972	09103	Cilleruelo de Abajo
41.8843	-5.7547	49026	Bretocino
41.8846	0.5146	22009	Castellonroi / Castillonroy
41.8847	-2.4865	42019	Espejo de Tera
41.8850	-7.3285	32091	Enxames
41.8853	-0.3928	22116	Montesusin
41.8855	-7.4722	32050	Oimbra
41.8856	-1.6017	50063	El Buste
41.8860	-2.7868	42117	Molinos de Duero
41.8860	-2.6151	42160	Langosto
41.8861	-5.5935	49185	San Agustín del Pozo
41.8878	2.8752	17044	Cassà de la Selva
41.8879	-7.2103	32091	Tomonte
41.8882	-2.1154	42193	Valdelagua del Cerro
41.8891	1.5640	25167	Su
41.8895	-2.7967	42161	Salduero
41.8898	-5.5687	49175	Revellinos
41.8901	-8.8540	36023	A Pasaxe
41.8909	-2.2344	42107	Pobar
41.8912	-3.3984	09020	Doña Santos
41.8919	-2.2096	42107	Villarraso
41.8920	3.1866	17117	Calella de Palafrugell
41.8929	-5.2186	47205	Villafrechós
41.8933	-7.5976	32028	San Millán
41.8933	2.8045	17150	Riudellots de la Selva
41.8937	-3.1966	09302	Rabanera del Pinar
41.8944	-1.7714	50261	Torrellas
41.8945	3.1946	17117	Llafranc
41.8946	2.2437	08111	Malla
41.8946	-2.3739	42028	Ausejo de la Sierra
41.8947	1.0462	25034	Artesa de Segre
41.8950	-5.2657	47152	Santa Eufemia del Arroyo
41.8954	-2.2800	42054	Carrascosa de la Sierra
41.8957	3.1632	17117	Armadás
41.8965	-6.0790	49066	Ferreras de Abajo
41.8965	2.8322	17038	Campllong
41.8968	-3.4686	09122	Espinosa de Cervera
41.8969	-7.4292	32085	Tamagos
41.8973	-7.7889	32005	Sabucedo dos Peros
41.8979	-2.6364	42160	Derroñadas
41.8983	-6.5366	49069	Ríomanzanas
41.8984	-2.4128	42019	Portelárbol
41.8986	-3.2641	09144	La Gallega
41.8987	-5.3596	49252	Villamayor de Campos
41.8988	-6.1946	49067	Ferreras de Arriba
41.8988	-7.2333	32091	Soutochao
41.8989	1.7800	08141	Castelladral
41.8994	-7.4678	32053	Rosal
41.8995	-4.8039	34010	Valoria del Alcor
41.8999	-7.6401	32028	Gironda
41.8999	-7.5038	32053	Chas
41.9000	1.8776	08141	Navàs
41.9000	2.8667	17044	Veïnat de Llabrés
41.9000	2.8333	17038	Veïnat de les Ferreries
41.9000	1.5167	25167	Sant Just d'Ardèvol
41.9000	3.1833	17117	Santa Margarida
41.9000	2.2833	08246	Santa Eugènia de Berga
41.9000	2.3833	08241	Sant Sadurní d'Osormort
41.9000	3.1500	17110	Mont-ras
41.9000	-3.7500	09127	Guimara
41.9000	2.6833	17028	Brunyola
41.9000	-8.0333	32042	Araujo
41.9002	-5.4860	49046	Cerecinos de Campos
41.9006	-1.4199	50160	Mallén
41.9007	-2.3878	42028	Fuentelfresno
41.9008	-2.4526	42019	Sepúlveda de la Sierra
41.9009	-7.5711	32050	San Cristóbal
41.9009	-2.1627	42107	Magaña
41.9012	-2.4362	42019	Matute de la Sierra
41.9013	-8.8742	36023	A Guarda
41.9020	-4.8989	47212	Montealegre
41.9020	-0.1554	22124	Ballerías
41.9028	-6.3806	49104	San Pedro de las Herrerías
41.9028	-7.1947	32091	A Trabe
41.9033	-1.9475	42075	Débanos
41.9035	0.3862	22205	Rocafort de Llitera
41.9037	-7.5438	32050	Medeiros
41.9038	-6.4442	49069	Flechas
41.9038	-4.8302	34010	Valdebustos
41.9045	-4.4808	34069	Tariego
41.9047	-6.0154	49066	Litos
41.9047	-1.7268	50251	Tarazona
41.9049	0.3747	22205	Pelegrinyó
41.9049	-3.6610	09104	Cilleruelo de Arriba
41.9050	0.3271	22205	San Esteban de Litera (Sant Esteve de Llitera)
41.9054	-7.8748	32016	Randín
41.9056	-8.8579	36023	Salcidos
41.9056	-5.4073	49169	Quintanilla del Olmo
41.9056	-3.5301	09105	Ciruelos de Cervera
41.9061	0.4317	22043	el Campell / Alcampell
41.9066	-7.9341	32051	Requiás
41.9069	-4.9460	47086	Palacios de Campos
41.9070	-5.7556	49029	Olmillos de Valverde
41.9073	-0.4891	22218	Senés de Alcubierre
41.9078	2.7473	17233	Salitja
41.9081	-7.3126	32091	Santa María de Traseirexa
41.9085	-2.3472	42028	Cuéllar de la Sierra
41.9085	-0.2142	22013	Alberuela de Tubo
41.9086	-7.8319	32016	Rubiás
41.9087	-2.6462	42160	El Royo
41.9091	-1.6902	50251	Cunchillos
41.9092	-3.6957	09267	Pineda-Trasmonte
41.9095	1.6941	08047	la Coromina
41.9096	0.0469	22128	Odina
41.9098	-7.7950	32005	Abades
41.9101	-5.5742	49236	Vidayanes
41.9103	-2.7648	42215	Vinuesa
41.9104	-0.4480	22023	Frula
41.9106	2.1890	08247	Santa Eulàlia de Riuprimer
41.9106	-4.4421	34086	Hontoria de Cerrato
41.9108	0.1941	22158	Monzón
41.9121	-5.8415	49078	Friera de Valverde
41.9124	-2.4804	42019	Tera
41.9128	2.7333	17233	San Dalmay
41.9137	1.6785	08047	Cardona
41.9138	1.4432	25129	Peracamps
41.9138	2.8792	17090	San Cristóbal
41.9139	-2.5058	42151	Rebollar
41.9145	-1.8857	42004	Valverde
41.9154	-7.3413	32091	Traseirexa
41.9161	1.1851	25172	Ponts
41.9161	-2.4396	42019	Cubo de la Sierra
41.9161	-4.7803	34010	Ampudia
41.9162	-3.5026	09105	Briongos
41.9164	-2.5665	42207	Villar del Ala
41.9165	-7.4274	32085	Cabreiroá
41.9165	-3.9137	09432	Villafruela
41.9167	-7.3000	32091	Vilardevós
41.9167	1.2500	25249	Vilanova de l'Aguda
41.9167	-8.8167	36048	Tabagón
41.9167	-8.8000	36048	Tabagón
41.9167	2.2167	08129	Sentfores
41.9167	2.9667	17901	Sant Cebrià de Lledó
41.9167	2.7000	17028	Nin
41.9167	-8.8167	36048	Morán
41.9167	1.9333	08090	Gaià
41.9167	-8.0333	32051	Cela
41.9167	3.1833	17117	Brugarol
41.9167	0.9667	25022	Alòs de Balaguer
41.9169	-8.1449	32030	Illa
41.9171	-7.2196	32091	Berrande
41.9174	3.1631	17117	Palafrugell
41.9176	1.0826	25034	Vilves
41.9179	0.5469	22045	Valldellou / Baldellou
41.9179	-3.3037	09268	Pinilla de los Barruecos
41.9180	-1.2534	50252	Tauste
41.9181	-7.5857	32050	A Madalena
41.9183	3.2066	17117	Tamariu
41.9184	-1.7228	50251	Tórtoles
41.9184	-5.8998	49167	Pueblica de Valverde
41.9187	-8.1014	32030	Gález
41.9192	-5.6787	49271	Villaveza del Agua
41.9193	-2.3050	42056	Castilfrío de la Sierra
41.9195	2.6538	17028	San Martín Sapresa
41.9202	2.9178	17901	Santa Pellaya
41.9208	-5.4203	49165	Prado
41.9208	-4.4760	34023	Baños de Cerrato
41.9211	2.8508	17090	Llambilles
41.9211	-4.4909	34023	Venta de Baños
41.9213	0.7172	25156	Tartareu
41.9213	-5.7824	49029	Burganes de Valverde
41.9214	-4.7140	34010	Rayaces
41.9219	2.3245	08220	Sant Julià de Vilatorta
41.9221	1.5677	25186	Freixinet
41.9227	-1.4204	31078	Cortes
41.9228	-6.3563	49104	Boya
41.9234	-5.7331	49118	Milles de la Polvorosa
41.9237	1.1065	25034	Anya
41.9241	-2.5830	42174	Aldehuela del Rincón
41.9244	0.0622	22128	Monesma
41.9244	-7.7558	32005	Vilamaior da Boullosa
41.9244	-2.4167	42019	Segoviela
41.9250	-5.3404	49263	Villar de Fallaves
41.9253	2.2838	08037	Calldetenes
41.9259	1.0617	25034	Alentorn
41.9259	-2.5312	42159	Rollamienta
41.9260	-0.0100	22174	Lagunarrota
41.9266	-2.3332	42082	Estepa de San Juan
41.9271	-1.6812	50281	Vierlas
41.9274	-7.5584	32050	Flariz
41.9276	-3.3623	09201	Mamolar
41.9284	-5.0120	47222	Villanueva de San Mancio
41.9293	0.1200	22158	Selgua
41.9293	-2.1690	42060	Cerbón
41.9297	-5.1453	47109	Palazuelo de Vedija
41.9298	3.0358	17022	San Pol
41.9300	-7.8059	32005	Tosende
41.9301	2.2549	08298	Vic
41.9309	-7.9729	32051	Germeade
41.9313	-0.1668	22124	Huerto
41.9314	-7.4899	32050	Villaza
41.9315	-0.0677	22174	Peralta de Alcofea
41.9316	2.8091	17073	Fornells de la Selva
41.9316	-5.9511	49167	Bercianos de Valverde
41.9318	1.1949	25115	Gualter
41.9319	-8.0600	32042	Torno
41.9320	1.1483	25172	Torreblanca
41.9322	-2.6030	42174	Sotillo del Rincón
41.9323	-4.6555	34167	Santa Cecilia del Alcor
41.9323	-2.3666	42027	Ventosa de la Sierra
41.9325	-7.2128	32091	Arzoá
41.9330	-8.1173	32030	Entrimo
41.9331	-7.2444	32091	Moialde
41.9331	-3.4525	09358	Hortezuelos
41.9333	1.0833	25034	Vall-Llebrera
41.9333	2.0667	08151	Oristà
41.9333	-0.2833	22136	Marcén
41.9333	3.1333	17117	Llofriu
41.9333	-8.0500	32051	Grou
41.9333	2.7500	17020	Estanyol
41.9333	3.1833	17013	Esclanyà
41.9333	-8.7833	36048	Eiras
41.9333	1.6333	08047	Clariana de Cardener
41.9333	-2.0500	42062	Cigudosa
41.9333	-1.3941	50191	Novillas
41.9335	-5.6627	49019	Barcial del Barco
41.9340	3.2182	17013	Aiguablava
41.9343	-7.9888	32051	Prado
41.9343	-3.2415	09062	Cabezón de la Sierra
41.9348	-5.9794	49259	Villanueva de las Peras
41.9348	-5.9356	49204	Santa María de Valverde
41.9349	-0.5105	22232	Torralba de Aragón
41.9349	-2.8832	42069	Covaleda
41.9352	-8.0390	32051	Parada de Ventosa
41.9352	-2.1795	42092	Fuentes de Magaña
41.9354	-8.8368	36048	O Rosal
41.9354	-0.7571	50298	Ontinar de Salz
41.9363	-7.9236	32051	Maus de Salas
41.9364	-5.8925	49130	Morales de Valverde
41.9365	0.2454	22158	La Almunia de San Juan
41.9365	-7.5740	32050	Sandín
41.9367	-3.0409	09067	Canicosa de la Sierra
41.9368	-7.3702	32091	Osoño
41.9371	-2.0264	42163	San Felices
41.9372	-5.5516	49188	San Esteban del Molar
41.9373	-7.7380	32005	Santo Antoíño
41.9376	-6.4893	49110	Linarejos
41.9377	-2.1092	42196	Valdeprado
41.9377	-7.4093	32085	Abedes
41.9378	-4.2466	34022	Baltanás
41.9378	-7.8628	32016	Ríoseco
41.9381	-2.2229	42198	Valtajeros
41.9384	2.7622	17002	Aiguaviva
41.9386	-3.4043	09358	Peñacoba
41.9386	-0.2233	22124	Usón
41.9387	-6.1502	49139	Otero de Bodas
41.9388	2.3174	08083	Folgueroles
41.9398	-7.4535	32085	Pazos
41.9402	3.2138	17013	Fornells
41.9405	2.8408	17142	Quart d'Onyar
41.9410	-0.3694	22116	Grañén
41.9411	-7.2297	32091	Santa Comba de Baroncelle
41.9412	0.0410	22128	Morilla
41.9412	-7.2849	32071	Progo
41.9413	-1.9397	26003	Gutur
41.9414	-4.9193	34106	Meneses de Campos
41.9415	-7.4381	32085	Verín
41.9415	-6.5272	49110	Santa Cruz de los Cuérragos
41.9420	-7.3095	32071	Vilariño das Touzas
41.9421	-6.2865	49262	Villardeciervos
41.9423	-2.5763	42191	Valdeavellano de Tera
41.9425	-4.9866	34031	Belmonte de Campos
41.9427	-3.7387	09127	Fontioso
41.9428	-6.6187	49145	Rihonor de Castilla
41.9429	-7.5304	32050	A Caridade
41.9435	-4.5046	34225	Calabazanos
41.9438	-4.8564	34240	Villerías
41.9439	-5.6973	49011	Arcos de la Polvorosa
41.9447	-7.2206	32071	Silva
41.9449	0.6100	25156	Tragó de Noguera
41.9452	-5.8485	49272	Villaveza de Valverde
41.9457	-5.4752	49248	Villalobos
41.9457	-2.4793	42019	San Andrés de Soria
41.9460	2.5553	17116	Osor
41.9461	-5.0969	47019	Berrueces
41.9468	-2.4690	42019	Almarza
41.9468	-4.1206	34012	Antigüedad
41.9468	-7.2017	32071	Castrelo de Abajo
41.9468	-7.4494	32050	Monterrey
41.9469	-5.2072	47215	Villamuriel de Campos
41.9469	-3.4528	09358	Hinojar de Cervera
41.9470	2.3844	08303	Vilanova de Sau
41.9472	-2.4003	42027	Arévalo de la Sierra
41.9474	-7.9548	32051	Porqueirós
41.9475	-7.8429	32016	Feás
41.9476	1.7808	08308	Serrateix
41.9478	2.8800	17142	Castellar de la Selva
41.9479	-7.8960	32016	Calvos
41.9482	-0.2785	22116	Fraella
41.9485	-3.3110	09268	Gete
41.9486	-2.4452	42019	Gallinero
41.9489	1.1764	25042	la Serra de Rialb
41.9490	-2.6018	42174	Molinos de Razón
41.9490	-7.4954	32050	Albarellos
41.9494	-4.5158	34225	Villamuriel de Cerrato
41.9495	-0.4117	22023	Almuniente
41.9496	-7.9992	32051	Cadós
41.9497	-4.6392	34120	Paredes de Monte
41.9498	2.6899	17020	El Mas Lluners
41.9500	-7.4255	32085	Rasela
41.9500	3.0500	17902	Vulpellac
41.9500	2.1833	08129	Sant Julià Sassorba
41.9500	1.4167	25129	Sant Climenç
41.9500	3.1000	17902	Santa Susanna de Peralta
41.9500	3.0000	17901	Sant Miquel de Cruïlles
41.9500	2.0333	08212	Sant Feliu Sasserra
41.9500	3.1000	17902	Sant Climent de Peralta
41.9500	-7.3000	32071	Rubiós
41.9500	-1.7000	50190	Novallas
41.9500	2.0500	08151	La Torre d'Oristà
41.9500	3.0500	17022	la Bisbal d'Empordà
41.9500	-8.0667	32042	Grou
41.9500	-8.0333	32041	Grou
41.9500	-8.7667	36054	Goián
41.9500	2.6333	17008	Cuch
41.9500	3.0167	17901	Cruïlles
41.9500	3.2167	17013	Begur
41.9503	-3.0780	09425	Vilviestre del Pinar
41.9504	3.0571	17902	Fonteta
41.9505	-5.8799	49130	San Pedro de Zamudia
41.9508	-6.2188	49067	Villanueva de Valrojo
41.9514	-5.2835	47013	Barcial de la Loma
41.9520	-7.7158	32005	Baltar
41.9524	-1.6720	50157	Malón
41.9524	3.1268	17197	Torrent
41.9525	-3.5351	09378	Tejada
41.9527	-7.7327	32005	Gomariz
41.9527	3.1701	17144	Regencós
41.9528	2.7938	17215	El Perelló
41.9529	-7.2235	32071	Sampayo
41.9531	-4.4300	34177	Soto de Cerrato
41.9532	-5.8178	49137	Navianos de Valverde
41.9532	-5.7758	49256	Mózar
41.9532	0.4596	22043	Baells
41.9534	-7.6211	32028	Lucenza
41.9536	-7.9780	32051	San Pedro de Muiños
41.9539	-7.6788	32005	Niñodaguía
41.9541	2.8420	17142	Palol d'Onyar
41.9541	-3.1989	09225	Moncalvillo
41.9542	2.2354	08100	Gurb
41.9545	-2.9309	42078	Duruelo de la Sierra
41.9554	2.9323	17142	Montnegre
41.9556	-6.7181	49145	Calabor
41.9559	2.3253	08275	Tavèrnoles
41.9560	-8.1507	32030	Pereira
41.9562	2.6360	17008	Anglès
41.9562	-2.9884	09309	Regumiel de la Sierra
41.9564	2.9910	17901	San Sadurní
41.9566	0.4915	22043	Natjà
41.9569	-7.7777	32012	Cobas
41.9570	0.4070	22175	Quatrecorts
41.9570	-7.2002	32071	Mourisco
41.9570	0.0573	22128	Ilche
41.9575	2.7738	17215	Vilablareix
41.9575	2.8206	17079	Palau Sacosta
41.9576	1.8150	08308	Viver
41.9577	2.5246	17164	El Coll
41.9577	-7.9737	32051	Mugueimes
41.9579	-3.4853	09356	Barriosuso
41.9583	-5.6839	49199	Santa Colomba de las Monjas
41.9586	0.5214	22075	Camporrells
41.9587	-6.3392	49262	Cional
41.9590	-6.4354	49110	Folgoso de la Carballeda
41.9591	-2.1712	42060	Las Fuesas
41.9593	-2.3886	42027	Torrearévalo
41.9594	-6.4745	49110	Pedroso de la Carballeda
41.9596	-0.0033	22055	Berbegal
41.9602	-4.7777	34184	Torremormojón
41.9605	-0.4335	22236	Torres de Barbués
41.9618	0.1588	22082	Castejón del Puente
41.9620	1.6023	25075	Sant Ponç
41.9621	-1.9934	26003	Aguilar del Río Alhama
41.9622	-7.3966	32085	Quiroganes
41.9623	-4.3420	34238	Villaviudas
41.9627	-7.9239	32051	Couso de Salas
41.9628	2.6553	17903	Sant Julià del Llor
41.9629	1.0283	25034	Gàrzola
41.9632	-8.0974	32030	Venceás
41.9633	-2.1683	42196	Castillejo de San Pedro
41.9635	0.1932	22022	Ariéstolas
41.9638	-7.5553	32028	Montes
41.9639	-3.1279	09246	Palacios de la Sierra
41.9640	-3.4174	09358	Santo Domingo de Silos
41.9644	-7.2056	32071	Castrelo de Cima
41.9645	-4.6509	34018	Paradilla del Alcor
41.9646	-7.5846	32028	Carzoá
41.9647	-7.7122	32005	Tejones
41.9655	-6.2118	49139	Val de Santa María
41.9656	-7.0189	32048	Manzalvos
41.9659	-6.8444	49094	La Tejera
41.9660	2.7392	17020	Bescanó
41.9661	-7.6203	32028	Vilela
41.9662	-6.0139	49116	Melgar de Tera
41.9667	2.2167	08129	Vespella
41.9667	2.4000	08303	Sant Romà de Sau
41.9667	1.9667	08090	Sant Pau de Pinós
41.9667	3.1333	17121	Sant Feliu de Boada
41.9667	1.8833	08175	Puig-reig
41.9667	-2.1000	26104	Navajún
41.9667	-1.6833	31173	Monteagudo
41.9667	2.8500	17142	la Creueta
41.9667	-8.7667	36054	Figueiró
41.9667	-1.6333	31048	Barillas
41.9667	-7.1891	32071	Veiga del Seijo
41.9668	-3.9535	34070	Espinosa de Cerrato
41.9673	-0.1110	22235	Torres de Alcanadre
41.9677	1.3376	25166	Madrona
41.9677	2.7612	17020	Montfullá
41.9683	-3.3531	09070	Carazo
41.9683	-7.9543	32006	Barxés
41.9687	-7.4372	32085	Tintores
41.9688	-3.6343	09231	Nebreda
41.9690	-6.8962	49094	Hermisende
41.9692	2.6240	17189	la Cellera de Ter
41.9694	-7.6448	32032	Gudín
41.9694	-6.3814	49110	Codesal
41.9701	-1.9843	26003	Inestrillas
41.9702	-2.3149	42135	Oncala
41.9705	-5.3143	49043	Castroverde de Campos
41.9705	2.6694	17903	Bonmatí
41.9706	-5.4632	49232	Vega de Villalobos
41.9707	-7.5264	32050	Guimarei
41.9707	-2.2038	42165	Valdelavilla
41.9707	2.7044	17020	Vilanna
41.9710	3.1481	17124	Pals
41.9710	-2.2535	42135	San Andrés de San Pedro
41.9717	-3.6588	09366	Solarana
41.9718	-5.6351	49257	Castropepe
41.9719	-0.0712	22235	Lacuadrada
41.9722	0.0734	22128	Permisán
41.9726	0.3110	22040	Azanuy
41.9728	-6.0292	49116	Pumarejo de Tera
41.9730	-7.9060	32051	Cerdedo
41.9732	-0.2975	22239	Tramaced
41.9735	-3.4814	09356	Santibáñez del Val
41.9738	-8.0009	32006	Santa Comba
41.9738	-3.8470	09179	Iglesiarrubia
41.9740	-5.7804	49256	Villanázar
41.9743	-7.6826	32005	Garabelos
41.9743	-7.0453	32048	Chaguazoso
41.9744	2.1307	08129	Sant Genís
41.9745	-1.9042	26047	Valdegutur
41.9745	-6.9094	49094	San Ciprián
41.9745	-1.6405	31006	Ablitas
41.9746	-7.2823	32071	Riós
41.9749	2.7928	17155	Salt
41.9749	-0.7513	50298	El Temple
41.9749	-7.5128	32050	Infesta
41.9752	2.9991	17901	Monells
41.9752	-7.7342	32012	Os Cuquexos
41.9753	1.2561	25222	Tiurana
41.9755	1.0567	25034	Lluçars
41.9756	3.0715	17902	Canapost
41.9759	-7.1871	32034	O Seixo
41.9761	-5.6640	49257	Villanueva de Azoague
41.9762	-4.3834	34146	Reinoso de Cerrato
41.9764	0.4949	22043	Seganta
41.9766	-6.4150	49110	Sagallos
41.9767	-6.6705	49145	Santa Cruz de Abranes
41.9770	-1.6762	31233	Tulebras
41.9771	-5.0233	47162	Tamariz de Campos
41.9773	-8.7627	36054	Estás
41.9774	0.0638	22128	Fornillos
41.9777	-7.0105	32048	Cádavos
41.9777	-7.7685	32012	Pejeiros
41.9778	2.5165	17194	Susqueda
41.9778	-0.5373	22226	Tardienta
41.9778	-2.1343	42165	Valdenegrillos
41.9780	3.0446	17022	Castell D'Emporda
41.9781	3.0900	17902	Peratallada
41.9782	-2.1908	42165	El Vallejo
41.9783	-7.8435	32016	Lobás
41.9784	-3.7395	09194	Rabé de los Escuderos
41.9786	-7.7967	32012	Fonte Arcada
41.9788	-6.1699	49177	Villar de Farfón
41.9788	-7.7556	32012	Guntín
41.9790	-6.0824	49032	Calzadilla de Tera
41.9794	-3.6683	09194	Castrillo de Solarana
41.9794	-7.3206	32071	San Cristovo
41.9797	-7.4572	32050	Estevesiños
41.9798	-1.8616	26047	Valverde
41.9801	-1.4450	31057	Buñuel
41.9803	-3.7029	09194	Villoviado
41.9804	-7.7825	32012	Aguis
41.9808	-0.4195	22049	Barbués
41.9811	-7.8864	32016	Golpellás
41.9813	-4.4277	34098	Magaz
41.9820	-0.9939	50077	Castejón de Valdejasa
41.9825	2.3112	08183	Roda de Ter
41.9826	2.6898	17163	Constantins, Contestins
41.9828	-3.3243	09450	Villanueva de Carazo
41.9829	-3.0377	09289	Quintanar de la Sierra
41.9830	-7.0801	32048	Esculqueira
41.9831	2.8249	17079	Girona
41.9833	2.8000	17079	Santa Eugènia de Ter
41.9833	2.7333	17163	Sant Gregori
41.9833	2.8500	17079	Sant Daniel
41.9833	2.1833	08199	Sant Bartomeu del Grau
41.9833	-3.5167	09295	Quintanilla del Coco
41.9833	2.9667	17097	Madremanya
41.9833	-8.0333	32041	Lobera
41.9833	-8.7167	36054	Forcadela
41.9833	3.0167	17057	Corçà
41.9833	-5.9772	49201	Santa Croya de Tera
41.9835	-3.8255	09032	Avellanosa de Muñó
41.9836	-7.9793	32006	Baños
41.9837	-6.1017	49032	Olleros de Tera
41.9838	-5.1812	47003	Aguilar de Campos
41.9841	-2.0740	26161	Valdemadera
41.9841	-3.5966	09094	Cebrecos
41.9842	-4.7352	34125	Pedraza de Campos
41.9845	-3.8551	09032	Torrecitores
41.9846	-4.9592	34048	Castil de Vela
41.9848	-7.2908	32071	As Ferreiras
41.9849	3.1220	17121	Sant Julià de Boada
41.9849	-6.2666	49262	Manzanal de Abajo
41.9849	-5.4066	49260	Villanueva del Campo
41.9851	-5.8440	49117	Aguilar de Tera
41.9851	-3.2871	09154	Hacinas
41.9851	-0.7864	50298	La Paúl
41.9853	-1.2306	50252	Caserío de Mira
41.9853	-6.0762	49231	Calzada de Tera
41.9854	2.0946	08149	Olost
41.9856	-1.2704	50252	Sancho Abarca
41.9856	-5.9226	49205	Santibáñez de Tera
41.9858	2.6157	17189	El Pasteral
41.9859	-7.6442	32032	Novás
41.9860	-8.8149	36036	Loureza
41.9861	-5.0721	47094	Moral de la Reina
41.9863	-2.3537	42014	Los Campos
41.9867	-7.9314	32051	Farnadeiros
41.9867	-7.2797	32071	Vendas da Barreira
41.9871	-3.2356	09084	Castrillo de la Reina
41.9873	-7.7152	32012	Nocedo
41.9877	-8.7550	36054	Tomiño
41.9877	-4.2721	34087	Hornillos de Cerrato
41.9882	-2.2339	42165	Matasejún
41.9882	-2.5123	42141	Arguijo
41.9885	-3.7676	09294	Quintanilla de la Mata
41.9886	-8.0343	32041	As Quintas
41.9889	-5.8713	49117	Micereces de Tera
41.9890	3.1102	17121	Palau-sator
41.9890	-7.5946	32028	Cualedro
41.9894	-5.4493	47128	Quintanilla del Molar
41.9895	0.1950	22110	Cofita
41.9896	-4.8773	34033	Boada de Campos
41.9898	2.9713	17097	Millás
41.9899	2.9494	17097	Vilers
41.9902	-7.8674	32016	Vilá
41.9903	0.4411	22043	Sorita
41.9903	-7.7863	32012	Aspra
41.9904	-7.4217	32021	Castrelo del Valle
41.9905	-7.3943	32021	Gondulfes
41.9905	-0.0466	22139	Laperdiguera
41.9907	-7.4609	32050	Vences
41.9909	-7.6254	32082	Villar de Liebres
41.9910	-5.6030	49041	Castrogonzalo
41.9916	1.6388	08132	Navès
41.9918	-6.3018	49121	Valparaíso
41.9919	-7.2557	32071	Navallo
41.9920	2.7901	17079	Domeny
41.9921	-4.6339	34018	Autilla del Pino
41.9921	-7.1764	32034	Barja
41.9922	-6.4401	49110	Manzanal de Arriba
41.9924	0.3862	22175	Peralta de la Sal
41.9926	-4.1875	34022	Valdecañas de Cerrato
41.9928	-0.3656	22116	Callén
41.9930	-5.8951	49117	Abraveses de Tera
41.9930	-7.5413	32028	Rebordondo
41.9932	-7.3284	32071	San Pedro de Trasverea
41.9938	-8.6952	36054	Amorín
41.9939	-7.5634	32028	Pena Verde
41.9939	1.5171	25207	Solsona
41.9940	3.1220	17121	Fontclara
41.9941	-7.9194	32051	Souto
41.9945	-5.7939	49256	Vecilla de Trasmonte
41.9947	-2.3650	42014	Las Aldehuelas
41.9947	-6.0266	49033	Camarzana de Tera
41.9948	-0.2451	22220	Sesa
41.9950	-0.2228	22203	Salillas
41.9952	-5.9737	49033	Santa Marta de Tera
41.9954	-7.8400	32016	Castelaus
41.9957	2.4186	08280	Tavertet
41.9958	-8.0509	32041	Villariño
41.9965	1.0248	25034	Vilanova de Meià
41.9965	-7.7518	32012	Blancos
41.9967	0.5433	22053	Estopanyà / Estopiñán del Castillo
41.9972	-7.6694	32032	Seoane
41.9973	-2.4934	42141	Barriomartín
41.9973	-1.9061	26047	Cabretón
41.9973	-7.9532	32006	Nigueiroá
41.9975	-3.3523	09312	Haedo
41.9976	-6.1250	49231	Vega de Tera
41.9977	-1.6810	31068	Cascante
41.9981	-1.5127	31208	Ribaforada
41.9984	-7.2113	32034	San Lorenzo
41.9987	2.8184	17079	Sant Ponç
41.9988	-6.3844	49048	Anta de Tera
41.9989	-7.6922	32032	As Fiestras
41.9993	-3.5338	09295	Castroceniza
41.9999	-5.7135	49200	Santa Cristina de la Polvorosa
42.0000	-6.3470	49121	Fresno de la Carballeda
42.0000	1.8667	08049	Viladomíu
42.0000	3.0667	17205	Ullastret
42.0000	-7.3167	32071	Trasestrada
42.0000	1.9833	08255	Santa Maria de Merlès
42.0000	2.0667	08149	Santa Creu dels Juglars
42.0000	2.2333	08243	Santa Cecília de Voltregà
42.0000	-8.8667	36036	Oia
42.0000	2.6833	17172	Les Serres
42.0000	2.2500	08117	La Gleva
42.0000	-6.9667	49094	Castromil
42.0000	3.0333	17057	Casavells
42.0000	0.7667	25002	Àger
42.0007	-6.1587	49231	Junquera de Tera
42.0011	-3.7027	09194	Revilla-Cabriada
42.0015	-6.8988	49094	Castrelos
42.0018	-7.7227	32012	Cobelas
42.0021	-3.8864	09032	Pinedillo
42.0021	-0.1273	22178	Pertusa
42.0022	-3.9555	09325	Royuela de Río Franco
42.0023	2.2848	08112	Manlleu
42.0025	-5.6783	49021	Benavente
42.0027	-6.9759	32048	Castromil
42.0035	-7.4446	32021	Nocedo del Valle
42.0037	-5.8102	49171	Colinas de Trasmonte
42.0038	-5.5453	49082	Fuentes de Ropel
42.0042	-7.7808	32032	Cima de Ribeira
42.0044	-7.5669	32028	As Corvaceiras
42.0045	-0.3177	22181	Piracés
42.0047	-7.7969	32062	Nocelo
42.0047	-2.3050	42209	Montaves
42.0049	-6.2279	49177	Ríonegro del Puente
42.0052	-1.9553	26047	Cervera del Río Alhama
42.0054	3.0440	17057	Matajudaica
42.0056	-7.8860	32062	Paradela de Abeleda
42.0057	-7.9380	32006	Garabelos
42.0057	-2.1894	42165	Sarnago
42.0059	-7.6623	32032	Faramontaos
42.0060	-5.9026	49205	Sitrama de Tera
42.0061	-7.6993	32032	Laroá
42.0065	-2.3857	42014	Valloría
42.0066	-7.1203	32034	Tameirón
42.0066	0.4173	22053	Gavasa
42.0068	-5.2843	47024	Bolaños de Campos
42.0069	-4.7118	34220	Revilla de Campos
42.0070	-0.0471	22135	Laluenga
42.0072	-6.4778	49110	Sandín
42.0076	-7.4169	32021	Pepín
42.0077	-6.1692	49231	Milla de Tera
42.0080	-8.6823	36054	Currás
42.0081	-6.5720	49166	Robledo
42.0082	1.8848	08049	Viladomíu Vella
42.0091	3.1937	17199	Mas Pinell
42.0091	-0.7600	50298	La Estación
42.0095	-7.8109	32062	Sobreganade
42.0095	-4.5241	34120	Palencia
42.0097	-3.8510	09032	Paúles del Agua
42.0102	0.2588	22110	Fonz
42.0103	-6.0428	49033	Cabañas de Tera
42.0104	1.5646	25151	Olius
42.0105	2.6020	17007	Amer
42.0110	-4.9962	47196	Villabaruz de Campos
42.0112	3.1078	17070	Fontanilles
42.0115	-8.0381	32041	Parada do Monte
42.0123	-3.3311	09312	La Revilla
42.0123	-2.5044	42141	La Poveda de Soria
42.0126	-2.2662	42165	Ventosa de San Pedro
42.0126	1.8442	08049	Casserres
42.0129	-7.6490	32082	Chamusiños
42.0131	-7.0468	32048	A Mezquita
42.0134	-3.5514	09113	Ura
42.0135	-7.5969	32082	Villaderrey
42.0136	2.9826	17130	Púbol
42.0136	-7.0266	32048	Santigoso
42.0136	-4.8905	34045	Capillas
42.0138	-7.3340	32021	Piornedo
42.0141	2.5444	17194	Sant Martí Sacalm
42.0141	2.2402	08215	Sant Hipòlit de Voltregà
42.0146	-6.3783	49048	Valdemerilla
42.0148	-5.2364	47209	Villalán de Campos
42.0153	2.7177	17163	Ginestar
42.0154	-0.7615	22119	Gurrea de Gállego
42.0158	-7.1724	32034	Pentes
42.0160	-4.6641	34220	Villamartín de Campos
42.0160	-4.7819	34024	Baquerín de Campos
42.0166	-7.3739	32021	Servoy
42.0167	-8.7167	36054	Taborda
42.0167	-8.6667	36054	Sobrada
42.0167	2.8333	17186	Sarrià de Ter
42.0167	2.8167	17186	Sarrià de Dalt
42.0167	-7.6333	32082	Santa Baya
42.0167	2.9333	17173	Sant Martí Vell
42.0167	2.4667	08901	Sant Joan de Fàbregues
42.0167	1.6833	08132	Sant Feliu de Lluelles
42.0167	3.0167	17153	Rupià
42.0167	2.0333	08171	Prats de Lluçanès
42.0167	-7.8500	32062	Porqueira
42.0167	-7.8333	32062	Porqueira
42.0167	-8.7000	36054	Piñeiro
42.0167	2.9667	17130	Pedrinyà
42.0167	2.7167	17172	Llorà
42.0167	2.9167	17087	Juià
42.0167	-8.0833	32041	Goyás
42.0167	2.7667	17163	Cartellà
42.0167	2.8500	17049	Campdurà
42.0167	-8.8333	36036	Burgueira
42.0167	-8.7667	36054	Barrantes
42.0167	-2.6000	26091	Amer
42.0167	-7.8667	32062	Abelendo
42.0171	-7.4645	32039	Arcucelos
42.0175	1.7350	08132	Montmajor
42.0176	-5.8295	49171	Quiruelas de Vidriales
42.0178	-7.7753	32032	Gorgoloza
42.0183	-7.9224	32006	Ribeiro
42.0183	-1.5569	31106	El Bocal
42.0187	-3.6262	09901	Tordueles
42.0188	0.3365	22040	Alíns del Monte
42.0190	-2.2883	42165	Palacio de San Pedro
42.0191	-2.3286	42209	Huérteles
42.0192	-0.4332	22206	Sangarrén
42.0195	3.0874	17070	Llabià
42.0197	-7.7690	32032	Mosteiro
42.0200	-3.4108	09110	Contreras
42.0201	-7.6701	32032	Moreiras
42.0205	2.9741	17130	La Pera
42.0206	-7.7556	32032	Guntimil
42.0208	-6.4170	49048	Cernadilla
42.0209	-1.4853	31108	Fustiñana
42.0210	-2.3851	42014	Ledrado
42.0211	0.3737	22175	Calasanz
42.0216	3.0320	17126	Parlavà
42.0217	3.0512	17126	Fonalleras
42.0217	-6.4398	49048	San Salvador de Palazuelo
42.0220	-7.7479	32032	Gudes
42.0223	-5.5100	49229	Valdescorriel
42.0224	-3.2863	09330	Salas de los Infantes
42.0225	-7.5732	32028	Atanes
42.0226	-7.9998	32006	Cadones
42.0228	-6.3303	49121	Mombuey
42.0228	-7.9002	32006	Güin
42.0234	-2.4087	42216	Vizmanos
42.0237	1.3405	25044	Ogern
42.0238	-0.3802	22012	Albero Bajo
42.0240	2.4658	08901	Rupit
42.0240	-8.7623	36054	Barrantes
42.0247	-4.1236	34178	Tabanera de Cerrato
42.0248	-6.6956	49145	Pedralba de la Pradería
42.0251	-8.8766	36036	Pedornes
42.0254	-7.6174	32082	Trasmiras
42.0256	-0.0866	22050	Barbuñales
42.0259	-7.9261	32006	Vilar
42.0261	-3.7598	09194	Lerma
42.0263	-7.6968	32032	San Pedro de Laroá
42.0263	-6.2317	49177	Valleluengo
42.0268	-7.7891	32032	Ganade
42.0269	-4.7154	34102	Mazariegos
42.0269	-1.5765	31106	Fontellas
42.0271	-7.8151	32062	Sabucedo
42.0271	-7.7280	32032	Parada de Riveira
42.0281	-4.0025	34060	Cobos de Cerrato
42.0281	0.4543	22053	Castilló del Pla
42.0285	-7.4514	32039	Retorta
42.0285	-6.0539	49033	San Juanico el Nuevo
42.0286	-2.2310	42165	San Pedro Manrique
42.0288	3.0722	17191	Serra de Daró
42.0290	-6.6172	49166	Ungilde
42.0293	2.8534	17169	Sant Julià de Ramis
42.0294	-3.5068	09311	Retuerta
42.0295	3.1031	17081	Gualta
42.0297	-7.6409	32082	Lobaces
42.0299	-5.4962	47134	San Miguel del Valle
42.0301	-5.4743	24181	Roales
42.0304	-4.5034	34217	Villalobón
42.0304	-6.7423	49174	Requejo
42.0310	-4.8240	34053	Castromocho
42.0312	-7.9749	32006	Bande
42.0318	-7.0541	32048	Pereiro
42.0318	-1.6558	31176	Murchante
42.0320	-0.2870	22162	Novales
42.0320	0.5179	22053	Estanya
42.0324	-7.5301	32028	Baldriz
42.0325	-1.5259	31062	Cabanillas
42.0326	-3.7334	09194	Santillán
42.0326	-6.4739	49017	Entrepeñas
42.0327	-2.1550	42165	Fuentebella
42.0328	-5.1501	47048	Ceinos de Campos
42.0329	-5.8487	49170	Quintanilla de Urz
42.0330	-6.8361	49100	Padornelo
42.0332	-8.0557	32041	Fraga
42.0333	-8.8667	36036	Viladesuso
42.0333	-8.7333	36054	Vilameán
42.0333	-2.6000	26091	Verguizas
42.0333	-8.7333	36054	Tebra
42.0333	-8.7167	36054	Tebra
42.0333	2.3667	08280	L'Esquirol
42.0333	2.6500	17172	Sant Martí de Llémana
42.0333	2.0833	08225	Sant Martí d'Albars
42.0333	-7.1833	32034	Herosa
42.0333	-6.2667	49177	Garrapatas
42.0333	2.8833	17049	Celrà
42.0333	2.7333	17040	Canet d'Adri
42.0333	-8.6500	36055	Areas
42.0335	-7.6380	32082	Os Pardieiros
42.0342	-3.6505	09901	Quintanilla del Agua
42.0343	1.8802	08092	Gironella
42.0345	-2.3059	42165	Las Fuentes de San Pedro
42.0349	-4.3184	34182	Torquemada
42.0350	-7.4338	32039	Matamá
42.0350	-7.9135	32006	Carpazás
42.0351	0.5572	22053	Casserres del Castell
42.0356	-3.8056	09194	Ruyales del Agua
42.0356	-5.7469	49109	Manganeses de la Polvorosa
42.0356	0.1269	22048	Barbastro
42.0357	-6.9054	49100	Lubián
42.0360	2.1650	08271	Sobremunt
42.0363	3.0002	17068	Foixà
42.0364	-0.1624	22029	Antillón
42.0364	3.0345	17203	Ultramort
42.0367	-6.7201	49050	Terroso
42.0372	-7.0149	32048	Vilavella
42.0374	-6.6689	49145	Lobeznos
42.0379	-5.8733	49028	Brime de Urz
42.0381	-7.7099	32032	Damil
42.0381	-0.8763	50205	Las Pedrosas
42.0386	-3.3567	09038	Barbadillo del Mercado
42.0393	-7.0534	32048	Sobreosmuiños
42.0394	-5.5857	49082	Rubiales
42.0395	-7.2464	32034	Parada da Serra
42.0397	-3.2706	09330	Castrovido
42.0399	-6.9268	49100	Chanos
42.0401	-3.7032	09348	Santa Inés
42.0403	-6.8734	49100	Aciberos
42.0403	-7.6643	32082	Zos
42.0404	-6.9700	32048	A Canda
42.0412	-4.4002	34189	Valdeolmillos
42.0413	-3.5823	09277	Puentedura
42.0419	-7.5915	32082	Escornabois
42.0423	2.1070	08160	Perafita
42.0423	-5.3134	47183	Valdunquillo
42.0425	3.1270	17199	Torroella de Montgrí
42.0425	-0.5814	22021	Almudévar
42.0428	-5.9608	49206	Pozuelo de Vidriales
42.0428	2.4548	08901	Pruit
42.0429	1.5086	25124	Lladurs
42.0430	-4.9121	34232	Villarramiel
42.0433	-6.0724	49193	San Pedro de Ceque
42.0434	2.9109	17025	Bordils
42.0439	-3.9370	09389	Torrepadre
42.0440	-2.1700	42165	Acrijos
42.0441	-2.2708	42165	Taniñe
42.0444	2.0698	08109	La Blava
42.0444	-7.8800	32006	Congostro
42.0445	-6.7264	49050	San Martín de Terroso
42.0449	1.9529	08144	Bonayre
42.0450	-7.6515	32082	Abavides
42.0452	2.9599	17067	La Bolla
42.0457	-5.6347	49187	San Cristóbal de Entreviñas
42.0459	2.2465	08150	Conanglell
42.0461	-6.9543	49100	Las Hedradas
42.0462	-7.7552	32032	Lamas
42.0463	2.2668	08285	Torelló
42.0463	-3.8651	09384	Tordómar
42.0463	-5.8984	49092	Cunquilla de Vidriales
42.0465	-0.4068	22125	Buñales
42.0468	-6.8858	49100	Hedroso
42.0471	-8.6443	36055	Tui
42.0474	3.1602	17199	Les Dunes
42.0482	-0.9103	50244	Sierra de Luna
42.0483	-4.2000	34084	Herrera de Valdecañas
42.0484	-3.7420	09442	Villalmanzo
42.0485	-8.0044	32006	Corbelle
42.0487	-6.3202	49112	Otero de Centenos
42.0487	-3.2487	09330	Terrazas
42.0489	0.4604	22053	Purroi de la Solana
42.0496	3.1075	17204	Ullà
42.0497	-6.5742	49143	Otero de Sanabria
42.0498	-4.9808	47070	Gatón de Campos
42.0500	2.2333	08150	Vinyoles
42.0500	2.9500	17168	Sant Joan de Mollet
42.0500	2.1500	08201	Sant Boi de Lluçanès
42.0500	1.9667	08188	Sagàs
42.0500	-8.6667	36055	Randufe
42.0500	-8.7833	36054	Pinzás
42.0500	-8.7000	36055	Pexegueiro
42.0500	2.8667	17169	Medinyà
42.0500	-8.7000	36055	Malvas
42.0500	2.0333	08109	Lluçà
42.0500	1.8667	08005	l'Ametlla del Vallès
42.0500	-8.5667	36055	Caldelas
42.0502	-4.3612	34221	Villamediana
42.0503	-4.1310	34210	Villahán
42.0503	-0.3371	22011	Albero Alto
42.0509	-1.9664	26047	Rincón de Olivedo
42.0513	2.7894	17123	La Mota
42.0513	-2.4394	42166	Villartoso
42.0516	-8.8725	36036	Mougás
42.0517	0.4861	22053	Pilzà
42.0518	-3.1931	09223	Monasterio de la Sierra
42.0519	2.7382	17040	Adri
42.0520	-6.4894	49017	Asturianos
42.0521	-5.9278	49092	Granucillo
42.0521	-7.1015	32034	O Canizo
42.0522	3.0667	17195	Canet de la Tallada
42.0523	-3.8035	09343	Santa Cecilia
42.0523	-5.9416	49092	Grijalba de Vidriales
42.0525	1.1853	25042	Puig
42.0528	-0.2783	22036	Argavieso
42.0529	-4.5831	34079	Grijota
42.0532	1.7723	08078	L'Espunyola
42.0533	-6.4449	49017	Lagarejos de la Carballeda
42.0534	3.1977	17199	l'Estartit
42.0539	-5.7275	49238	Villabrázaro
42.0540	-6.6335	49166	Puebla de Sanabria
42.0541	-0.0184	22176	Peraltilla
42.0541	-2.3651	42209	Valduérteles
42.0543	-6.3829	49112	Manzanal de los Infantes
42.0554	-2.4242	42209	La Laguna
42.0557	-0.4112	22125	Tabernas de Isuela
42.0558	-7.9997	32006	Calvos
42.0559	-7.6051	32082	Villaseca
42.0566	0.2434	22103	Estadilla
42.0567	2.5409	17133	les Planes d'Hostoles
42.0570	-1.9090	26047	Ventas del Baño
42.0573	-0.1877	22064	Blecua
42.0576	0.4608	22053	Purroi Vell
42.0577	-1.8576	31105	Fitero
42.0577	1.2677	25165	Peramola
42.0579	3.1601	17199	La Torre Vella
42.0581	-6.5484	49143	Remesal
42.0581	-0.1538	22027	Bespén
42.0585	2.6309	17183	Sant Esteve de Llémena
42.0587	-6.7094	49050	Santa Colomba de Sanabria
42.0589	-5.2357	47229	Villavicencio de los Caballeros
42.0590	-6.5236	49143	Palacios de Sanabria
42.0593	-5.0554	47058	Cuenca de Campos
42.0593	-3.5196	09113	Covarrubias
42.0597	2.2207	08150	Orís
42.0602	-2.9969	09232	Neila
42.0602	2.8144	17123	Riudellots de la Creu
42.0609	-2.3141	42209	La Cuesta
42.0610	-7.1387	32034	A Gudiña
42.0614	-7.4620	32039	Laza
42.0616	-6.0479	49027	Brime de Sog
42.0617	-1.6045	31232	Tudela
42.0617	2.2553	08150	Vilaseca
42.0618	-3.3994	09078	Cascajares de la Sierra
42.0618	-6.5938	49179	Triufé
42.0619	-7.5790	32078	Nocelo da Pena
42.0620	-2.3881	42209	Bretún
42.0625	-2.4489	42166	Santa Cruz de Yanguas
42.0625	-4.8412	34001	Abarca de Campos
42.0628	-0.7728	22119	Salto del Lobo
42.0628	3.0458	17211	Verges
42.0633	-7.0037	49154	Villanueva de la Sierra
42.0633	-6.6823	49050	San Miguel de Lomba
42.0635	-7.7246	32032	Xinzo de Limia
42.0637	-6.3687	49112	Sejas de Sanabria
42.0638	1.8436	08011	Graugés
42.0639	-7.4596	32039	Cimadevila
42.0644	-2.0949	26054	Cornago
42.0647	-0.2606	22015	Pueyo de Fañanás
42.0652	2.8462	17056	Sant Andreu del Terri
42.0656	-6.4463	49017	Cerezal de Sanabria
42.0662	-4.0125	09389	Hontoria de Riofranco
42.0662	-6.4098	49112	Lanseros
42.0665	-2.2323	42165	Buimanco
42.0665	2.9074	17050	Cervià de Ter
42.0665	-0.0773	22141	Ponzano
42.0665	-0.6853	22014	Alcalá de Gurrea
42.0666	-2.1925	42165	Vea
42.0667	2.9667	17166	Sobrànigues
42.0667	2.0833	08109	Santa Eulàlia de Puigoriol
42.0667	2.9833	17068	Sant Llorenç de les Arenes
42.0667	2.9500	17166	Sant Jordi Desvalls
42.0667	-8.6333	36055	Rebordanes
42.0667	-8.5333	36050	Porto
42.0667	-8.6000	36055	Páramos
42.0667	2.8000	17123	Palol de Revardit
42.0667	1.9000	08144	Olvan
42.0667	2.5833	17133	Les Encies
42.0667	-8.6167	36055	Guillarei
42.0667	-8.5833	36055	Guillarey
42.0667	2.9667	17067	Flaçà
42.0667	2.2500	08265	Borgonyà
42.0667	-8.5833	36055	Baldranes
42.0667	1.8500	08011	Avià
42.0669	-6.6494	49050	Castro de Sanabria
42.0672	-7.6829	32032	Boado
42.0673	-7.3317	32021	Campobecerros
42.0677	-5.7866	49128	Morales del Rey
42.0677	0.0649	22088	Castillazuelo
42.0678	-5.9363	49206	Moratones
42.0678	-2.0109	26080	Igea
42.0678	0.8818	25904	Cellers
42.0682	-3.3271	09269	Pinilla de los Moros
42.0682	0.5539	22053	Entença
42.0684	2.6520	17172	Granollers de Rocacorba
42.0684	-3.4258	09169	Hortigüela
42.0685	-7.3652	32021	Portocamba
42.0687	-6.5435	49143	Vime de Sanabria
42.0690	1.3135	25149	Oliana
42.0694	-4.2572	34063	Dehesa de Cordovilla
42.0700	-7.7136	32032	Baronzás
42.0702	-3.2688	09330	Arroyo de Salas
42.0703	-4.5890	34079	El Serrón
42.0703	-0.0292	22041	Azara
42.0709	-6.7173	49050	Avedillo de Sanabria
42.0712	-7.5931	32078	Lodoselo
42.0712	-6.5714	49179	Ferreros
42.0714	-0.3849	22125	Lascasas
42.0715	-5.7508	49128	Vecilla de la Polvorosa
42.0716	2.8357	17056	Rabós del Terri
42.0717	-6.6748	49050	Riego de Lomba
42.0717	-5.6064	49187	Santa Colomba de las Carabias
42.0718	2.9243	17050	Raset
42.0720	0.2322	22102	Estada
42.0721	-7.4113	32039	Trez
42.0723	-2.3231	42209	Aldealcardo
42.0725	-6.5112	49017	Villar de los Pisones
42.0725	3.0106	17085	Jafre
42.0730	-6.2749	49150	Peque
42.0732	0.5248	22053	Caladrones
42.0732	-6.7005	49050	Cobreros
42.0735	-6.4610	49017	Ríoconejos
42.0736	-6.0155	49206	Santibáñez de Vidriales
42.0736	-7.8645	32067	Zapeaus
42.0738	-6.6168	49166	Castellanos
42.0741	-5.4026	24181	Valdefuentes
42.0742	-5.7196	49238	San Román del Valle
42.0743	2.2411	08150	La Mambla
42.0743	-5.9633	49206	Bercianos de Vidriales
42.0743	-5.7415	49238	Casas del Villar
42.0744	-4.0255	09389	Retortillo
42.0744	1.0962	25115	Benavent
42.0748	0.9162	25128	Llimiana
42.0748	2.2968	08265	Sant Vicenç de Torelló
42.0748	-7.4801	32039	Villameá
42.0750	-6.6700	49050	Barrio de Lomba
42.0752	-5.9881	49206	Tardemézar
42.0753	-4.5005	34077	Fuentes de Valdepero
42.0755	-3.3080	09269	Piedrahita de Muñó
42.0756	-2.4186	42209	Santa Cecilia
42.0757	-6.4739	49181	Anta de Ríoconejos
42.0757	-2.3508	42209	Villar del Río
42.0759	-3.9129	09437	Villahoz
42.0761	-4.0773	09262	Peral de Arlanza
42.0761	-7.4948	32039	Soutelo Verde
42.0763	0.5491	22053	Ciscar
42.0765	-0.2758	22015	Fañanás
42.0768	-6.5310	49181	Ríonegrito
42.0769	2.0051	08177	Las Euras
42.0771	2.5093	17161	Sant Feliu de Pallerols
42.0772	1.7535	08045	Capolat
42.0772	-7.2146	32034	Venda da Teresa
42.0773	-0.2912	22015	Alcalá del Obispo
42.0776	-0.0828	22141	Lascellas
42.0776	-5.3261	47176	La Unión de Campos
42.0780	-5.6017	49187	San Miguel del Esla
42.0780	-7.6978	32032	Morgade
42.0782	2.7762	17035	Santa María de Camós
42.0783	-2.1118	26054	Valdeperillo
42.0783	-5.4436	24181	Valderas
42.0785	-4.9713	47203	Villafrades de Campos
42.0785	3.1201	17199	Sobrestany
42.0787	-6.5798	49179	Paramio
42.0792	0.8351	25196	Moro
42.0794	-1.8046	31072	Cintruénigo
42.0796	-4.2599	34063	Cordovilla la Real
42.0800	-7.8423	32067	Toxo
42.0801	2.7077	17040	Biert
42.0801	3.0949	17018	Bellcaire d'Empordà
42.0802	3.0558	17195	la Tallada d'Empordà
42.0804	0.2196	22115	Enate
42.0805	2.8352	17056	Santa Leocadia del Terri
42.0810	-5.7285	49220	Paladinos del Valle
42.0814	0.1118	22048	Burceat
42.0817	-6.1872	49120	Molezuelas de la Carballeda
42.0818	-8.5627	36049	Entienza
42.0819	-6.6933	49050	San Román de Sanabria
42.0819	-5.6000	49113	Lordemanos
42.0820	-6.6154	49179	Sampil
42.0822	0.0307	22186	Pozán de Vero
42.0825	-6.5941	49179	Robleda-Cervantes
42.0825	-5.1250	47199	Villacid de Campos
42.0831	-5.7697	49075	Fresno de la Polvorosa
42.0831	-6.3567	49112	Dornillas
42.0833	2.9333	17216	Viladasens
42.0833	-8.3833	36034	Vide
42.0833	-8.6000	36049	Soutelo
42.0833	-8.4000	36034	Setados
42.0833	2.3000	08233	Sant Pere de Torelló
42.0833	1.9667	08177	Sant Maurici de la Quar
42.0833	2.1333	08195	Sant Agustí de Lluçanès
42.0833	-8.5000	36050	Salvatierra de Miño
42.0833	-7.0000	49154	Pías
42.0833	-8.6500	36055	Pazos de Reis
42.0833	-2.6000	26091	Pajares
42.0833	-8.4667	36050	Oleiros
42.0833	-8.4333	36034	Liñares
42.0833	-4.7833	34076	Fuentes de Nava
42.0833	2.8167	17056	Cornellà del Terri
42.0833	2.9833	17055	Colomers
42.0833	-8.5500	36049	Cabreira
42.0833	-7.1167	32086	Bouza
42.0835	-8.7413	36021	Couso
42.0836	-2.1488	42165	Villarijo
42.0836	-7.8350	32067	Rairiz de Veiga
42.0837	0.8069	25196	L'Alsina
42.0839	-6.6423	49085	El Puente
42.0843	2.8820	17218	Vilafreser
42.0847	-4.2065	34141	Quintana del Puente
42.0848	-2.4095	42209	Villar de Maya
42.0850	-5.8085	49203	Santa María de la Vega
42.0850	-7.2013	32034	Carracedo da Serra
42.0852	-4.4340	34108	Villajimena
42.0857	-3.3587	09184	Jaramillo Quemado
42.0858	2.5412	17133	Cogolls
42.0860	2.2466	08150	Saderra
42.0861	-7.5316	32039	Carraxo
42.0862	0.9552	25128	Aransís
42.0862	-7.7850	32090	O Barrio
42.0862	0.1763	22908	Costeán
42.0864	-7.7967	32090	Vilar de Santos
42.0866	-6.1448	49225	Uña de Quintana
42.0868	-7.4889	32039	Castro
42.0869	-7.3965	32039	Cerdedelo
42.0872	-7.6510	32032	Solveira
42.0872	-4.8338	34019	Autillo de Campos
42.0873	-8.4139	36034	Nieves
42.0878	2.7629	17035	Camós
42.0878	-6.6606	49085	Llanes
42.0878	-7.6035	32078	Sarreaus
42.0881	-0.3820	22156	Molinos
42.0883	-0.7759	50902	Marracos
42.0883	-7.6320	32032	Piñeira Seca
42.0885	-7.9773	32084	Portela
42.0887	-6.5345	49181	Rosinas de la Requejada
42.0887	-4.6138	34237	Villaumbrales
42.0888	-7.6777	32032	A Pena
42.0889	-2.2170	42165	Valdemoro de San Pedro Manrique
42.0891	3.0674	17195	Tor
42.0892	-7.8763	32067	Candás
42.0892	-3.2579	09330	Hoyuelos de la Sierra
42.0892	-2.7541	42121	Montenegro de Cameros
42.0893	-7.5869	32078	Freijo
42.0895	-5.9822	49206	Rosinos de Vidriales
42.0897	-7.7749	32077	Vilariño das Poldras
42.0902	2.5869	17183	Sant Aniol de Finestres
42.0902	-7.9168	32084	Sanguñedo
42.0905	-4.5271	34088	Husillos
42.0906	-5.7237	49220	La Torre del Valle
42.0910	-6.7231	49050	Sotillo de Sanabria
42.0912	-6.4180	49062	Carbajales de la Encomienda
42.0917	0.8771	25904	Guàrdia de Tremp
42.0917	-0.1935	22064	Torres de Montes
42.0922	3.0477	17195	Marenyà
42.0924	-7.9307	32084	Orille de Arriba
42.0929	-5.5974	49113	Bariones de la Vega
42.0930	-6.7081	49050	Limianos de Sanabria
42.0930	0.3768	22117	Juseu
42.0934	-6.3277	49112	Donadillo
42.0934	-8.0402	32084	Bangueses de Abajo
42.0936	-6.6808	49050	Quintana de Sanabria
42.0936	-6.6532	49085	Rabanillo
42.0940	-7.0451	32086	Vilaseco da Serra
42.0940	-2.5846	26091	San Andrés
42.0943	-0.0459	22042	Azlor
42.0944	-7.6252	32078	Perrelas
42.0945	-0.3564	22156	Monflorite
42.0945	-3.4619	09200	Mambrillas de Lara
42.0947	2.9039	17216	Fallinas
42.0949	-3.6936	09386	Torrecilla del Monte
42.0951	-7.4350	32039	Toro
42.0951	-2.8330	26179	Viniegra de Arriba
42.0951	-3.1034	09414	Tolbaños de Arriba
42.0952	-4.1304	34121	Palenzuela
42.0954	-3.5739	09208	Mecerreyes
42.0954	-6.5900	49179	Cervantes
42.0957	2.7884	17056	Cors
42.0959	-2.1701	42165	Armejún
42.0961	-2.3779	42218	Vellosillo
42.0965	0.3399	22117	Aguinalíu
42.0972	-8.8938	36036	As Mariñas
42.0973	-6.4673	49181	Gusándanos
42.0975	2.4939	17161	Sant Miquel de Pineda
42.0976	-7.0094	32086	Sever
42.0978	-7.8745	32067	Gándara
42.0981	-7.8918	32084	Pitelos
42.0981	-6.6222	49179	Valdespino
42.0983	-5.8580	49243	Villaferrueña
42.0985	2.8715	17218	Les Olives
42.0987	2.8716	17218	Olives
42.0990	-7.0289	32086	Castiñeira
42.0990	-5.2180	47015	Becilla de Valderaduey
42.0991	-5.2822	47177	Urones de Castroponce
42.0991	-0.9812	50100	Paúles
42.0992	-3.1404	09414	Tolbaños de Abajo
42.0994	-6.0191	49206	San Pedro de la Viña
42.0998	-8.5728	36049	Parderrubias
42.0999	-3.4044	09430	Villaespasa
42.0999	-5.0344	47214	Villalón de Campos
42.1000	3.0000	17232	Vilopriu
42.1000	-7.2333	32092	Pentes
42.1000	-8.4167	36034	Tortoreos
42.1000	-8.3500	36001	Sela
42.1000	2.2333	08237	Sant Quirze de Besora
42.1000	-8.3833	36034	Ribarteme
42.1000	-8.6333	36039	Ribadelouro
42.1000	-8.7333	36021	Peitieiros
42.1000	2.7667	17035	Miànigues
42.1000	-8.7833	36021	Mañufe
42.1000	3.0167	17076	Les Olives
42.1000	1.9833	08177	la Quar
42.1000	3.0333	17076	Garrigoles
42.1000	-2.2667	26058	Garranzo
42.1000	2.9667	17232	Gaüses
42.1000	-8.4667	36050	Fiolledo
42.1000	2.6667	17174	Falgons
42.1000	-8.7833	36021	Donas
42.1000	-8.5833	36049	Budiño
42.1000	2.8000	17056	Borgonyà
42.1000	-8.8167	36003	Belesar
42.1000	-8.3333	36001	Barcela
42.1000	-8.8500	36003	Baíña
42.1005	-7.7687	32077	Couso de Limia
42.1005	0.0835	22202	Salas Bajas
42.1009	-8.0514	32084	Bangueses de Arriba
42.1011	-6.4120	49062	Letrillas
42.1014	-0.6723	22014	Colonia de Tormos
42.1014	2.7117	17137	Pujarnol
42.1017	-6.5565	49181	Santiago de la Requejada
42.1017	2.4497	17207	els Hostalets d'en Bas
42.1017	-2.3399	42218	Yanguas
42.1019	-8.5611	36049	A Esfarrapada
42.1019	-6.0344	49018	Carracedo
42.1024	-6.4904	49181	Monterrubio
42.1024	-7.6641	32032	Trandeiras
42.1026	-5.7333	49159	Pobladura del Valle
42.1030	-7.8107	32090	Parada de Outeiro
42.1033	-6.4054	49062	Utrera de la Encomienda
42.1036	-3.2670	09478	Vizcaínos
42.1038	-8.5989	36039	Budiño
42.1039	3.0843	17004	Albons
42.1043	2.7760	17137	Mata
42.1043	1.8463	08022	Berga
42.1043	-2.3972	42209	Camporredondo
42.1044	-6.6625	49085	Galende
42.1045	-2.4143	42209	Diustes
42.1046	-7.8636	32067	Lampaza
42.1048	-2.6219	26091	Lumbreras
42.1048	-8.0128	32084	Cexo
42.1050	-5.6416	49113	Matilla de Arzón
42.1053	0.9216	25128	Sant Cerni
42.1053	-7.0503	32086	Dradelo
42.1054	2.8187	17056	Pujals dels Cavallers
42.1056	-3.7654	09443	Villamayor de los Montes
42.1059	0.4821	22053	Benavarri / Benabarre
42.1059	-3.8262	09480	Zael
42.1060	1.0992	25115	Biscarri
42.1062	-6.6026	49179	San Juan de la Cuesta
42.1065	-8.0009	32084	Verea
42.1067	-8.8734	36003	Baredo
42.1068	-7.1018	32086	Pijeiros
42.1069	-6.3604	49134	Gramedo
42.1074	-0.3015	22015	Ola
42.1076	-5.8944	49015	Arrabalde
42.1080	-8.0797	32066	Jacébanes
42.1081	-6.6358	49224	Villarino de Sanabria
42.1082	-8.7731	36021	Verdeal
42.1084	-1.9987	26070	Grávalos
42.1084	-4.6415	34029	Becerril de Campos
42.1085	-7.8413	32067	Sabariz
42.1093	-0.3621	22125	Bellestar
42.1101	-5.9962	49079	Fuente Encalada
42.1106	-8.5509	36049	Santa María de Salceda
42.1111	-0.1530	22027	Angüés
42.1114	2.8192	17056	Pujals dels Pagesos
42.1114	-8.5652	36049	Venda Nova
42.1116	-8.7497	36021	Gondomar
42.1116	-8.8173	36035	A Ramallosa
42.1119	0.1565	22908	Guardia
42.1121	2.5931	17183	Santa Maria de Finestres
42.1123	-7.7568	32077	Sandiás
42.1124	2.1608	08272	Sora
42.1125	0.4262	22053	Aler
42.1125	-6.6192	49189	Rozas
42.1128	-5.7847	49105	Maire de Castroponce
42.1131	2.8518	17218	Vilamarí
42.1138	-2.6741	26177	Villoslada de Cameros
42.1141	0.0682	22201	Salas Altas
42.1142	-7.8568	32067	Azureiros
42.1142	-3.1472	09414	Huerta de Abajo
42.1147	-3.5295	09208	Mazariegos
42.1147	-3.3124	09183	Jaramillo de la Fuente
42.1147	0.5649	22053	Tolba / Tolva
42.1150	0.0147	22906	Huerta de Vero
42.1151	-1.7856	31077	Corella
42.1153	2.8778	17218	San Esteban de Guialbes
42.1154	-7.3963	32039	Camba
42.1154	-3.1996	09414	Quintanilla de Urrilla
42.1155	-5.8132	49052	Coomonte
42.1155	0.6932	22247	Girbeta
42.1158	-7.1136	32086	O Castro
42.1160	-4.4928	34108	Monzón de Campos
42.1162	-6.3942	49062	Espadañedo
42.1165	-5.5985	24054	Cimanes de la Vega
42.1167	-8.7500	36021	Vilaza
42.1167	-2.6333	26091	Villasolada de Cameros
42.1167	-7.9167	32014	Sorga
42.1167	2.5333	17161	Sant Iscle de Colltort
42.1167	-8.5667	36049	Salceda
42.1167	-8.4167	36034	Rubiós
42.1167	-8.4000	36034	Ribarteme
42.1167	-8.3833	36034	Ribarteme
42.1167	-8.4833	36050	Pesqueiras
42.1167	-8.6500	36039	Mosende
42.1167	-8.7167	36021	Morgadáns
42.1167	2.2167	08131	Montesquiu
42.1167	-8.1500	32056	Monterredondo
42.1167	-8.4333	36034	Meder
42.1167	-7.9500	32084	Domés
42.1167	-8.4667	36050	Corzanes
42.1167	-8.6500	36039	Chenlo
42.1167	-8.7333	36021	Chaín
42.1167	-8.3333	36001	Cabeiras
42.1167	-8.8500	36003	Baiona
42.1167	2.7667	17015	Banyoles
42.1167	-8.3167	36001	Arbo
42.1167	-8.5333	36050	Alján
42.1167	-3.0821	09173	Huerta de Arriba
42.1168	2.7414	17137	Porqueres
42.1171	-7.9544	32084	Gontán
42.1172	-6.6695	49085	Pedrazales
42.1172	-7.6453	32078	Cortegada
42.1173	-0.9502	50100	Erla
42.1175	-3.1845	09414	Vallejimeno
42.1176	1.0462	25098	Isona
42.1177	-0.4708	22125	Cuarte
42.1181	2.4568	17207	Sant Esteve d'en Bas
42.1181	2.8892	17218	Terradelles
42.1181	-6.9570	49154	Barjacoba
42.1188	-3.2280	09039	Barbadillo del Pez
42.1188	1.0123	25098	Conques
42.1188	-5.9555	49244	Villageriz
42.1193	2.1014	08004	Alpens
42.1195	-3.4274	09066	Campolara
42.1196	-7.0792	32086	Villardemilo
42.1198	-3.9406	09198	Mahamud
42.1202	-4.0775	09418	Valles de Palenzuela
42.1206	-0.2058	22027	Velillas
42.1209	-8.5129	36042	Nogueira
42.1209	-0.0687	22001	Abiego
42.1210	2.9032	17016	la Casa Marroca
42.1212	-0.8037	50207	Piedratajada
42.1214	2.9367	17187	Llampaies
42.1215	2.4201	17207	Joanetes
42.1217	-6.6541	49224	Trefacio
42.1217	-7.0570	32086	Tabazoa de Humoso
42.1218	-2.2085	26058	Navalsaz
42.1219	3.0021	17232	Valldeviá
42.1220	-5.5719	49113	Villafer
42.1221	-2.1675	26100	Ambas Aguas
42.1223	-7.8329	32067	Guillamil
42.1225	2.6385	17105	Mieres
42.1226	2.9631	17222	Camallera
42.1226	0.8391	25904	Vilamolat de Mur
42.1228	2.3098	17212	Vidrà
42.1230	1.7738	08050	Castellar del Riu
42.1230	-7.5523	32039	Alberguería
42.1231	1.5181	25148	Canalda
42.1232	-2.5956	26091	El Horcajo
42.1233	0.9208	25234	Gabet
42.1234	-3.4455	09191	Lara de los Infantes
42.1238	-6.4541	49181	Villarejo de la Sierra
42.1239	-0.2807	22222	Siétamo
42.1242	-3.8588	09466	Villahizán
42.1242	-8.5595	36049	Picoña
42.1244	-3.4811	09200	Quintanilla de las Viñas
42.1244	-3.7251	09197	Madrigalejo del Monte
42.1246	2.9069	17016	Orriols
42.1247	-3.3947	09430	Rupelo
42.1248	-4.9524	47073	Herrín de Campos
42.1248	-7.1789	32086	Fornelos de Filloás
42.1249	-6.1634	49057	Cubo de Benavente
42.1251	-2.3346	42218	La Vega
42.1254	-7.0037	32086	Cepedelo
42.1256	3.1326	17062	l'Escala
42.1256	-8.1051	32066	Mociños
42.1257	-6.3581	49134	Donado
42.1263	-7.1283	32086	Pradocabalos
42.1263	-1.1372	50095	Ejea de los Caballeros
42.1265	-5.1825	47046	Castroponce
42.1265	-7.6080	32078	Bresmaus
42.1270	2.2585	08253	Santa Maria de Besora
42.1271	0.6424	22247	Lliterà
42.1278	-6.1038	49018	Congosta
42.1279	-5.9218	49004	Alcubilla de Nogales
42.1282	-8.0946	32066	Leirado
42.1284	-6.3372	49134	Muelas de los Caballeros
42.1284	0.6156	22229	Viacamp
42.1287	-1.5815	31232	Murillo de las Limas
42.1288	0.5513	22053	Corones
42.1290	0.5358	22053	Segarres Baixes
42.1298	-3.1475	09414	Bezares
42.1301	-3.5684	09119	Cuevas de San Clemente
42.1303	-6.5018	49181	Carbajalinos
42.1303	-7.0742	32086	Hermida
42.1303	-5.7290	24141	San Adrián del Valle
42.1304	-6.3943	49062	Faramontanos de la Sierra
42.1304	-6.0655	49018	Ayoó de Vidriales
42.1305	-2.0690	26173	Villarroya
42.1308	-2.3176	42218	Lería
42.1308	-2.9857	26175	Villavelayo
42.1309	0.3787	22117	Torres del Obispo
42.1311	-5.0917	47026	Bustillo de Chaves
42.1313	-1.3093	50095	Valareña
42.1318	-4.4262	34011	Valdespina
42.1320	3.0443	17217	Palau-borrell
42.1320	3.1212	17062	Empúries
42.1323	-7.9428	32024	Feal
42.1324	2.9774	17187	Saus
42.1327	0.9992	25098	Figuerola de Orcau
42.1330	-7.2065	32092	Entrecinsa
42.1330	3.0755	17217	Viladamat
42.1330	-3.9728	09350	Santa María del Campo
42.1332	-5.1358	47026	Gordaliza de la Loma
42.1332	-6.6239	49189	San Justo
42.1333	-8.4333	36034	Taboeja
42.1333	-8.4667	36050	Sotolobre
42.1333	2.5333	17161	Sant Miquel Sacot
42.1333	2.6833	17174	Sant Miquel de Campmajor
42.1333	1.6000	25193	Sant Llorenç de Morunys
42.1333	-8.2333		Ribeira
42.1333	-6.7500	49085	Ribadelago
42.1333	-0.7333	22014	Puipullín
42.1333	-8.6333	36039	Pontellas
42.1333	-8.7667	36035	Parada
42.1333	-8.1500	32056	Padrenda
42.1333	-8.0167	32024	Milmanda
42.1333	-8.4833	36050	Lourido
42.1333	-8.4500	36050	Leirado
42.1333	-8.4833	36050	Fornelos
42.1333	2.8000	17071	Fontcoberta
42.1333	-8.1500	32056	Crespos
42.1333	-8.3667	36034	Cerdeira
42.1333	-8.2500		Cequelinos
42.1333	-8.6000	36039	Atios
42.1333	-7.9538	32024	Cañón
42.1336	-0.3549	22228	Tierz
42.1336	-2.1117	26100	Muro de Aguas
42.1337	-4.9095	34081	Guaza de Campos
42.1339	-7.6041	32078	Pazos
42.1344	-7.0654	32086	Humoso
42.1345	-7.5222	32089	Prado
42.1348	-8.0011	32084	Albos
42.1348	-7.0946	32086	Solveira
42.1349	3.1127	17062	la Coma
42.1351	0.2407	22115	Artasona
42.1356	-5.4018	24078	Gordoncillo
42.1356	1.9943	08024	Borredà
42.1360	-2.2420	26058	El Villar
42.1360	-8.0193	32024	A Arrotea
42.1362	-0.4087	22125	Huesca
42.1362	-0.4694	22125	Banariés
42.1362	-3.3451	09340	San Millán de Lara
42.1365	-6.7219	49085	San Martín de Castañeda
42.1367	2.1383	17096	Sant Martí de Vinyoles
42.1368	-0.1286	22081	Junzano
42.1368	-7.9418	32024	Ansemil
42.1368	-6.6915	49085	Vigo de Sanabria
42.1369	-0.2204	22222	Liesa
42.1369	1.9316	08299	Vilada
42.1372	-5.3142	47040	Castrobol
42.1373	3.1001	17062	Cinc Claus
42.1373	-7.7774	32001	Coedo
42.1373	-6.5642	49181	Doney de la Requejada
42.1377	-4.8411	34072	Frechilla
42.1383	-7.7618	32077	Piñeira de Arriba
42.1385	-7.1391	32086	Bembibre
42.1386	-7.9307	32015	A Veiga
42.1386	-7.0545	32086	Villardegoya
42.1387	-5.8349	24003	Alija de los Melones
42.1389	2.8882	17218	Vilademuls
42.1389	-3.4636	09191	Vega de Lara
42.1394	-8.1800	32056	Coucieiro
42.1394	-6.6588	49224	Cerdillo
42.1397	-8.1013	32066	Quintela de Leirado
42.1397	0.5251	22053	Segarres Altes
42.1398	3.1181	17062	Sant Martí d'Empúries
42.1401	1.3896	25148	Cambrils
42.1402	0.1330	22908	Hoz de Barbastro
42.1405	-7.7593	32077	Piñeira de Abaixo
42.1408	-6.6652	49224	Murias
42.1408	2.4285	17207	Puigpardines
42.1414	1.0403	25098	Sant Romá de Abella
42.1414	0.0407	22906	Buera
42.1415	-8.8066	36035	Nigrán
42.1416	-7.6042	32078	Codosedo
42.1419	-6.2327	49097	Villalverde
42.1419	0.3619	22117	Pueyo de Marguillén
42.1420	-3.5052	09200	Cubillejo
42.1422	-5.4935	24032	Campazas
42.1423	-3.0246	26038	Canales de la Sierra
42.1424	-7.8934	32014	San Martiño de Berredo
42.1425	-7.0634	32086	Quintela de Humoso
42.1429	3.1150	17062	el Riuet
42.1432	-7.0901	32086	Seoane de Arriba
42.1433	0.1676	22115	Coscojuela de Fantova
42.1436	-0.4574	22125	Huerrios
42.1438	2.9542	17222	Vilaür
42.1439	-7.2008	32092	Sabuguido
42.1441	-6.6086	49189	Rábano de Sanabria
42.1441	-7.9065	32014	O Castro
42.1443	2.5712	17184	Santa Pau
42.1444	-4.0953	34242	Villodrigo
42.1446	-3.6757	09196	Madrigal del Monte
42.1447	-8.2525	36014	Albeos
42.1450	-5.5970	24221	Villaquejida
42.1451	2.4602	17139	les Preses
42.1451	3.0709	17210	Pelacalç
42.1452	3.0647	17210	Mas Gros
42.1453	-2.6182	26169	Aldeanueva de Cameros
42.1454	-7.9789	32024	Amoroce
42.1458	-4.2401	34186	Valbuena de Pisuerga
42.1459	0.2877	22187	La Puebla de Castro
42.1461	-0.0080	22003	Adahuesca
42.1467	-4.1338	09091	Revilla-Vallegera
42.1468	-0.4263	22125	Estrecho Quinto
42.1471	-8.0836	32066	Ríomolinos
42.1471	0.9186	25234	Vilamitjana
42.1472	-6.9666	32086	Pradorramisquedo
42.1473	-3.4461	09191	La Aceña
42.1473	0.8954	25234	Palau de Noguera
42.1473	-0.2644	22222	Castejón de Arbaniés
42.1475	-7.7562	32077	Arcos
42.1480	-0.3605	22195	Quicena
42.1485	-7.0967	32086	Seoane de Abajo
42.1486	-7.8814	32014	San Miguel de Berredo
42.1486	-6.2959	49097	Justel
42.1488	-0.6562	22905	Montmesa
42.1489	-7.2352	32092	Edrada
42.1489	-3.1134	09414	Monterrubio de Demanda
42.1491	-5.0955	47219	Villanueva de la Condesa
42.1491	-3.4667	09191	Paúles de Lara
42.1492	3.0263	17210	Ventalló
42.1495	-2.2695	26058	Enciso
42.1495	-3.3233	09340	Iglesiapinta
42.1496	-6.6201	49189	Barrio de Rábano
42.1496	2.4398	17207	el Mallol
42.1497	-3.1770	09037	Barbadillo de Herreros
42.1497	3.0216	17210	els Masos de Ventalló
42.1499	2.4090	17207	Sant Privat d'en Bas
42.1500	-8.7333	36021	Vincios
42.1500	-8.4333	36050	Vilacoba
42.1500	-8.6333	36039	Torneiros
42.1500	2.6167	17184	el Sallent
42.1500	2.8000	17065	Centenys
42.1500	2.4833	17207	Sant Miquel del Corb
42.1500	2.5833	17184	Sant Martí
42.1500	-7.2333	32092	San Mamede
42.1500	-8.2167	36014	Quintela
42.1500	-8.8333	36035	Panxón
42.1500	-8.4833	36042	Oliveira
42.1500	-8.5000	36042	Moreira
42.1500	-8.4667	36050	Lira
42.1500	-8.1333	32056	A Torre
42.1500	2.1167	17096	les Llosses
42.1500	-8.5500	36042	Gulanes
42.1500	-2.8667	26164	Gallinés
42.1500	-8.2000	36014	Freijo
42.1500	-8.1833	36014	Desteriz
42.1500	-8.5167	36042	Cristiñade
42.1500	-8.7667	36035	Camos
42.1500	-8.4167	36034	Batallanes
42.1500	-8.4000	36034	Batallanes
42.1500	-7.1066	32086	Caldesiños
42.1502	2.7585	17137	Usall
42.1504	-7.7815	32001	Torneiros
42.1505	-7.9146	32014	Santa Baia de Berredo
42.1506	-2.8893	26178	Viniegra de Abajo
42.1510	0.2234	22115	El Grado
42.1513	0.6951	22188	el Pont de Montanyana / Puente de Montañana
42.1516	-7.1931	32092	Soutogrande
42.1519	0.4024	22053	Castarlenas
42.1519	0.2225	22115	El Grado
42.1519	-8.0158	32024	Acevedo del Río
42.1520	2.9249	17016	Calabuig
42.1521	-3.1976	09318	Riocavado de la Sierra
42.1523	-3.5450	09030	Cubillo del César
42.1523	-7.9146	32014	A Bola
42.1523	-8.2218	36014	Crecíente
42.1525	-4.5165	34155	Ribas de Campos
42.1525	0.9518	25234	Suterraña
42.1525	-0.7577	50220	Puendeluna
42.1530	-7.9551	32024	Celanova
42.1531	-6.2785	49097	Quintanilla
42.1534	-2.9450	26175	Mansilla
42.1534	-6.6359	49189	Coso
42.1536	2.8331	17218	Ollés
42.1537	-4.6919	34123	Paredes de Nava
42.1540	-7.9426	32024	Mourillós
42.1544	-7.0595	32086	San Agustín
42.1547	2.4738	17139	Pocafarina
42.1547	-7.0529	32086	Rubiales
42.1549	-3.6471	09196	Tornadijo
42.1550	3.0698	17210	Montiró
42.1554	-2.1103	26018	Turruncún
42.1555	-8.6380	36039	Pereira
42.1555	-0.1399	22081	Casbas de Huesca
42.1555	0.5770	22053	Lluçars
42.1556	-3.7457	09197	Montuenga
42.1557	-4.2594	34213	Villalaco
42.1559	2.9895	17176	Sant Mori
42.1559	-5.1421	47208	Villagómez la Nueva
42.1565	-5.7458	24117	Saludes de Castroponce
42.1566	2.0339	08024	Palmerola
42.1566	-7.0905	32086	Mosejos
42.1570	-2.8504	26164	Ventrosa
42.1575	0.2667	22214	Ubiergo
42.1575	-7.1926	32092	Soutelo
42.1581	-3.9324	09101	Ciadoncha
42.1582	-0.8548	50276	Valpalmas
42.1583	-3.8636	09466	Revenga
42.1590	2.4688	17139	Bosc de Tosca
42.1594	0.3678	22117	La Puebla del Mon
42.1597	-2.2859	26058	La Escurquilla
42.1597	-6.4086	49062	Vega del Castillo
42.1598	-4.5721	34127	Villaldavín
42.1598	-7.9321	32024	Quintas
42.1600	-5.9306	24146	San Esteban de Nogales
42.1600	2.9103	17016	Bàscara
42.1601	2.6460	17162	El Torn
42.1604	-4.0502	09467	Villaverde-Mogina
42.1605	-7.6111	32089	Vilar de Barrio
42.1605	-7.8962	32014	Podentes
42.1607	-4.1459	09446	Villamedianilla
42.1608	-3.8142	09466	Villaverde del Monte
42.1608	-0.2086	22126	Ibieca
42.1608	0.6783	22188	Montanyana
42.1612	-7.8748	32014	Pardavedra
42.1614	-0.3234	22150	Loporzano
42.1614	3.0365	17210	Valveralla
42.1614	3.0448	17210	l'Arbre Sec
42.1616	-8.6198	36039	Porriño
42.1616	1.0923	25001	Abella de la Conca
42.1619	-5.0579	47064	Fontihoyuelo
42.1620	-8.2634	36009	Valeije
42.1620	-0.6260	22905	Ortilla
42.1621	-7.0970	32086	Pinza
42.1622	-0.0833	22058	Bierge
42.1625	-0.2486	22222	Arbaniés
42.1626	-7.7388	32036	A Graña
42.1630	-0.1481	22081	Sieso de Huesca
42.1631	-0.0316	22001	Alberuela de la Liena
42.1633	0.2550	22214	Bolturina
42.1634	-5.8141	24117	Altobar de la Encomienda
42.1635	-8.0322	32068	Rubiás
42.1635	-0.2973	22150	Bandaliés
42.1636	2.9583	17075	les Cases Noves
42.1638	-7.8986	32014	O Prado
42.1639	-8.1715	36014	Condado
42.1640	-7.0491	32086	Paradela
42.1642	-7.7887	32001	O San Salvador
42.1645	-4.5309	34155	Calahorra de Campos
42.1646	-8.1384	32064	Puentedeva
42.1646	-7.9276	32024	Orga
42.1646	-2.7945	26032	Brieva de Cameros
42.1647	3.0085	17210	Vila-robau
42.1647	-0.4637	22019	Alerre
42.1648	-7.0717	32086	Lozariegos
42.1648	-7.9058	32014	Alvarín
42.1652	2.0678	17096	Viladonja
42.1657	2.9347	17075	Vilajoan
42.1661	-4.1002	09316	Vizmalo
42.1662	-5.8257	24003	La Nora
42.1663	-3.4149	09476	Quintanilla-Cabrera
42.1664	-7.8399	32001	Seoane
42.1665	-7.1249	32086	San Cipriano
42.1665	-7.9548	32024	Vilanova
42.1667	-7.1833	32092	Vilariño
42.1667	-8.2167	36014	Villar
42.1667	-8.8000	36057	Saiáns
42.1667	-8.8000	36035	Priegue
42.1667	-8.0500	32068	Penosiños
42.1667	-7.8333	32001	Pazó
42.1667	2.9000	17218	Parets d'Empordà
42.1667	-7.1667	32092	A Veiguiña
42.1667	2.8333	17065	Las Angladas
42.1667	1.8833	08142	la Nou de Berguedà
42.1667	-8.4167	36050	Guillade
42.1667	-8.4833	36042	Fontenla
42.1667	2.8000	17065	Esponellà
42.1667	-8.0833	32033	O Pau
42.1667	-8.7500	36035	Chandebrito
42.1667	-8.6667	36033	Cela
42.1667	-8.5833	36039	Cans
42.1667	-7.6333	32089	Bóveda
42.1667	-7.9333	32024	Bobadela
42.1667	-8.5500	36042	Arnoso
42.1667	-8.5000	36042	Angoares
42.1667	-3.5169	09388	Torrelara
42.1669	-5.2630	47084	Mayorga
42.1670	0.8949	25234	Tremp
42.1671	-2.4875	26004	Ajamil
42.1671	-3.3977	09381	Tañabueyes
42.1672	-2.6504	26169	Villanueva de Cameros
42.1674	-6.8993	49162	Porto
42.1675	-8.4522	36042	Celeiros
42.1676	-0.9329	50151	Luna
42.1679	2.9552	17075	Arenys d'Empordà
42.1679	-5.1589	47028	Cabezón de Valderaduey
42.1680	3.0131	17198	Palol
42.1681	-4.8406	34103	Mazuecos de Valdeginate
42.1682	-8.0310	32068	Mosteiro
42.1685	-5.7130	24005	Audanzas del Valle
42.1685	-3.6103	09114	Cubillo del Campo
42.1687	-4.0128	09047	Belbimbre
42.1687	-3.4416	09476	Villoruebo
42.1688	0.1206	22908	Salinas de Hoz
42.1691	-1.6895	31070	Castejón
42.1692	-7.0913	32086	Pontón
42.1695	-8.1831	36014	Sendelle
42.1695	-0.8042	50033	Casas de Esper
42.1695	2.8804	17218	Parets de Dalt
42.1696	2.4994	17114	Sant Cristòfol de les Fonts
42.1699	-8.0100	32068	Paizás
42.1702	-8.0384	32068	Villameá de Ramirás
42.1702	2.7439	17190	Serinyà
42.1702	-7.9055	32014	Soutomel
42.1703	-0.4517	22096	Chimillas
42.1704	-7.1478	32086	Fradelo
42.1709	1.1627	25001	Boixols
42.1709	3.0628	17210	Saldet
42.1710	-5.7681	24117	Pozuelo del Páramo
42.1713	0.0681	22090	Colungo
42.1715	3.0744	17011	l'Armentera
42.1717	-2.4175	26132	Avellaneda
42.1720	2.9926	17175	Sant Miquel de Fluvià
42.1721	-6.5716	49181	Escuredo
42.1723	-2.6179	26067	Gallinero de Cameros
42.1723	2.8668	17218	Orfes
42.1723	-3.7094	09406	Valdorros
42.1723	-7.0251	32086	Penouta
42.1724	-7.0606	32086	Santa Mariña de Froxais
42.1727	0.0259	22024	Alquézar
42.1729	-3.3629	09381	Tinieblas
42.1729	1.9453	08057	Castell de l'Areny
42.1729	-0.0047	22024	Radiquero
42.1730	-2.6817	26112	Peñaloscintos
42.1731	-4.4702	34011	Amusco
42.1733	-6.6596	49189	San Ciprián
42.1734	-8.1449	32064	Trado
42.1736	-7.2774	32092	Pradoalbar
42.1737	2.9647	17119	Santa Eulàlia
42.1738	-3.5345	09314	Quintanalara
42.1738	-2.3718	26004	Larriba
42.1739	2.4442	17207	La Pinya
42.1746	-2.5428	26082	Laguna de Cameros
42.1746	-0.5826	22905	Lupiñén
42.1747	-5.1902	47211	Villalba de la Loma
42.1747	1.3169	25077	Coll de Nargó
42.1748	-8.5040	36042	Ponteareas
42.1748	1.5896	25163	La Coma
42.1749	-5.6745	24005	Grajal de Ribera
42.1752	3.0402	17198	Torroella de Fluvià
42.1753	0.0527	22090	Asque
42.1754	-0.2995	22150	Ayera
42.1754	-7.8579	32047	Corvillón
42.1756	-7.1994	32092	Castiñeira
42.1757	-2.7051	26112	Ortigosa
42.1758	-4.0072	09041	Barrio de Muñó
42.1758	-0.1170	22058	San Román
42.1763	-7.7104	32036	Abeleda
42.1765	-7.0854	32086	Punjeiro
42.1766	-3.8015	09448	Villafuertes
42.1766	-2.6418	26118	Pradillo
42.1770	2.9076	17136	Romanyà d'Empordà
42.1773	-8.6080	36039	Carracido
42.1774	2.9692	17119	Palau
42.1776	-1.5972	31032	Arguedas
42.1778	-5.4461	24074	Fuentes de Carbajal
42.1783	-3.4685	09476	Mazueco
42.1785	-0.2677	22150	Sipán
42.1785	-4.3715	34017	Palacios del Alcor
42.1786	-5.6898	24005	La Antigua
42.1787	0.7829	25234	Claramunt
42.1787	-8.0254	32068	Freá de Eiras
42.1788	1.2282	25077	Sallent
42.1788	-7.6906	32036	Bobadela
42.1788	-7.1731	32092	Conso
42.1789	-7.4992	32089	Rebordechao
42.1789	-7.6377	32089	Padreda
42.1795	-7.1122	32086	Viana do Bolo
42.1795	-7.8441	32001	San Torcuato
42.1795	-4.9698	34035	Boadilla de Ríoseco
42.1796	-3.7742	09448	Villangómez
42.1800	-7.9841	32068	Casardeita
42.1802	-7.0462	32086	Froxais
42.1803	-1.7502	26011	Alfaro
42.1804	2.5163	17114	Batet de la Serra
42.1806	-7.0709	32086	San Martín
42.1806	-5.5940	24211	Villamandos
42.1808	-4.5712	34127	Villafruela
42.1809	-0.4519	22047	Banastás
42.1810	2.4901	17114	Olot
42.1810	-0.7534	22063	Presa del Gállego
42.1810	1.8360	08080	Figols
42.1811	0.2674	22214	Secastilla
42.1812	-7.6101	32089	Maus
42.1813	2.6290	17162	La Miana
42.1821	3.0093	17198	Sant Tomàs de Fluvià
42.1821	-8.4936	36042	Canedo
42.1824	-4.1516	09417	Vallegera
42.1825	-8.1852	36014	Angudes
42.1826	-5.4581	24074	Carbajal de Fuentes
42.1829	3.0924	17178	Bon Relax
42.1829	-2.3430	26181	Zarzosa
42.1832	-8.3606	36009	Franqueira
42.1833	-8.7167	36057	Valadares
42.1833	-8.6333	36033	Sanguiñeda
42.1833	-7.0833	32086	San Esteban
42.1833	2.9000	17136	Romanyà
42.1833	-8.6333	36033	Petelos
42.1833	-8.0500	32068	Penosiños
42.1833	-8.3333	36009	Parada de Achas
42.1833	-8.4833	36042	Oliveira
42.1833	-8.4500	36042	Oliveira
42.1833	-8.4000	36030	Mouriscados
42.1833	-2.8833	26178	Lacorzana
42.1833	2.7167	17162	Juinyà
42.1833	-8.5333	36042	Xinzo
42.1833	2.8000	17058	Crespià
42.1833	-8.2500	36009	Couto
42.1833	-8.7833	36057	Coruxo
42.1833	-8.1333	32027	Balongo
42.1833	-8.5333	36042	Áreas
42.1833	-8.4667	36042	Arcos
42.1836	-6.1902	24047	Castrocontrigo
42.1838	-7.9505	32024	Viveiro
42.1841	-7.6283	32089	Seiró
42.1844	-0.4358	22127	Yéqueda
42.1845	-7.9290	32024	Fechas
42.1845	-5.5495	24902	Villaornate
42.1845	-7.8781	32047	Zarracós
42.1850	2.1552	17096	Sant Esteve Vallespirans
42.1853	2.7375	17162	Faras
42.1857	0.9007	25215	Talarn
42.1858	-0.3287	22150	Sasa del Abadiado
42.1864	-7.8946	32047	Olás de Villariño
42.1864	-0.2577	22150	Loscertales
42.1865	-0.3739	22125	Fornillos
42.1865	-2.1800	26119	Préjano
42.1866	-3.9013	09275	Presencio
42.1867	2.9171	17136	Pontós
42.1867	2.9386	17075	Ermedàs
42.1868	0.0079	22024	San Pelegrín
42.1868	-7.1786	32092	San Cristobo
42.1868	-5.8245	24003	Navianos
42.1870	1.9356	08057	Sant Romà de La Clusa
42.1873	-5.6487	24005	Ribera de la Polvorosa
42.1873	-5.7020	24005	Cazanuecos
42.1874	2.0239	17096	Sant Jaume de Frontanyà
42.1874	-6.1392	24047	Nogarejas
42.1876	-0.1629	22081	Labata
42.1881	-5.1148	47187	Vega de Ruiponce
42.1881	3.0821	17178	Sant Pere Pescador
42.1882	2.4093	17149	Riudaura
42.1883	-3.7424	09448	Quintanilleja
42.1883	-7.6705	32036	Sobradelo
42.1888	-3.6425	09162	Hontoria de la Cantera
42.1889	0.3375	22117	Graus
42.1889	2.8444	17031	Espinavessa
42.1890	-2.2951	26098	Munilla
42.1893	-8.8012	36036	Oia
42.1895	-2.4865	26121	Rabanera
42.1898	-7.7658	32001	Requejo de Valverde
42.1900	-5.0432	47198	Villacarralón
42.1900	-7.1285	32086	Quintela do Pando
42.1904	-5.5681	24211	Villarrabines
42.1904	-7.1580	32086	A Ponte
42.1904	-7.8018	32001	Allariz
42.1907	-4.7723	34902	Villalumbroso
42.1907	-7.9360	32024	Barxa
42.1909	2.8551	17031	la palma
42.1912	-7.0789	32086	Quintela de Hedroso
42.1912	-3.4177	09447	Villamiel de la Sierra
42.1915	-0.7704	50033	Sierra de los Blancos
42.1919	-5.6774	24088	Villamor de Laguna
42.1920	-6.9933	32086	Ramilo
42.1920	-7.6897	32007	Poedo
42.1920	-5.8562	24124	Genestacio
42.1925	-7.2164	32092	Chaguazoso
42.1926	2.9833	17119	Estanyet
42.1930	-7.8919	32047	Entrambosríos
42.1930	-0.2381	22150	Coscullano
42.1930	-6.0436	24046	Felechares de la Valdería
42.1930	-6.0728	24047	Pobladura de Yuso
42.1932	-6.0875	24047	Pinilla de la Valdería
42.1933	-4.2939	34017	Astudillo
42.1934	-8.0502	32068	Vilavidal
42.1934	2.9544	17075	Garrigàs
42.1936	-2.6996	26122	El Rasillo de Cameros
42.1936	-0.8635	50151	Lacorvilla
42.1939	-8.0466	32068	Almariz
42.1940	-7.9643	32024	Freixo
42.1940	-4.5811	34127	Perales
42.1943	3.0374	17198	Vilacolum
42.1944	-6.0068	24046	Calzada de la Valdería
42.1948	-6.0180	24046	San Féliz de la Valdería
42.1950	0.1518	22160	Naval
42.1951	2.8818	17111	Cañellas
42.1954	-8.7321	36057	Matamá
42.1954	-2.6983	26014	El Rasillo
42.1954	-5.4275	24178	Valdemora
42.1959	-2.6694	26107	Montemediano
42.1961	0.5201	22142	Lascuarre
42.1962	3.0566	17225	Vilamacolum
42.1962	-8.0399	32068	Santome
42.1964	0.3964	22080	Capella
42.1964	-0.3062	22150	Castilsabás
42.1965	-1.6346	31249	Valtierra
42.1966	2.3034	17170	Vallfogona
42.1969	-3.9898	09249	Palazuelos de Muñó
42.1970	2.9494	17075	el Barri de l'Església
42.1971	-5.9823	24046	Castrocalbón
42.1972	-2.5199	26035	Cabezón de Cameros
42.1972	-8.7944	36057	Vilamar
42.1972	-8.7667	36057	Longra
42.1974	-7.6068	32089	Arnuíde
42.1975	-2.2985	26098	San Vicente
42.1977	-7.8059	32001	A Frieira
42.1980	-7.0742	32086	Hedroso
42.1981	-0.1102	22058	Morrano
42.1982	-8.6773	36057	Bembrive
42.1984	-4.1869	09091	Valbonilla
42.1985	-4.0169	09472	Villazopeque
42.1985	-2.2576	26017	Peroblasco
42.1985	-7.9893	32020	Penela
42.1986	-8.1105	32033	Fustans
42.1989	2.6995	17019	Besalú
42.1993	-8.0442	32068	O viso
42.1995	-2.5971	26115	Pinillos
42.1998	-3.7001	09108	Cogollos
42.1998	-5.6429	24088	Cabañeros
42.2000	-8.4500	36030	Vilasobroso
42.2000	-7.7667	32001	Villanueva
42.2000	-7.8500	32001	Urriós
42.2000	-8.6167	36033	Torroso
42.2000	-8.6500	36033	Tameiga
42.2000	-7.1333	32086	Santa Marta
42.2000	2.4500	17208	Santa Margarida de Bianya
42.2000	2.6667	17162	Sant Ferriol
42.2000	-8.5333	36042	Ribadetea
42.2000	-8.1833	36014	Rebordechán
42.2000	-7.8333	32001	Queiroás
42.2000	-8.3500	36013	Prado da Canda
42.2000	-8.5000	36042	Prado
42.2000	-8.0833	32068	Poulo
42.2000	-8.3833	36013	Paraños
42.2000	-7.1500	32086	Parada
42.2000	-8.7667	36057	Navia
42.2000	0.8500	25234	Las Bordas
42.2000	-7.6500	32007	Lamamá
42.2000	-8.4500	36030	Cumiar
42.2000	-8.7500	36057	Comesaña
42.2000	-8.7000	36057	Castrelos
42.2000	-8.5000	36042	Bugarín
42.2000	-8.7000	36057	Beade
42.2000	-1.0000	25161	Aramunt
42.2000	-8.3000	36009	Achas
42.2002	-0.5969	22905	Las Casas de Nuevo
42.2002	-0.3394	22150	Barluenga
42.2003	-7.0937	32086	Morisca
42.2006	-4.5313	34159	San Cebrián de Campos
42.2006	2.1903	17147	Ripoll
42.2007	-2.4181	26004	Torremuña
42.2014	-7.9064	32047	Faramontaos
42.2016	2.5393	17185	Begudà
42.2017	-8.7997	36057	Toralla
42.2022	-0.1287	22058	Yaso
42.2027	-7.9985	32020	Anfeoz
42.2027	-8.6936	36057	Mosteiro
42.2032	-3.9391	09236	Olmillos de Muñó
42.2034	-4.3945	34011	Támara
42.2035	1.8181	08293	Vallcebre
42.2036	0.6892	22188	Colls
42.2036	-7.7348	32036	Junquera de Ambía
42.2037	0.5794	22087	Castigaleu
42.2047	-8.1406	32027	Refojos
42.2048	-4.4958	34159	Amayuelas de Abajo
42.2049	-7.6770	32007	Guamil
42.2050	-7.1917	32086	Servainza
42.2052	-4.5684	34099	Manquillos
42.2052	2.4970	17208	la Canya
42.2058	2.9794	17075	Tonyà
42.2058	-7.7371	32036	Ambía
42.2058	-3.9867	09250	Pampliega
42.2060	-8.0580	32068	Grixó
42.2066	-8.0775	32068	Escudeiros
42.2067	-7.9189	32024	Rabal
42.2067	-5.8503	24124	Quintana del Marco
42.2070	-0.2807	22150	La Almunia del Romeral
42.2073	-7.1082	32086	Fornelos de Cova
42.2074	-4.7783	34902	Villatoquite
42.2075	2.6145	17109	Santa Magdalena
42.2077	-3.9192	09206	Mazuela
42.2078	-4.3573	34174	Santiago del Val
42.2080	-5.6395	24088	Conforcos
42.2083	-6.2475	24047	Torneros de la Valdería
42.2083	-8.7417	36057	Roupeiro
42.2089	3.0345	17198	la Bomba
42.2090	2.4839	17208	Clocalou
42.2091	2.4527	17208	Sant Andreu de Socarrats
42.2092	2.9939	17052	Siurana
42.2095	-0.1670	22081	Panzano
42.2096	-2.1917	26136	Santa Eulalia Bajera
42.2096	3.0056	17052	Baseia
42.2098	-8.1682	32027	Cortegada
42.2098	2.5792	17109	Els Angles
42.2100	-2.4196	26077	Hornillos de Cameros
42.2101	0.3145	22117	Grustán
42.2108	-3.5429	09314	Revilla del Campo
42.2108	2.4836	17208	Llocalou
42.2109	-5.5337	24902	Castrofuerte
42.2111	-4.4888	34009	Amayuelas de Arriba
42.2113	-0.2964	22150	Santa Eulalia la Mayor
42.2113	2.9346	17026	Creixell
42.2116	-4.2448	34241	Villodre
42.2116	-3.4601	09248	Palazuelos de la Sierra
42.2118	2.4541	17208	l'Hostalnou de Bianya
42.2119	2.5129	17185	Sant Joan les Fonts
42.2121	-5.2053	47140	Saelices de Mayorga
42.2122	-0.3577	22150	Chibluco
42.2122	-2.2360	26017	Arnedillo
42.2123	-7.8896	32047	Proente
42.2126	-7.1006	32086	San Mamed
42.2128	0.9309	25234	Salás de Pallás
42.2133	-4.4366	34130	Piña de Campos
42.2133	-2.3520	26098	La Santa
42.2134	0.3539	22117	Torre de Esera
42.2136	0.2139	22160	Mipanas
42.2136	-7.1576	32086	Grixoa
42.2142	2.7979	17031	Queixàs
42.2142	-2.1649	26072	Herce
42.2143	-7.9761	32020	Espiñoso
42.2144	2.8570	17111	Colomer
42.2144	-0.4320	22127	Igriés
42.2147	-4.3430	34174	Santoyo
42.2147	0.6985	22035	Puifel
42.2149	0.1079	22051	Suelves
42.2151	-4.0648	09034	Los Balbases
42.2153	-8.0243	32020	Mundil
42.2156	-3.2969	09266	Pineda de la Sierra
42.2156	2.6419	17010	Argelaguer
42.2157	-8.2249	36014	Ameijeira
42.2160	2.8668	17111	Can Miró
42.2161	-8.1697	32027	Rabiño
42.2161	2.9771	17226	el Barri de l'Estació
42.2165	-2.5987	26012	Almarza de Cameros
42.2166	-2.0053	26021	Autol
42.2167	-8.1167	32027	Zaparín
42.2167	2.4500	17208	Vall de Bianya
42.2167	-7.8667	32001	Urriós
42.2167	-8.7000	36057	Sárdoma
42.2167	-7.1167	32086	San Román
42.2167	2.4333	17208	Sant Pere Despuig
42.2167	2.6167	17165	Sant Jaume de Llierca
42.2167	-8.4167	36030	Queimadelos
42.2167	-8.2000	36014	Pousa
42.2167	-8.4833	36042	Pías
42.2167	-8.2500	36009	Oroso
42.2167	1.3333	25155	Organyà
42.2167	-8.4167	36030	Meirol
42.2167	-8.1333	32027	Louredo
42.2167	2.7167	17021	Lligordà
42.2167	-8.3500	36013	Lamosa
42.2167	-8.2667	36009	A Cañiza
42.2167	-8.6167	36033	Guizán
42.2167	-8.7500	36057	Coia
42.2167	-8.7167	36057	Freixeiro
42.2167	-8.2167	36014	Filgueira
42.2167	-7.1167	32086	Covelo
42.2167	-1.6833	31064	Cadreita
42.2167	-8.6500	36057	Cabral
42.2167	-8.7667	36057	Alcabre
42.2170	-7.6789	32007	Presqueira
42.2172	2.9701	17226	Vilamalla
42.2173	-7.8143	32001	A Cal
42.2176	-7.6618	32007	Froufe
42.2180	-2.4900	26081	Jalón de Cameros
42.2182	-5.1003	47153	Santervás de Campos
42.2183	2.9070	17115	Ordis
42.2184	-2.6670	26107	Nieva de Cameros
42.2186	-8.4960	36042	Cotobade
42.2189	-7.7822	32001	Espiñeiros
42.2190	-7.0771	32086	Tabazoa de Hedroso
42.2193	-5.5842	24002	Algadefe
42.2194	-5.6456	24088	San Salvador de Negrillos
42.2197	2.5495	17046	Castellfollit de la Roca
42.2199	-5.4212	24042	Castilfalé
42.2202	-7.8902	32047	Merouzo Pequeno
42.2205	-4.8581	34059	Cisneros
42.2211	0.2436	22214	Púy de Cinca
42.2213	2.7447	17098	Maià de Montcal
42.2217	-4.9767	34204	Villacidaler
42.2217	-5.3147	24084	Valdemorilla
42.2220	-3.8477	09125	Arenillas de Muñó
42.2221	-7.0174	32083	Corzos
42.2222	-7.2012	32092	Mormontelos
42.2225	-7.1251	32086	Bolado
42.2226	-7.9049	32047	A Merca
42.2229	-7.9273	32047	A Manchica
42.2230	-6.9726	32083	Valdín
42.2231	-8.3852	36013	Baldomar
42.2232	2.9261	17026	Borrassà
42.2234	-8.0502	32020	Villar de Vaoas
42.2235	1.8931	08903	Sant Julià de Cerdanyola
42.2235	-5.8045	24136	Valcavado del Páramo
42.2235	2.8611	17111	Navata
42.2237	2.9417	17026	Vilamorell
42.2238	-7.5707	32043	Castro de Escuadro
42.2238	-7.8066	32001	Folgoso
42.2240	2.6987	17021	Palera
42.2241	-3.5894	09030	San Juan
42.2241	-5.2573	24084	Izagre
42.2244	2.1686	17036	Campdevànol
42.2245	-4.7846	34902	Añoza
42.2251	-2.5304	26101	Muro en Cameros
42.2252	-0.4042	22125	Apiés
42.2253	-1.0970	50095	Farasdués
42.2255	0.9908	25161	Sant Martí de Canals
42.2256	2.8921	17115	Pols
42.2257	-7.6600	32007	Vide
42.2261	-7.7558	32001	Armariz
42.2263	-1.7975	31169	Granjafría
42.2264	-3.9919	09456	Villanueva de las Carretas
42.2268	2.9674	17226	el Pont del Príncep
42.2269	-8.4673	36031	Mondariz-Balneario
42.2270	-3.8128	09125	Pedrosa de Muñó
42.2270	-3.6799	09315	Humienta
42.2270	-8.3739	36013	Covelo
42.2273	3.0419	17151	Riumors
42.2274	-0.5808	22904	Plasencia del Monte
42.2274	-4.0086	09456	Villaquirán de los Infantes
42.2277	-6.9474	32083	Seoane
42.2278	0.3544	22117	Santa Lucía
42.2280	-2.1008	26018	Arnedo
42.2280	-3.5990	09030	Quintanilla
42.2283	0.3555	22117	Ventas de Santa Lucía
42.2284	-7.8638	32047	San Vitoiro da Mezquita
42.2285	-2.4373	26132	Valdeosera
42.2286	-7.8969	32047	Vilar de Paio Muñiz
42.2287	-0.7497	22063	Biscarrués
42.2290	0.6790	22035	Soliva
42.2291	-0.3947	22125	Lieñas
42.2291	-1.8874	26008	Aldeanueva de Ebro
42.2293	2.7940	17031	Vilademires
42.2294	-7.3583	32029	Requeixo
42.2294	0.0358	22051	Lecina
42.2298	-3.5833	09030	Sopeña
42.2298	-2.0520	26120	Quel
42.2300	2.5963	17109	Montagut
42.2301	-3.6525	09315	Revillarruz
42.2302	-5.1810	47091	Monasterio de Vega
42.2307	2.8200	17031	Cabanelles
42.2309	-3.4420	09177	Cabañas
42.2311	-8.4584	36030	Mondariz
42.2312	-7.8303	32079	Torán
42.2315	1.3908	25908	Montant
42.2315	-8.3630	36013	Covelo
42.2321	-4.7020	34046	Cardeñosa de Volpejera
42.2323	-6.3280	24172	Villar del Monte
42.2326	-2.4744	26132	San Román de Cameros
42.2328	-8.7226	36057	Vigo
42.2329	-3.0256	26061	Altuzarra
42.2331	3.0232	17074	la Coixinera
42.2333	0.3444	22117	Torre de Obato
42.2333	-5.1844	47091	Rinconada
42.2333	2.9524	17182	Santa Llogaia d'Àlguema
42.2333	2.2852	17167	Sant Joan de les Abadesses
42.2333	-8.4833	36030	Vilar
42.2333	1.5667	25909	Tuixén
42.2333	2.6333	17200	Tortellà
42.2333	-7.8500	32001	Sotomayor
42.2333	2.1167	17036	Sant Llorenç
42.2333	1.7333	08190	Saldes
42.2333	2.6500	17154	Sales de Llierca
42.2333	-8.2833	36009	Petán
42.2333	-8.5167	36042	Padrones
42.2333	1.7833	08190	Maçaners
42.2333	-8.6000	36033	Louredo
42.2333	-8.4167	36030	Lougares
42.2333	-8.6833	36057	Lavadores
42.2333	-8.5000	36030	Fozara
42.2333	2.5000	17208	Castellar de la Muntanya
42.2333	2.4833	17208	Capsec
42.2333	-8.7500	36057	Bouzas
42.2335	-7.0095	32083	Baños
42.2337	-4.6091	34123	Villafolfo
42.2342	-2.3694	26098	La Monjía
42.2343	-0.1686	22208	Santa Cilia
42.2343	-5.8565	24154	Villanueva de Jamuz
42.2347	-1.8521	26125	Rincón de Soto
42.2349	1.8772	08099	Guardiola de Berguedà
42.2349	-2.3084	26126	Oliván
42.2351	-8.1644	32027	Meréns
42.2353	2.8651	17111	Torremirona
42.2354	-7.9530	32047	Pereira
42.2358	-3.6679	09315	Olmosalbos
42.2359	-6.4624	24172	Truchillas
42.2361	-7.7115	32007	Ribeira
42.2364	-8.0901	32020	Sande
42.2365	-7.6795	32007	Formigoso
42.2365	-7.8697	32047	A mezquita
42.2368	-7.9207	32047	Parderrubias
42.2368	0.3007	22117	Panillo
42.2369	-7.1715	32086	Villarmeao
42.2370	1.6601	25100	Gósol
42.2371	-7.0532	32083	Castromao
42.2372	2.7094	17021	Beuda
42.2375	-3.9522	09250	Torrepadierne
42.2375	-3.4305	09177	Matalindo
42.2375	-7.1360	32044	Buxán
42.2378	-5.7824	24136	Roperuelos del Páramo
42.2383	-5.0225	34206	Zorita de la Loma
42.2383	-8.4724	36030	Carvallal
42.2384	-0.7334	22063	Piedramorrera
42.2389	-5.6607	24088	Laguna de Negrillos
42.2389	-3.8474	09125	Mazuelo de Muñó
42.2389	-7.7861	32001	Augasantas
42.2390	2.9063	17012	el Mas Pau
42.2391	-7.9894	32020	Couxil
42.2397	-4.7918	34902	Abastas
42.2398	-7.2230	32044	Cernado
42.2400	-5.3757	24099	Matanza
42.2402	2.9175	17012	Santa Eugènia
42.2404	-7.5705	32043	Santirso
42.2405	-8.1382	32003	Remoiño
42.2407	-6.4220	24172	Valdavido
42.2409	-7.3453	32029	Forcadas
42.2410	2.7470	17021	Sagaró
42.2410	-7.9744	32020	Sabucedo
42.2410	-4.1097	09091	Vallunquera
42.2411	-4.7429	34227	Villanueva del Rebollar
42.2413	1.8736	08016	Terradelles
42.2413	-2.5181	26153	Torre en Cameros
42.2415	-7.6722	32007	Baños de Molgas
42.2416	-1.7659	31169	Milagro
42.2418	-6.3773	24172	Quintanilla de Yuso
42.2421	-7.1913	32044	Palleirós
42.2422	0.0693	22051	Bárcabo
42.2423	-8.4023	36013	Castelanes
42.2423	-7.8272	32079	Taboadela
42.2424	0.1972	22002	Abizanda
42.2425	-3.7856	09023	Villanueva-Matamala
42.2427	0.7829	25234	Esplugafreda
42.2427	-5.5677	24168	Toral de los Guzmanes
42.2429	-5.7165	24230	Villaestrigo
42.2432	3.0388	17074	Fortià
42.2433	2.9475	17221	Palol de Sabaldòria
42.2434	-7.4251	32029	Queixa
42.2434	-5.1422	47088	Melgar de Abajo
42.2435	-3.8755	09125	Quintanilla-Somuñó
42.2439	-6.2698	24047	Morla
42.2439	-3.0386	26061	Posadas
42.2442	-6.9319	32083	Xares
42.2442	2.8332	17088	Llavanera
42.2446	-2.1583	26029	Bergasillas Bajera
42.2446	2.8901	17228	Taravaus
42.2449	-7.5891	32043	Villardecás
42.2449	1.9741	08166	La Pobla de Lillet
42.2451	0.9870	25161	Claverol
42.2452	2.9220	17012	la Timba
42.2453	-7.8473	32079	Touza
42.2455	-2.3585	26135	Santa Marina
42.2456	2.1672	17036	l'Herand
42.2456	-7.1229	32086	Rigueira
42.2456	1.0426	25161	Ortoneda
42.2459	-5.8390	24053	San Juan de Torres
42.2460	-8.6590	36057	Candeán
42.2462	-0.4631	22163	Arascués
42.2463	-0.4919	22904	Lierta
42.2464	-3.6693	09221	Cojóbar
42.2466	-5.4459	24203	Villabraz
42.2467	2.9382	17221	Vilafant
42.2468	2.9954	17005	l'Oliva
42.2469	3.1206	17047	Empuriabrava
42.2472	-3.9853	09441	Villaldemiro
42.2473	-0.6036	22904	Quinzano
42.2477	2.8137	17088	Lladó
42.2478	-7.4066	32029	Vilar
42.2478	-4.5959	34243	Villoldo
42.2485	-7.6807	32007	Alvite
42.2486	-4.6221	34243	Castrillejo de la Olma
42.2488	-3.8968	09125	Arroyo de Muñó
42.2489	-7.0825	32083	Pradolongo
42.2492	-0.7146	22039	Losanglis
42.2492	-4.1985	09258	Pedrosa del Príncipe
42.2496	-2.4996	26132	Santa María en Cameros
42.2498	2.9151	17012	Avinyonet de Puigventós
42.2499	-0.4230	22163	Sabayés
42.2500	-8.6167	36045	Vilar
42.2500	-7.1333	32044	Tuxe
42.2500	-8.4833	36030	Toutón
42.2500	2.4000	17208	Sant Salvador de Bianya
42.2500	2.2000	17112	Sant Martí
42.2500	-6.9833	32083	San Lourenzo
42.2500	2.2000	17112	Saltor
42.2500	-8.6667	36057	Os Ríos
42.2500	-6.9500	32083	Requeixo
42.2500	-7.2500	32044	Prada
42.2500	0.9667	25171	la Pobla de Segur
42.2500	-8.5167	36042	Paredes
42.2500	-7.1167	32015	Outeiro
42.2500	-8.5833	36037	Nespereira
42.2500	-8.3500	36013	Maceira
42.2500	-8.7000	36057	Guixar
42.2500	2.1000	17080	Gombrèn
42.2500	-7.7500	32055	Golpellás
42.2500	-7.8667	32075	Gargantós
42.2500	-8.4667	36030	Frades
42.2500	-6.8929	32083	A Ponte
42.2500	-7.7500	32055	Cantoña
42.2500	-8.6167	36045	Cabeiro
42.2500	-7.7000	32007	Betán
42.2500	-7.0261	32083	A Veiga
42.2506	-2.3175	26126	Buzarra
42.2506	0.2441	22113	Lapenilla
42.2510	-7.7735	32055	Coucieiro
42.2511	-8.0706	32020	Cartelle
42.2511	-4.9671	34206	Villada
42.2514	-5.8041	24136	Moscas del Páramo
42.2515	3.2271	17152	Montjoi
42.2518	-7.1528	32015	Bao
42.2518	-6.0763	24125	Palacios de Jamuz
42.2519	-7.1807	32044	Raigada
42.2519	-5.4169	24099	Zalamillas
42.2520	2.9959	17005	el Far d'Empordà
42.2520	-0.5107	22904	Puibolea
42.2521	-3.4741	09177	Santa Cruz de Juarros
42.2521	-8.0345	32020	Seijadas
42.2522	-3.0465	26061	Ayabarrena
42.2522	-7.7959	32079	Abeledo
42.2523	-7.0630	32083	Carracedo
42.2523	-6.5857	24067	Santa Eulalia de Cabrera
42.2524	-3.5857	09177	Modúbar de San Cibrián
42.2526	-5.2682	24084	Albires
42.2529	-2.1322	26028	Bergasa
42.2529	1.8610	08016	Bagà
42.2531	-8.7948	36008	Balea
42.2533	0.7320	22035	el Campament d'Areny
42.2538	-4.2539	34104	Melgar de Yuso
42.2540	-5.4669	24203	Fáfilas
42.2541	2.8092	17088	el Pujol
42.2542	0.7372	25234	El Pont d'Orrit
42.2542	0.7886	25234	Sapeira
42.2544	-4.8939	34137	Pozo de Urama
42.2544	-6.3803	24172	Cunas
42.2545	-0.6430	22151	Loscorrales
42.2545	-7.3810	32029	Chandrexa
42.2547	2.8892	17228	Vilanant
42.2547	-7.0253	32083	Casdenodres
42.2549	2.8972	17228	les Cases Noves
42.2550	-6.5296	24172	Villarino
42.2551	-6.1030	24125	Quintanilla de Flórez
42.2551	-2.2839	26126	Valtrujal
42.2553	-2.6311	26151	Torrecilla en Cameros
42.2558	-0.0687	22058	Las Almunias
42.2559	-6.0364	24125	Quintana y Congosto
42.2561	-7.4075	32029	Candedo
42.2561	-4.8037	34902	Abastillas
42.2561	2.7078	17003	Sous
42.2563	0.6819	22035	Berganui
42.2566	-7.6451	32043	Foncuberta
42.2567	3.0745	17047	Castelló d'Empúries
42.2569	-8.7889	36008	Salgueirón
42.2573	-5.8262	24053	Cebrones del Río
42.2573	-8.6183	36045	Negros
42.2575	-7.1143	32015	Celeirós
42.2576	-8.6830	36057	Teis
42.2578	0.2823	22117	Pano
42.2581	-2.4438	26147	Terroba
42.2581	-3.6861	09362	Sarracín
42.2582	-7.6770	32007	Almoite
42.2582	0.7214	22035	Areny de Noguera / Arén
42.2583	-7.8779	32075	Soutopenedo
42.2584	-3.6971	09332	Saldaña de Burgos
42.2584	-4.6886	34224	Villamuera de la Cueza
42.2588	-7.0007	32083	Prado
42.2588	-6.4212	24172	La Cuesta
42.2592	-0.5523	22904	Bolea
42.2593	-5.3599	24099	Valdespino Cerón
42.2593	-4.3453	34034	Boadilla del Camino
42.2595	-8.1413	32003	Arnoia
42.2596	-3.8929	09125	Villavieja de Muñó
42.2597	0.0245	22051	Betorz
42.2597	2.8173	17088	Manol
42.2598	0.3969	22117	La Puebla de Fantova
42.2599	2.7744	17031	Sant Martí Sesserres
42.2602	-8.2140	32046	Melón
42.2605	0.5972	22155	Cajigar
42.2606	-5.8876	24154	Santa Elena de Jamuz
42.2609	-1.1972	50051	Magdalena
42.2609	-8.3986	36013	Barciademera
42.2609	-6.3183	24172	Manzaneda
42.2609	-6.4360	24172	Truchas
42.2611	2.3658	17177	Sant Pau de Segúries
42.2612	-3.6597	09221	Modúbar de la Emparedada
42.2615	2.8860	17228	Ca l'Almar
42.2619	-0.0872	22058	Pedruel
42.2620	3.1769	17152	Roses
42.2621	-0.4066	22163	Santa Eulalia de la Peña
42.2621	-1.1873	50051	Biota
42.2623	-5.9844	24125	Herreros de Jamuz
42.2624	-6.5022	24172	Iruela
42.2624	-7.1956	32044	Vidueira
42.2625	-7.3509	32029	Parafita
42.2626	-4.8572	34165	San Román de la Cuba
42.2626	-6.6273	24067	Losadillo
42.2629	-7.3761	32029	Celeiros
42.2631	-7.6148	32043	Tioira
42.2634	-2.2727	26126	San Vicente
42.2635	-3.6291	09072	Modúbar de la Cuesta
42.2636	-3.9336	09095	Celada del Camino
42.2637	0.0586	22051	Almazorre
42.2638	-2.7646	26014	Anguiano
42.2641	-8.7846	36008	Cangas do Morrazo
42.2643	2.8397	17051	Nuestra Señora de Vida
42.2648	-6.9225	32083	Edreira
42.2651	0.2354	22113	Clamosa
42.2651	-0.7894	50238	Sierra de Estronad
42.2653	-7.2087	32044	Requejo
42.2655	1.9781	08052	Clot del Moro
42.2657	2.0856	17080	Montgrony
42.2657	-5.9289	24154	Jiménez de Jamuz
42.2658	3.0184	17230	Vila-sacra
42.2659	-3.0315	26061	Azarrulla
42.2662	-7.0464	32083	Santa Cristina
42.2663	0.6641	22155	Suerri
42.2664	2.9616	17066	Figueres
42.2665	-8.2271	32046	Tourón
42.2665	-3.7874	09093	Villamiel de Muñó
42.2666	-3.7546	09023	Arcos
42.2667	-8.6500	36045	Trasmañó
42.2667	2.5667	17109	Santa Bàrbara de Pruneres
42.2667	-8.6000	36045	Saxamonde
42.2667	-8.4167	36030	Sabajanes
42.2667	-6.9333	32083	Meixide
42.2667	2.4667	17208	la Vall del Bac
42.2667	-8.8333	36008	Hio
42.2667	-8.4500	36030	Gargamala
42.2667	-4.4055	34074	Frómista
42.2667	-7.7333	32055	Figueiroá
42.2667	-6.9833	32083	Espiño
42.2667	-8.8000	36008	Darbo
42.2667	-7.1167	32015	Casasola
42.2667	-0.7333	22151	Arén
42.2669	2.8383	17051	Mare de Déu de Vida
42.2670	-0.4391	22163	Nueno
42.2670	0.3513	22177	Perarvúa
42.2670	-8.6161	36045	A Eira Pedriña
42.2674	3.1433	17152	Santa Margarida
42.2677	-7.4855	32049	Gabín
42.2678	-7.1513	32044	San Vicencio
42.2678	-7.6612	32043	Chayoso
42.2678	-8.1515	32003	A Reza
42.2679	-4.9805	34206	Pozuelos del Rey
42.2680	-7.4601	32049	Paredes
42.2681	-5.0971	47089	Melgar de Arriba
42.2682	0.1979	22002	Escanilla
42.2682	0.7197	22035	Sobrecastell
42.2685	-7.3661	32029	Bozqueimado
42.2687	-8.6028	36045	Quinteiro
42.2687	2.8478	17051	Cistella
42.2689	-7.1865	32044	San Miguel
42.2691	-6.6716	24067	La Baña
42.2692	-3.0376	26061	San Antón
42.2696	-0.6424	22149	Jabarrillo
42.2696	-5.5681	24207	Villademor de la Vega
42.2696	-3.7327	09458	Villariezo
42.2697	-7.6505	32043	Maceda
42.2698	-7.9071	32008	Loiro
42.2699	-4.4474	34132	Población de Campos
42.2701	-8.6678	36045	Chapela
42.2701	-2.6199	26106	Nestares
42.2702	-6.8970	32083	Villanueva
42.2702	-3.4017	09463	Urrez
42.2704	2.9941	17066	Vilatenim
42.2704	-8.7516	36029	Tirán
42.2705	-6.5937	24067	Encinedo
42.2705	2.5962	17109	Sadernes
42.2706	-5.4333	24203	Alcuetas
42.2708	-7.0695	32015	Paradela
42.2712	-5.8516	24053	San Martín de Torres
42.2715	-7.3942	32029	Casteloais
42.2716	2.2315	17112	Ogassa
42.2717	-8.0265	32020	Santo Tomé
42.2717	-8.8599	36008	Donòn
42.2719	2.5286	17109	Oix
42.2721	-7.1187	32015	Cambela
42.2722	-6.5571	24067	Ambasaguas
42.2722	3.0152	17066	Palol
42.2722	-3.8190	09093	Cayuela
42.2723	-7.6968	32043	Piuca-Araújo
42.2727	-7.0326	32083	Castromarigo
42.2727	-0.6884	22039	Ayerbe
42.2727	-5.7362	24230	Zotes del Páramo
42.2732	0.1274	22907	Olsón
42.2733	-8.6161	36045	Fortons
42.2733	0.3191	22177	Arués
42.2734	-7.8609	32075	Rante
42.2734	0.8268	25234	El Castellet
42.2734	2.6204	17154	Sant Grau d'Entreperes
42.2736	-2.3424	26135	El Collado
42.2736	-4.5510	34096	Lomas
42.2737	-0.9321	50109	El Frago
42.2739	-3.9915	09375	Tamarón
42.2743	-3.4755	09335	San Adrián de Juarros
42.2743	-6.1447	24125	Torneros de Jamuz
42.2745	-4.1606	09091	Hinestrosa
42.2755	-7.5014	32049	Montederramo
42.2755	-7.7786	32055	Figueiredo
42.2756	-7.1033	32015	Chao de Castro
42.2759	-7.0919	32015	Valdanta
42.2759	-2.2925	26126	Robres del Castillo
42.2760	-5.9974	24125	Tabuyuelo de Jamuz
42.2761	2.8670	17228	Coquells
42.2768	-3.7891	09009	Albillos
42.2768	-3.5362	09177	Cueva de Juarros
42.2772	-7.3539	32029	Castéligo
42.2773	-3.8995	09125	Estépar
42.2777	-1.0015	50197	Orés
42.2778	2.1862	17112	Bruguera
42.2778	-6.5575	24067	Quintanilla de Losada
42.2779	3.0718	17132	Sant Joan Sescloses
42.2780	-7.9526	32081	Trelle
42.2781	-8.7392	36029	Moaña
42.2782	-7.2055	32044	Placín
42.2784	-6.6318	24067	Forna
42.2785	-2.9875	26061	Urdanta
42.2786	-7.2360	32044	Paradela
42.2787	-5.0591	24139	Arenillas de Valderaduey
42.2788	-4.7250	34156	Riberos de la Cueza
42.2789	0.1773	22002	Lamata
42.2790	-7.6449	32043	Francos
42.2791	-6.9646	32083	Lamalonga
42.2793	-1.7463	31254	Villafranca
42.2795	0.7615	25234	Els Masos de Tamúrcia
42.2797	2.3710	17039	La Ral
42.2805	3.0432	17132	Vilanova de la Muga
42.2805	-6.3282	24172	Pozos
42.2811	-7.9009	32008	Bentraces
42.2816	-7.1393	32044	Escadas
42.2817	-3.0264	26061	Zaldierna
42.2817	-8.1974	32046	Quinés
42.2818	-1.2695	50230	Sádaba
42.2820	-7.1866	32044	Trabazos
42.2821	0.3543	22177	Besiáns
42.2822	-8.6589	36045	Cabanas
42.2825	-0.0786	22058	Rodellar
42.2826	2.9814	17214	Vilabertran
42.2826	-7.0452	32083	Vilaboa
42.2828	-2.1803	26028	Carbonera
42.2829	-4.1004	09455	Villaquirán de la Puebla
42.2830	2.7824	17031	l'Estela
42.2831	-1.0466	50036	Asin
42.2833	-7.1000	32015	Valbuxán
42.2833	-7.2167	32044	Tongil
42.2833	-7.0667	32015	Teixido
42.2833	-7.9000	32008	Sobrado do Bispo
42.2833	2.5000	17039	Sant Miquel de Pera
42.2833	-8.5833	36045	Reboreda
42.2833	-8.3000	36013	Prado
42.2833	-8.3833	36013	Piñeiro
42.2833	-7.2167	32044	Paradela de Abajo
42.2833	-7.0667	32083	Orxais
42.2833	-7.8500	32075	Noalla
42.2833	-7.5833	32043	A Costa
42.2833	-7.0833	32083	Xaba
42.2833	-8.3167	36013	Godones
42.2833	-8.3333	36013	Fofe
42.2833	-7.1833	32044	Cubeiros
42.2833	-7.0500	32083	Corexido
42.2833	-8.7667	36008	Coiro
42.2833	-8.6167	36045	Cedeira
42.2833	2.0167	08052	Castellar de N'Hug
42.2833	-8.3167	36013	Campo
42.2833	-7.4167	32029	Cadeliña
42.2833	-8.5333	36037	Borbén
42.2833	-7.6000	32043	Asadur
42.2833	-8.8167	36008	Aldán
42.2833	-8.7042	36029	Canteira
42.2833	-6.4627	24172	Baillo
42.2834	-8.6096	36045	Redondela
42.2834	-8.6356	36045	A Formiga
42.2835	-7.8079	32075	Rábeda
42.2837	-6.5715	24067	Castrohinojo
42.2839	-7.1165	32015	Villaseco
42.2840	-4.4822	34152	Revenga de Campos
42.2840	-6.5963	24067	Trabazos
42.2843	-7.0230	32083	Candeda
42.2845	0.8435	25234	Espluga de Serra
42.2845	-4.6116	34243	Villanueva del Río
42.2846	-3.8462	09063	Cabia
42.2846	-8.1063	32022	Castrelo de Miño
42.2848	-7.7684	32055	Siabal
42.2849	3.0835	17132	Montmajor
42.2851	-8.6234	36045	A Portela
42.2852	-5.5611	24149	San Millán de los Caballeros
42.2854	-7.7158	32055	Mourisco
42.2857	-3.4320	09335	Brieva de Juarros
42.2859	-2.4260	26146	Soto en Cameros
42.2859	-6.9864	32083	Curra
42.2860	-6.5440	24067	Robledo de Losada
42.2862	0.2152	22907	Ligüerre de Cinca
42.2864	-8.6494	36045	Rande
42.2864	0.2584	22113	Caneto
42.2867	2.8334	17051	Vilarig
42.2868	-5.8594	24127	Regueras de Abajo
42.2870	-3.6227	09072	Carcedo de Burgos
42.2870	-0.7607	50238	Santa Eulalia de Gállego
42.2870	0.1538	22907	Jabierre
42.2872	-7.1557	32044	Rebodepó
42.2875	-8.4788	36019	Freaza
42.2876	-5.1786	24086	Joarilla de las Matas
42.2876	-3.5543	09177	Espinosa de Juarros
42.2876	-7.7807	32055	Solveira
42.2880	-8.1436	32069	Ribadavia
42.2880	-4.2568	34089	Itero de la Vega
42.2881	-4.1388	09091	Castrogeriz
42.2883	-4.6328	34047	Torre de los Molinos
42.2884	-2.4737	26146	Luezas
42.2885	-8.1008	32022	A Costa
42.2886	3.2771	17032	Cadaqués
42.2893	3.0141	17132	la Salanca
42.2895	-8.7170	36029	Meira
42.2895	3.1246	17120	les Torroelles
42.2899	-4.2444	09182	Itero del Castillo
42.2901	0.6741	22035	Ribera d'Avall
42.2902	-7.8338	32075	Reboredo
42.2904	1.1929	25906	Tahús
42.2905	-4.7695	34055	Cervatos de la Cueza
42.2906	-2.5669	26165	Panzares
42.2908	-3.9336	09125	Vilviestre de Muñó
42.2908	2.9126	17093	el Poblenou
42.2913	-7.0908	32015	Chao das Donas
42.2914	0.5284	22129	Roda de Isábena
42.2914	-8.5952	36045	Cepeda
42.2915	2.9447	17093	els Hostalets
42.2916	-3.5329	09177	Cuzcurrita de Juarros
42.2919	-7.2052	32044	Borruga
42.2920	-5.8308	24176	Azares del Páramo
42.2922	-7.1314	32015	Las Ermitas
42.2923	-2.2210	26108	Las Ruedas de Ocón
42.2925	-4.0997	09091	San Antón
42.2926	0.7961	25234	La Torre de Tamurcia
42.2929	-4.8553	34216	Villalcón
42.2929	0.5727	22129	San Esteban de Mall
42.2937	-5.5172	24188	Valencia de Don Juan
42.2938	3.0788	17132	l'Estanyol
42.2940	3.2861	17032	Portlligat
42.2941	-5.8596	24127	Regueras de Arriba
42.2944	-7.5155	32049	Nogueira
42.2945	1.3419	25906	Novés de Segre
42.2945	3.0340	17132	el Puig Barutell
42.2946	-7.9910	32081	Gestosa
42.2947	2.1407	17037	Campelles
42.2948	-4.4812	34246	Villovieco
42.2948	-3.4898	09177	Salgüero de Juarros
42.2955	-1.2448	50135	Layana
42.2957	-5.7390	24230	Zambrocinos
42.2957	2.9118	17093	Llers
42.2966	3.1113	17128	Vilaüt
42.2969	2.9508	17093	Vinya Gran
42.2971	-7.4668	32049	Valderrique
42.2972	2.6857	17003	Lliurona
42.2973	2.9693	17030	l'Aigüeta
42.2974	0.2601	22113	Trillo
42.2975	-7.1979	32044	Cesuris
42.2975	-7.3524	32029	Parada Seca
42.2978	-4.4999	34230	Villarmentero de Campos
42.2981	2.8718	17196	Palau-surroca
42.2981	-3.9893	09180	Iglesias
42.2983	2.9209	17093	la Vall
42.2985	-2.8140	26149	Tobía
42.2987	-4.9362	34206	Villelga
42.2989	-2.7956	26095	Matute
42.2990	-2.2402	26108	Ocón
42.2990	0.0340	22051	Santa María Lanuez
42.2990	2.9614	17030	el Forn d'en Gestí
42.2990	-7.0068	32083	Meda
42.2991	-6.5091	24043	Nogar
42.2992	-4.7941	34055	Quintanilla de la Cueza
42.2992	3.2374	17140	sa Perafita
42.2996	-2.7189	26114	Pedroso
42.2999	-2.2924	26135	Jubera
42.3000	-7.6667	32043	Zorelle
42.3000	-8.5833	36045	Ventosela
42.3000	-8.1167	32069	Ventosela
42.3000	-3.3500	09463	Uzquiza
42.3000	-7.1667	32044	Soutipedre
42.3000	-7.5000	32049	Seoane Vello
42.3000	-7.0833	32015	San Pedro dos Nabos
42.3000	-7.2167	32044	San Pedro
42.3000	-7.2000	32044	San Paio
42.3000	-5.9167	24010	Sacaojos
42.3000	-7.2167	32044	Rozabales
42.3000	-8.0833	32022	Ponte-Castrelo
42.3000	-7.6500	32037	Niñodaguía
42.3000	-7.4667	32049	Marrubio
42.3000	-8.0333	32022	Macendo
42.3000	-8.4833	36019	Junqueiras
42.3000	-3.3333	09463	Herramel
42.3000	-8.7667	36004	Ermelo
42.3000	-8.6833	36029	Domaio
42.3000	-7.5500	32049	Covas
42.3000	-7.2167	32044	Cimadevila
42.3000	-7.7833	32058	Calvelle
42.3000	-7.8833	32008	Barbadanes
42.3000	-1.9000	31042	Azagra
42.3000	-8.5500	36037	Amoedo
42.3000	-7.0333	32083	Alberquería
42.3000	-7.2500	32044	Aceboso
42.3002	-7.8025	32075	Pazos
42.3002	-2.1175	26158	Tudelilla
42.3003	-5.8977	24010	La Bañeza
42.3005	-7.6772	32043	Bustavalle
42.3005	-1.1205	50051	Malpica de Arba
42.3006	-7.2375	32044	Soutelo
42.3008	-7.8719	32075	San Ciprián de Viñas
42.3008	-2.4278	26146	Trevijano
42.3012	0.6675	22035	Vilaplana
42.3012	-3.3385	09463	Villorobe
42.3014	-8.6565	36058	Cobres
42.3015	-3.7354	09434	Villagonzalo-Pedernales
42.3015	-3.8826	09125	Medinilla de la Dehesa
42.3016	0.6573	22035	Puimolar
42.3016	-7.9206	32081	Moreiras
42.3022	-3.6678	09073	Cardeñadijo
42.3023	0.1996	22113	Samitier
42.3023	0.1406	22907	Escapa
42.3025	-5.1893	24086	San Miguel de Montañán
42.3028	0.2752	22113	Salinas de Trillo
42.3030	-5.1552	24086	Valdespino Vaca
42.3030	-7.2026	32044	Langullo
42.3031	-7.8273	32054	O Cumial
42.3033	0.5423	22129	La Puebla de Roda
42.3034	-7.3874	32029	Rabal
42.3038	-7.8566	32054	Sejalvo
42.3040	-7.1308	32015	Santa Cruz
42.3041	-0.5781	22904	Aniés
42.3042	2.1676	17145	Ribes de Freser
42.3042	0.6725	22035	Sant Martí del Sas
42.3042	-7.2395	32044	San Martiño de Manzaneda
42.3043	-7.2415	32044	A Pena
42.3043	2.7199	17003	Albanyà
42.3046	-5.2999	24190	Valverde-Enrique
42.3046	-0.7447	22173	Concilio
42.3047	-8.1738	32018	Novoa
42.3048	-5.7573	24087	San Pedro de las Dueñas
42.3049	-7.6197	32037	Ramil
42.3051	-1.9652	26036	Calahorra
42.3051	-5.0662	24139	Galleguillos de Campos
42.3052	2.7967	17051	Sant Baldiri
42.3054	-3.2973	09303	Alarcia
42.3054	3.0339	17132	Vallgornera
42.3054	-3.0022	26061	Cillarrena
42.3056	-3.2214	09346	Santa Cruz del Valle Urbión
42.3058	0.2982	22113	Troncedo
42.3059	-3.2546	09407	Valmala
42.3060	-5.6856	24113	Pobladura de Pelayo García
42.3063	3.0832	17129	Pedret
42.3063	0.0405	22907	Paúles
42.3063	-5.9538	24108	Ribas de la Valduerna
42.3068	-2.3384	26135	Santa Cecilia
42.3070	-7.0990	32015	O Bolo
42.3070	0.3649	22212	Santa Liestra y San Quílez
42.3070	-3.5147	09177	Mozoncillo de Juarros
42.3072	3.1565	17120	Bellavista
42.3073	0.6659	22035	el Sas
42.3075	-3.9071	09125	Villagutiérrez
42.3076	-3.3942	09463	Villasur de Herreros
42.3078	3.1469	17120	Palau-saverdera
42.3078	-4.1728	09090	Castrillo Mota de Judíos
42.3080	-4.3430	34149	Requena de Campos
42.3080	-7.4470	32049	Sas do Monte
42.3081	2.9777	17030	Cabanes
42.3082	-5.7432	24087	Soguillo del Páramo
42.3082	-8.1216	32069	Regodeigón
42.3082	3.0091	17132	Peralada
42.3083	-7.3758	32029	Fonteita
42.3083	-1.3536	50230	Alera
42.3086	-7.3045	32063	Penapetada
42.3088	-7.2759	32063	Somoza
42.3088	2.8746	17196	la Guàrdia
42.3090	-6.4563	24172	Corporales
42.3092	-7.0774	32015	Fornelos
42.3093	-2.5333	26165	Viguera
42.3094	-8.2049	32018	Villar de Condes
42.3095	-2.2009	26108	Aldealobos
42.3096	2.9678	17030	les Masies de Dalt
42.3096	-5.9966	24216	Villamontán de la Valduerna
42.3096	-7.2321	32044	Manzaneda
42.3101	1.0852	25039	Useu
42.3103	2.8386	17196	Terrades
42.3103	-3.8378	09128	Frandovínez
42.3108	-7.7761	32058	Ribela
42.3108	-8.4694	36019	Traspielas
42.3108	-5.4279	24107	Quintanilla de los Oteros
42.3109	-2.5542	26165	Castañares de las Cuevas
42.3109	3.0678	17129	Marzà
42.3110	0.1930	22907	Mediano
42.3110	0.3410	22212	Caballera
42.3113	-5.7262	24087	Santa Cristina del Páramo
42.3114	-2.8809	26130	El Río
42.3117	-4.8565	34131	Arroyo
42.3117	2.6491	17003	Bassegoda
42.3117	2.7675	17171	la Riberada d'Amunt
42.3118	2.3651	17039	Camprodon
42.3119	-5.9748	24216	Miñambres
42.3120	-3.8223	09058	Buniel
42.3120	1.3830	25185	Pla de Sant Tirs
42.3121	-2.2628	26108	Santa Lucía
42.3122	-0.6695	22149	Sarsamarcuello
42.3126	3.1375	17120	Mas Isaac
42.3127	-7.8896	32008	A Valenza
42.3128	-2.3690	26083	Zenzano
42.3129	-5.8930	24166	Requejo de La Vega
42.3130	-8.5319	36037	Hermida
42.3131	0.1560	22907	Latorre
42.3131	2.2138	17125	Pardines
42.3131	-4.0453	09159	Hontanas
42.3131	2.6647	17003	Corsavell
42.3132	-6.2025	24091	Tabuyo del Monte
42.3134	-4.9657	24069	Escobar de Campos
42.3140	-3.5850	09086	Castrillo del Val
42.3141	-7.4896	32049	Abeledos
42.3142	-2.2090	26108	Los Molinos de Ocón
42.3143	-0.6259	22149	Loarre
42.3144	-0.3801	22163	Belsué
42.3144	2.9300	17135	Pont de Molins
42.3145	-2.2212	26108	Pipaona
42.3146	-0.6446	22149	Santa Engracia
42.3147	-7.3702	32029	San Cristóbal
42.3148	-0.4397	22037	Arguis
42.3152	-4.9275	34206	Villemar
42.3153	-2.3059	26135	Santa Engracia
42.3154	-3.1360	09129	Fresneda de la Sierra Tirón
42.3154	-7.3334	32063	Coba
42.3154	-3.7535	09439	Renuncio
42.3156	-1.8002	31107	Funes
42.3156	-7.7343	32031	Villar de Ordelles
42.3156	-7.2402	32063	Sobrado
42.3157	2.9216	17135	Molins
42.3159	-7.8248	32054	O Monte
42.3160	-5.9645	24216	Redelga de la Valduerna
42.3161	3.1162	17128	Pau
42.3162	0.7463	22223	Sopeira
42.3162	-7.8847	32008	Valenzana
42.3164	0.5974	22129	Riguala de Serraduy
42.3166	-4.5428	34215	Villalcázar de Sirga
42.3167	-5.5340	24188	Cabañas
42.3167	-8.5833	36045	Viso
42.3167	-6.0333	24216	Villalís
42.3167	-7.0833	32015	Viduedo
42.3167	-8.4333	36019	Ventín
42.3167	-6.8500	32017	Soutadoiro
42.3167	-3.2167	09346	Soto del Valle
42.3167	2.1333	17145	Ventolà
42.3167	-5.9167	24010	San Mamés
42.3167	-8.0667	32022	Sanín
42.3167	-7.2333	32063	San Cosmede
42.3167	2.1833	17145	Ribes Altes
42.3167	-6.0167	24216	Posada y Torre
42.3167	2.1000	17134	Planoles
42.3167	2.0833	17134	Nevà
42.3167	-8.5000	36037	Moscoso
42.3167	-7.2333	32063	Monteboy
42.3167	-7.2500	32063	Os Casares
42.3167	-7.2500	32063	Los Carballos
42.3167	2.3500	17091	Llanars
42.3167	-7.1167	32015	Lentelláis
42.3167	-7.4667	32049	A Medorra
42.3167	-7.2500	32063	A Lama
42.3167	-7.1000	32015	Hortos
42.3167	-8.3167	32004	Graña
42.3167	2.0500	17201	Fornells de la Montanya
42.3167	-8.1000	32069	Esposende
42.3167	-7.6833	32031	Esgos
42.3167	-7.4167	32029	Drados
42.3167	-7.3000	32029	Cotarons
42.3167	-7.5833	32049	Chas
42.3167	-8.7333	36029	Cela
42.3167	-7.2833	32063	Castro
42.3167	-7.9500	32081	Alongos
42.3167	-7.0274	32083	Prada
42.3168	-7.5414	32043	Vilariño Frío
42.3171	-0.6966	22149	Linás de Marcuello
42.3175	0.0155	22907	Sarsa de Surta
42.3177	-7.9543	32081	Toén
42.3177	-7.3907	32029	Fitoiro
42.3177	-4.3967	34101	Marcilla de Campos
42.3178	-2.9254	26113	Pazuengos
42.3178	-8.0477	32022	Vide
42.3178	-3.0673	26162	Valgañón
42.3178	3.1280	17128	els Olivars
42.3179	-7.7737	32058	Moreiras
42.3180	2.9640	17030	el Pla
42.3186	-7.7733	32058	Moreiras
42.3186	2.9300	17135	els Cellers
42.3187	0.9462	25234	Puigcerver
42.3187	-2.7599	26031	Bobadilla
42.3187	1.3362	25185	Gramós
42.3188	-0.0743	22058	Otín
42.3188	2.3154	17039	Abella
42.3189	2.9961	17132	les Olives
42.3191	-2.9662	26061	Turza
42.3194	-7.6303	32037	Xunqueira de Espadañedo
42.3196	-3.5427	09177	San Millán de Juarros
42.3197	-3.2703	09303	Rábanos
42.3198	2.7889	17171	Sant Llorenç de la Muga
42.3198	-3.1137	09129	Pradilla de Belorado
42.3198	0.1380	22907	Castejón de Sobrarbe
42.3198	-5.9952	24216	Valle de la Valduerna
42.3201	3.0282	17132	Urb.Club de Golf Peralada
42.3203	2.8822	17029	les Escaules
42.3203	-2.7190	26086	Ledesma de la Cogolla
42.3205	-8.1094	32069	Camporredondo
42.3205	-2.8137	26176	Villaverde de Rioja
42.3205	0.0773	22058	Arcusa
42.3207	-5.0194	24080	Grajal de Campos
42.3209	-2.0953	26170	El Villar de Arnedo
42.3210	2.4807	17039	Beget
42.3210	-8.0579	32022	Prado
42.3212	-0.2535	22199	Nocito
42.3214	-8.1646	32018	Carballeda de Avia
42.3214	0.5875	22129	La Vileta de Serraduy
42.3216	2.0158	17201	Toses
42.3220	-5.5819	24212	Villamañán
42.3222	2.3329	17039	La Roca
42.3225	-7.1573	32015	Chandoiro
42.3226	-3.9207	09125	Hormaza
42.3227	-3.4578	09026	Arlanzón
42.3227	0.2438	22168	Palo
42.3228	1.6358	25071	el Quer Foradat
42.3230	3.0984	17223	Pla d'en Satlle
42.3232	0.5837	22129	Serraduy
42.3232	-5.9075	24166	Santa Colomba de la Vega
42.3234	-5.2870	24190	Castrovega de Valmadrigal
42.3237	1.0673	25039	Gerri
42.3237	-5.8310	24176	Valdefuentes del Páramo
42.3238	-5.4264	24107	Valdesaz de los Oteros
42.3239	-8.0405	32022	Astariz
42.3239	-6.1345	24044	Castrillo de la Valduerna
42.3241	-6.5373	24043	Marrubio
42.3242	-0.1917	22199	Used
42.3242	3.1870	17188	la Selva de Mar
42.3246	-8.7850	36004	Bueu
42.3248	-8.0726	32025	Trasariz
42.3248	-3.2028	09274	Pradoluengo
42.3249	-2.5149	26103	Islallana
42.3252	-0.2170	22199	Bentué de Nocito
42.3252	1.5838	25071	Ansovell
42.3253	3.0930	17223	Vilajuïga
42.3254	-3.0131	26061	Ezcaray
42.3255	-5.2742	24190	La Veguellina
42.3255	-7.6969	32031	Esgos
42.3255	0.9364	25202	Senterada
42.3257	-3.0393	26183	Zorraquín
42.3258	-7.9334	32081	Mugares
42.3263	-0.4119	22037	Mesón Nuevo
42.3263	-8.4352	36019	Berducido
42.3263	1.4009	25185	Adrall
42.3267	-6.1444	24044	Velilla de la Valduerna
42.3269	-3.7580	09439	Villacienzo
42.3269	-3.2270	09274	Garganchón
42.3271	-6.5072	24043	Saceda
42.3272	-4.6529	34042	Calzada de los Molinos
42.3273	1.3112	25185	Argestues
42.3273	-6.0957	24066	Destriana
42.3273	-8.0078	32081	Puga
42.3277	-5.9383	24108	Palacios de la Valduerna
42.3277	-4.4962	34015	Arconada
42.3278	-6.0591	24066	Robledo de la Valduerna
42.3278	-8.0854	32025	Sadurnín
42.3279	-1.7371	31163	Marcilla
42.3280	-7.7436	32058	Chaodarcas
42.3281	-4.0342	09079	Castellanos de Castro
42.3281	-3.6650	09059	Cortes
42.3284	-5.9942	24131	Castrotierra de la Valduerna
42.3284	-5.6831	24017	Zuares del Páramo
42.3286	0.6398	22035	Soperuny
42.3288	-3.8081	09338	Quintanilla de las Carretas
42.3289	-7.2325	27050	Mendoya
42.3290	1.0483	25039	Peramea
42.3293	1.0054	25039	Montcortès
42.3294	-4.8037	34055	Calzadilla de la Cueza
42.3294	-2.6612	26044	Castroviejo
42.3295	-2.4061	26088	Leza de Río Leza
42.3295	-2.8509	26060	Estollo
42.3297	-2.8619	26130	San Millán de la Cogolla
42.3300	2.3165	17224	Vilallonga de Ter
42.3300	-8.2332	32004	Cortegazas
42.3300	2.8564	17029	Boadella d'Empordà
42.3301	-5.4731	24107	Pajares de los Oteros
42.3303	-8.1866	32018	Muimenta
42.3304	-3.2913	09303	Villamudria
42.3304	-3.6210	09074	Cardeñajimeno
42.3307	-8.1295	32010	Beade
42.3308	-0.1264	22199	Bara
42.3309	-3.5352	09177	Ibeas de Juarros
42.3309	-7.3576	32029	Chaveán
42.3310	1.4154	25185	Arfa
42.3311	-7.3070	27050	Paraizás
42.3313	-4.1379	09091	Villasilos
42.3314	-7.0557	32015	Aceveda
42.3315	-5.2006	24191	Villeza
42.3316	-8.0527	32025	Razamonde
42.3316	-5.0487	24139	San Pedro de las Dueñas
42.3316	-7.0916	32015	Celavente
42.3317	-8.0295	32025	Laias
42.3317	-3.5658	09086	Los Tomillares
42.3318	-6.1985	24091	Priaranza de la Valduerna
42.3319	-5.7522	24087	Laguna Dalga
42.3321	-8.4805	36019	Oitavén
42.3321	-6.0460	24066	Robledino
42.3322	-6.0134	24216	Fresno de la Valduerna
42.3323	-5.8822	24166	Soto de la Vega
42.3328	0.2971	22113	Formigales
42.3328	3.0013	17132	Masos de Morassac
42.3329	-7.5475	32057	Edrada
42.3330	-8.1077	32025	Esposende
42.3331	-2.8490	26060	San Andrés
42.3332	-2.9329	26113	Villanueva
42.3332	-3.5966	09074	San Medel
42.3332	2.5921	17003	Ribelles
42.3333	-8.8012	36004	Beluso
42.3333	-7.2833	32063	Vilanova
42.3333	-7.2667	27050	Trives
42.3333	2.2833	17224	Tregurà de Baix
42.3333	-8.5667	36053	Soutomaior
42.3333	-7.7000	32031	Rocas
42.3333	-7.9000	32061	Piñor
42.3333	-7.4333	32023	Pedrouzos
42.3333	-7.2333	32063	Pacio
42.3333	-7.1167	32015	Outar de Pregos
42.3333	-2.9000	26113	Ollora
42.3333	-7.7500	32058	Moreiras
42.3333	-5.3000	24153	Matallana de Valmadrigal
42.3333	-8.0333	32025	Layas
42.3333	2.3833	17039	Freixenet de Dalt
42.3333	2.3667	17039	Freixenet
42.3333	-8.0000	32081	Feá
42.3333	2.0667	17201	Dòrria
42.3333	-8.6333	36058	Cobres
42.3333	-1.6500	31065	Castroviejo
42.3333	-8.5000	36019	Calvos
42.3334	0.0591	22907	Castellazo
42.3335	3.1120	17223	Canyelles
42.3339	2.9973	17132	el Morassac
42.3341	-2.3212	26083	Lagunilla del Jubera
42.3343	-1.9351	31215	San Adrián
42.3343	-8.7239	36026	Pastoriza
42.3345	-2.0685	26117	Pradejón
42.3347	-2.4871	26103	Nalda
42.3347	0.2408	22907	El Humo
42.3348	3.1665	17140	la Vall de Santa Creu
42.3349	2.6745	17003	Pincaró
42.3353	-2.7610	26026	Baños de Río Tobía
42.3355	-8.1454	32010	Regadas
42.3355	-0.5172	22037	Bentué de Rasal
42.3358	-8.5962	36053	Arcade
42.3360	1.5137	25005	Ortedó
42.3363	2.7230	17003	Carbonills
42.3366	-1.7134	31163	La Azucarera
42.3366	-0.7530	22173	Murillo de Gállego
42.3367	-7.8641	32054	Ourense
42.3368	-4.8740	34131	Población de Arroyo
42.3368	-3.7940	09338	San Mamés de Burgos
42.3369	-4.1555	09091	Villaveta
42.3369	-1.9950	26036	Murillo de Calahorra
42.3369	3.2049	17140	el Port de la Selva
42.3372	-8.0977	32025	Názara
42.3372	-7.0834	27050	San Martín
42.3373	2.8951	17234	Biure
42.3375	-2.2020	26123	El Redal
42.3375	-3.4111	09026	Galarde
42.3376	-3.1621	09360	San Vicente del Valle
42.3378	-5.3689	24097	Matadeón de los Oteros
42.3380	0.7056	22223	Pallerol
42.3381	-7.2878	27050	Trives
42.3381	1.6824	25139	Víllec
42.3383	-3.0915	26162	Anguta
42.3383	-3.1738	09433	Santa Olalla del Valle
42.3383	-1.8003	31202	Peralta
42.3384	-0.0396	22907	Bagüeste
42.3385	-0.0602	22058	Letosa
42.3385	-7.8142	32058	A Lamela
42.3386	-3.9256	09167	Hornillos del Camino
42.3387	2.4513	17039	Rocabruna
42.3389	0.5665	22246	Biascas de Obarra
42.3391	-2.8524	26027	Berceo
42.3393	-7.2534	32063	Pobra de Trives
42.3396	-5.9001	24166	Huerga de Garaballes
42.3396	1.4934	25005	Cerc
42.3396	0.5738	22246	Veracruz
42.3397	-8.4170	36019	Estacas
42.3398	3.0246	17106	les Costes
42.3399	-7.8257	32054	Ceboliño
42.3400	-6.6687	24016	Silván
42.3400	-7.1303	32060	Portomourisco
42.3402	-7.1837	27050	O Poulo
42.3404	-6.5445	24043	Castrillo de Cabrera
42.3406	-7.5292	32057	Pradomao
42.3406	-3.8341	09304	Rabé de las Calzadas
42.3407	-8.4544	36019	Iglesia
42.3407	-8.1082	32025	Lentille
42.3408	-4.2787	34092	Lantadilla
42.3408	-6.8052	32017	Casayo
42.3409	-5.8786	24166	Alcaidón
42.3411	-3.7018	09059	Burgos
42.3413	-8.4529	36019	Fornelos de Montes
42.3413	-8.1601	32040	Beiro
42.3413	-1.6496	31065	Caparroso
42.3413	-4.6007	34047	Carrión de los Condes
42.3415	-7.5928	32057	Paradellas
42.3415	-7.0091	32083	Ríomao
42.3415	1.4286	25185	Montferrer
42.3417	2.9530	17100	Vilarnadal
42.3418	-8.0898	32025	Cenlle
42.3421	-2.1671	26020	Ausejo
42.3421	-5.9127	24166	Garaballes
42.3422	-7.4851	32080	Sistín
42.3424	-8.1262	32040	Bieite
42.3424	-8.1815	32018	Abelenda
42.3425	-3.3110	09303	Haedillo
42.3431	-2.5287	26144	Sorzano
42.3434	-5.5937	24212	Villacé
42.3434	-7.2322	27050	Los Currás
42.3434	-2.2202	26053	Corera
42.3435	2.8356	17060	Barri del Pantà
42.3436	-5.1573	24077	Gordaliza del Pino
42.3436	-3.6259	09059	Castañares
42.3437	-7.2410	32063	Piñeiro
42.3438	3.0988	17223	Montperdut
42.3439	3.0651	17077	Garriguella
42.3439	-4.2569	09247	Palacios de Ríopisuerga
42.3440	0.9602	25234	Pobleta de Bellvehí
42.3441	-3.6533	09059	Villayuda
42.3442	1.8088	25051	Pedra
42.3446	-7.2508	32063	Castrelo
42.3447	-7.2293	32063	San Tomé
42.3448	1.9563	17006	La Molina
42.3452	-7.8001	32058	Pereiro de Aguiar
42.3454	-7.1336	27050	Portela de Portomourisco
42.3454	-6.5156	24043	Noceda de Cabrera
42.3454	1.8263	25913	Riu de Cerdanya
42.3454	-5.5359	24073	Fresno de la Vega
42.3457	0.1608	22907	Camporrotuno
42.3459	-3.4387	09026	Villamórico
42.3459	2.8739	17060	Veïnat de Mont-roig
42.3461	-3.4850	09026	Zalduendo
42.3462	-6.5921	24043	Odollo
42.3462	-7.2581	32063	Trives
42.3464	0.2050	22113	Arasanz
42.3465	0.3336	22113	Latorre
42.3465	-5.2469	24050	Castrotierra
42.3465	3.1249	17223	Pujolar
42.3466	1.8026	25051	Bor
42.3466	-8.0725	32025	Villar de Rey
42.3466	-7.9982	32065	Arrabaldo
42.3470	-2.2361	26066	Galilea
42.3472	2.4051	17107	Molló
42.3472	-3.0049	26110	Ojacastro
42.3473	0.7057	22035	Els Molins
42.3475	0.2271	22113	Ministerio
42.3476	-7.6637	32031	Pensos
42.3476	-3.7810	09439	Villalbilla de Burgos
42.3476	-5.0644	24031	Valdelaguna
42.3479	-7.1596	27050	Laroco
42.3481	-7.0823	27050	Barja
42.3484	1.3788	25140	Vilamitjana
42.3486	-2.9816	26110	Ulizarna
42.3487	-3.1920	09433	Villagalijo
42.3488	-5.4163	24107	Fuentes de los Oteros
42.3489	-7.0496	32083	San Fiz
42.3490	-0.7266	22173	Riglos
42.3490	-2.4267	26051	Clavijo
42.3491	-3.8170	09377	Tardajos
42.3492	3.1770	17140	Santa Isabel
42.3493	2.1629	17043	Queralbs
42.3493	-5.8667	24228	Valdesandinas
42.3494	-2.9659	26110	Uyarra
42.3498	-8.0969	32025	Roucos
42.3499	-6.8531	32017	Ríodolas
42.3500	1.5842	25032	Arsèguel
42.3500	-8.1167	32025	Vieite
42.3500	-7.9500	32054	Untes
42.3500	-7.2500	27050	Sas de Arriba
42.3500	-7.2500	27050	Sas de Abajo
42.3500	-8.6000	36038	Pontesampaio
42.3500	-8.7167	36026	Piñeiro
42.3500	-8.1000	32025	Pena
42.3500	-8.2667	32004	Nieva
42.3500	0.2833	22113	Morillo de Monclús
42.3500	-7.8667	32054	Las Caldas
42.3500	-8.3833	36019	Laje
42.3500	-7.2500	27050	O Cal
42.3500	-7.2833	32063	Xunqueira
42.3500	-7.1333	32038	Freixido
42.3500	-7.1000	27050	O Seixo
42.3500	-7.4000	32023	O Burgo
42.3500	-7.7333	32058	Covas
42.3500	-7.3000	32070	Cerdeira
42.3500	-7.9000	32054	Canedo
42.3500	-8.1333	32040	Berán
42.3500	-8.7333	36026	Ardán
42.3500	-7.2333	27050	Alcouce
42.3500	1.5167	25005	Alàs i Cerc
42.3500	-2.3019	26083	Ventas Blancas
42.3502	-7.9759	32054	A Cuqueira
42.3503	-5.4991	24107	Morilla de los Oteros
42.3503	-7.8218	32058	Tibianes
42.3504	-3.1234	09048	Eterna
42.3505	0.7158	22223	Sant Orenç
42.3507	-5.3833	24097	Santa María de los Oteros
42.3507	1.9015	17006	Masella
42.3509	2.9730	17100	Masarac
42.3509	-6.1899	24091	Villar de Golfer
42.3512	3.1811	17140	Cap de Bol
42.3513	-7.8949	32054	Reza
42.3513	2.9805	17100	el Priorat
42.3513	1.8534	17206	Urús
42.3517	-5.6881	24017	Villar del Yermo
42.3517	1.7621	25051	Pi
42.3520	-5.3945	24097	San Pedro de los Oteros
42.3524	0.6917	22035	Betesa
42.3525	-8.0236	32065	Ourantes
42.3525	-3.0362	26110	Amunartia
42.3526	-8.0517	32074	Eiras
42.3527	-7.3682	32023	Villamayor
42.3527	-3.1575	09360	Espinosa del Monte
42.3528	-5.8821	24166	Vecilla de la Vega
42.3529	3.1090	17092	Valleta
42.3531	0.5495	22233	Villacarli
42.3531	0.5773	22246	Pardinella
42.3531	1.4418	25005	Castellciutat
42.3533	-4.3642	34901	Las Cabañas de Castilla
42.3533	-5.9504	24131	Toral de Fondo
42.3534	-7.2483	32063	Pazo de Paradela
42.3534	-5.4737	24107	Pobladura de los Oteros
42.3539	-2.7229	26037	Camproviín
42.3539	-8.1137	32025	Cuñas
42.3543	0.3318	22113	Lavilla
42.3544	0.6833	22035	Santa Olària
42.3545	-5.3093	24153	Santa Cristina de Valmadrigal
42.3546	1.7049	25139	Montellá
42.3548	-8.4170	36025	Verducido
42.3548	-4.8648	34094	Ledigos
42.3549	-7.7321	32058	Triós
42.3550	0.0640	22907	Urriales
42.3550	-0.7932	22004	Agüero
42.3551	-4.7398	34039	Bustillo del Páramo de Carrión
42.3551	-5.7515	24157	Santa María del Páramo
42.3551	-4.5656	34163	San Mamés de Campos
42.3552	2.8284	17060	Santa Anna
42.3552	-8.0079	32065	Barbantes
42.3553	-0.0109	22907	Las Bellostas
42.3553	0.6694	22246	Ovís
42.3553	-5.9287	24155	Santa María de la Isla
42.3554	-2.3900	26124	Ribafrecha
42.3555	-3.5675	09241	Quintanilla Riopico
42.3556	-7.9147	32054	Eirasvedras
42.3558	3.0320	17143	Delfià
42.3560	-5.2109	24191	Vallecillo
42.3561	1.8055	25051	Beders
42.3561	0.0907	22907	Sarratillo
42.3562	-7.2030	27050	Vacarizas
42.3565	1.7803	25051	Coborriu
42.3567	-7.4933	32080	Pedrafita
42.3568	-3.4622	09026	Santovenia de Oca
42.3573	-4.2352	09024	Arenillas de Ríopisuerga
42.3578	-5.6051	24212	Villacalbiel
42.3580	-7.5133	32057	Forcas
42.3583	-8.1814	32040	Faramontaos
42.3584	-2.4728	26005	Albelda de Iregua
42.3585	-7.2456	27050	San Brégimo
42.3587	-1.5489	31164	Mélida
42.3588	1.4614	25203	La Seu d'Urgell
42.3589	1.7357	25051	Santa Eugènia de Nerellà
42.3589	-8.4661	36043	Anceu
42.3591	-4.0618	09363	Castrillo de Murcia
42.3591	1.4064	25140	Aravell
42.3594	1.0808	25208	Baro
42.3595	-4.6793	34236	Villotilla
42.3595	-8.4231	36025	O Porto
42.3596	0.2309	22907	Muro de Roda
42.3596	1.6958	25139	Martinet
42.3596	3.0003	17106	Mollet de Peralada
42.3596	-1.1284	50267	Uncastillo
42.3597	-6.6759	24016	Lomba
42.3597	-0.8932	50901	Fuencalderas
42.3597	-7.8189	32058	Sabadelle
42.3602	-3.5582	09075	Cardeñuela-Ríopico
42.3608	-3.5822	09241	Orbaneja-Ríopico
42.3609	-8.4915	36043	Barbudo
42.3609	0.2486	22113	El Pamporciello
42.3610	-3.7728	09059	Villalonquéjar
42.3610	2.6806	17003	els Horts
42.3614	-3.9304	09181	Isar
42.3614	1.8705	17061	Das
42.3615	-5.8560	24228	Villazala
42.3615	0.1559	22907	Coscojuela de Sobrarbe
42.3619	-7.8435	32054	Velle
42.3619	-4.9283	34109	Moratinos
42.3621	1.6276	25030	Toloriu
42.3622	-5.3879	24097	Fontanil de los Oteros
42.3623	-3.3226	09431	Alba
42.3624	3.1521	17092	Llançà
42.3625	0.4127	22111	Bacamorta
42.3626	-5.8826	24166	Oteruelo de la Vega
42.3627	-3.0935	09048	Avellanosa de Rioja
42.3629	-7.9423	32054	Palmés
42.3632	-4.8901	34091	Terradillos de Templarios
42.3634	-4.0050	09363	Yudego
42.3635	-8.1003	32025	Osmo
42.3635	-5.5661	24212	Benamariel
42.3635	1.8082	25051	Baltarga
42.3637	-7.4433	32023	Aguil
42.3640	2.9722	17158	Ullastre
42.3641	-8.2041	32018	Balde
42.3642	-4.9525	34109	San Nicolás del Real Camino
42.3645	0.4831	22244	Sala
42.3645	-7.7100	32052	As Raposas
42.3645	-6.8672	32017	Pusmazán
42.3649	1.8372	25175	Prats
42.3650	2.9237	17042	la Vall
42.3650	2.7541	17102	Oliveda
42.3657	-3.6164	09059	Villafría de Burgos
42.3657	-4.3826	34901	Santillana de Campos
42.3657	2.8491	17060	Veïnat de Ricardell
42.3658	-3.0526	26110	Zabárrula
42.3658	-8.1632	32040	Ourega
42.3661	-7.1406	27050	Freigido de Abajo
42.3661	-7.0511	32060	Santa Eulalia
42.3662	0.5272	22233	Reperós
42.3665	-6.6721	24016	Sigüeya
42.3665	0.5942	22246	Beranuy
42.3667	-8.6333	36058	Vilaboa
42.3667	-7.9667	32002	Trasalba
42.3667	-7.3500	32023	Sás de Penelas
42.3667	-8.0333	32074	Salamonde
42.3667	-7.3000	27050	Río
42.3667	-7.2833	27050	Pena de Folenche
42.3667	-8.0833	32074	Navío
42.3667	-7.1000	32060	Mones
42.3667	-7.2000	27050	Meiral
42.3667	-6.2333	24091	Luyego
42.3667	-8.1333	32040	Lebosende
42.3667	-8.5333	36043	Insúa
42.3667	-8.0167	32065	Freás
42.3667	-7.9167	32054	O Castro
42.3667	-7.2500	27050	O Castro
42.3667	-1.5833		Daroca de Rioja
42.3667	2.8333	17060	Darnius
42.3667	-7.8500	32054	Cudeiro
42.3667	-7.3500	32023	Castrelo
42.3667	-7.1333	32060	Casasola
42.3667	-8.7167	36026	Campo
42.3667	-7.2333	27050	Campelo
42.3667	-7.4000	32023	Camba
42.3667	1.7833	25051	Bellver de Cerdanya
42.3667	-8.0667	32011	Beariz
42.3667	-8.2333	32004	Barroso
42.3667	-7.2000	27050	Aldea de Arriba
42.3667	-5.6151	24212	San Esteban de Villacalbiel
42.3669	-2.9747	26110	San Asensio los Cantos
42.3671	-3.1881	09360	San Clemente del Valle
42.3672	-2.6560	26134	Santa Coloma
42.3672	-8.1161	32040	San Clodio
42.3674	0.8993	25201	Endo
42.3676	2.9987	17106	Cagaloca
42.3677	-7.6928	32052	Requeixo
42.3678	-7.5723	32057	Teimende
42.3679	-2.8108	26023	Badarán
42.3680	0.5688	22233	Visalibóns
42.3680	0.0989	22907	Santa María de Buil
42.3681	0.2864	22113	Buetas
42.3683	-3.6535	09059	Villimar
42.3683	-4.0277	09363	Villandiego
42.3683	-6.0386	24182	Tejados
42.3683	-7.6082	32057	Santigueiro
42.3684	-1.6278	31178	Traibuenas
42.3684	-8.7319	36026	Seixo
42.3687	-5.7735	24157	Barrio de Urdiales
42.3689	2.9800	17158	Sant Climent Sescebes
42.3689	2.7264	17102	els Vilars
42.3691	-6.9421	32017	Candeda
42.3691	-7.5798	32057	Requián
42.3692	-0.3408	22199	Yéspola
42.3692	-8.4456	36043	Forzanes
42.3692	1.1913	25208	Llagunes
42.3692	-3.2121	09433	Ezquerra
42.3693	-8.1240	32040	Leiro Grande
42.3693	-3.5534	09075	Villalval
42.3696	0.2718	22113	Tierrantona
42.3697	-1.0242	50148	Luesia
42.3698	-2.7463	26037	Mahave
42.3698	-5.8768	24144	Veguellina de Fondo
42.3698	0.8652	25234	Xerallo
42.3698	-3.4794	09026	Agés
42.3699	-2.5452	26143	Sojuela
42.3699	-8.4237	36025	Gajate
42.3700	-7.1980	27050	Sesmil
42.3700	-7.1188	32060	Carballal
42.3703	-6.2897	24090	Boisán
42.3703	-5.7730	24174	Urdiales del Páramo
42.3704	-2.6708	26030	Bezares
42.3704	-7.6999	32052	Loña do Monte
42.3704	-7.9996	32065	A Forxa
42.3705	-4.2915	34116	Osornillo
42.3707	-5.8509	24228	Santa Marinica
42.3707	-4.1098	09460	Villasandino
42.3707	-8.0106	32065	Punxín
42.3708	-7.4639	32080	Boazo
42.3708	-5.0294	24139	Sahagún
42.3711	1.6054	25030	el Pont de Bar
42.3712	-2.5819	26057	Daroca de Rioja
42.3713	-2.8641	26171	Villar de Torre
42.3716	-6.8050	32017	Lardeira
42.3716	-6.8783	32017	Santa Cruz
42.3720	-7.6995	32052	Vilouriz
42.3720	-5.5088	24062	Cubillas de los Oteros
42.3722	-3.8431	09297	Las Quintanillas
42.3724	2.8647	17042	Bosquerós
42.3725	-7.0965	27050	Oporto
42.3726	1.8870	17006	Alp
42.3728	-7.2085	27050	Encineira
42.3728	-8.4132	36025	Cortegada
42.3729	0.6019	22246	Moréns
42.3730	-0.4285	22072	Serué
42.3733	1.5235	25088	Estamariu
42.3733	1.3583	25906	Castellbó
42.3734	2.7878	17102	Arnera
42.3735	2.9203	17042	Capmany
42.3736	-6.8853	32017	Bascois
42.3736	-3.8234	09297	Villarmentero
42.3737	-7.4258	32023	Castro Caldelas
42.3737	0.0384	22907	La Lecina
42.3738	-6.0464	24182	Tejadinos
42.3738	-8.0735	32074	San Amaro
42.3740	-7.7738	32052	Campo
42.3741	-7.8818	32054	Vilar
42.3742	-2.8871	26172	Villarejo
42.3742	-6.2583	24091	Quintanilla de Somoza
42.3743	-7.7239	32052	Armariz
42.3743	-5.9344	24155	Santibáñez de la Isla
42.3744	-6.0748	24182	Curillas
42.3745	-5.9028	24144	Matilla de la Vega
42.3746	-2.7673	26041	Cárdenas
42.3749	-8.6137	36038	Canicouva
42.3749	-3.6930	09059	Villatoro
42.3749	-7.8049	32058	Villariño
42.3751	-8.2512	32004	Avión
42.3752	-4.6456	34236	Villanueva de los Nabos
42.3752	-3.0028	26110	Arviza
42.3752	3.0676	17227	Vilamaniscle
42.3755	-0.8242	50901	San Felices
42.3755	-3.4354	09044	San Juan de Ortega
42.3755	-1.5478	31178	Santacara
42.3755	2.3018	17192	Setcases
42.3755	-6.8573	32017	Casoio
42.3756	-0.5822	22173	Rasal
42.3757	-5.4742	24107	Velilla de los Oteros
42.3757	1.6877	25127	Travesseres
42.3757	0.2982	22113	Solipueyo
42.3757	0.2518	22113	Luján
42.3758	1.4521	25239	Les Valls de Valira
42.3759	-0.0576	22066	Torruéllola de la Plana
42.3760	-6.0682	24182	Penilla
42.3762	-0.3626	22199	Belarra
42.3763	-0.3152	22199	Grasa
42.3764	-0.0026	22066	El Pueyo
42.3764	-7.5851	32057	Caxide
42.3766	0.1540	22907	Morillo de Tou
42.3766	-1.2733	50078	Castiliscar
42.3768	-7.1628	32038	Seadur
42.3768	-8.6595	36058	Figueirido
42.3769	-6.0202	24182	Bustos
42.3770	-2.9544	26141	Santurdejo
42.3770	-7.5652	32057	Sardela
42.3770	-5.8876	24144	San Román el Antiguo
42.3771	-5.9717	24131	Toralino
42.3772	2.4160	17107	Fabert
42.3773	-1.9427	31015	Andosilla
42.3776	-3.5079	09029	Atapuerca
42.3776	1.8181	17084	Isòvol
42.3777	-4.6708	34236	Villaturde
42.3778	-7.5053	32057	San Lourenzo de Barxacoba
42.3778	-7.6218	32052	Vilouxe
42.3779	1.4680	25239	Calbinyà
42.3780	-7.4526	32023	Poboeiros
42.3782	-6.9920	32009	Santigoso
42.3782	-5.4309	24081	Gusendos de los Oteros
42.3783	-0.4537	22072	San Vicente
42.3783	1.6691	25139	Musa
42.3783	-6.3345	24090	Filiel
42.3784	0.5975	22246	Herrerías de Calvera
42.3784	-3.2426	09048	Puras de Villafranca
42.3785	-7.3375	32070	Argas
42.3785	2.3999	17107	Espinavell
42.3786	-8.1331	32040	O Outeiro
42.3787	-0.2781	22199	San Esteban de Guarga
42.3788	1.7377	25179	Prullans
42.3788	0.3925	22111	Murillo de Liena
42.3789	3.0283	17143	Rabós
42.3790	1.4568	25239	Anserall
42.3790	-8.5486	36043	Taboadelo
42.3791	-1.4438	31067	Carcastillo
42.3792	1.6233	25030	Aristot
42.3794	-0.2598	22199	Lasaosa
42.3796	0.4768	22244	Egea
42.3796	-8.1173	32040	Gomariz
42.3796	-0.2927	22199	Gésera
42.3797	-8.4639	36043	Caritel
42.3798	-7.0924	27050	Otero
42.3799	-7.1211	27050	Castrofoya
42.3799	0.1099	22907	Sarrato
42.3801	-5.5141	24062	Gigosos de los Oteros
42.3801	-6.0736	24182	Monfrontino
42.3801	0.3125	22113	Rañín
42.3802	-5.7083	24017	Bercianos del Páramo
42.3803	-4.5728	34192	Villasabariego de Ucieza
42.3805	-3.9335	09449	Villanueva de Argaño
42.3805	2.7013	17102	Tapis
42.3807	-7.3695	32023	Trabazos
42.3807	-4.6295	34112	Población de Soto
42.3809	-6.1925	24185	Lagunas de Somoza
42.3810	1.3227	25140	Turbiás
42.3812	-4.6984	34236	Villacuende
42.3812	-8.6337	36058	Balseiro
42.3812	-0.4889	22072	Aquilué
42.3814	2.8306	17001	Can Genís
42.3814	-1.6730	31191	Andosilla
42.3818	-3.0217	26110	Tondeluna
42.3819	-7.1290	32060	Petín
42.3819	0.4477	22111	Espluga
42.3820	0.9651	25227	La Plana de Mont-Ros
42.3821	0.3896	22111	Navarri
42.3823	-8.1781	32040	Lamas
42.3823	-5.6315	24187	Villibañe
42.3823	-7.4717	32080	Montoedo
42.3824	3.1536	17092	Grifeu
42.3825	0.2025	22907	Griébal
42.3826	-7.5684	32057	Parada do Sil
42.3828	-7.8408	32026	Ribela
42.3831	0.4938	22244	Serrate
42.3833	-0.6833	22173	Yeste
42.3833	-7.1833	27050	Villanuiz
42.3833	-8.0167	32065	Vilela
42.3833	-2.0571	31223	Sartaguda
42.3833	-7.1667	27050	San Martiño de Albaredos
42.3833	-7.2833	27050	Sanxurxo
42.3833	-7.0833	27050	Sampaio
42.3833	-7.5167	32057	Sacardebois
42.3833	-7.2333	27050	Ponte Nova
42.3833	-7.2500	27050	Navea
42.3833	-8.3833	36025	Xesta
42.3833	-8.4167	36025	Gende
42.3833	-7.3571	32023	Folgoso
42.3833	-7.5333	32057	Chandreja
42.3833	-6.8833	32017	Carballeda
42.3833	-8.6167	36058	Bértola
42.3833	-7.2500	27050	Bexe
42.3833	-8.2833	32004	Abelenda
42.3834	-8.5287	36043	Parada
42.3835	-0.0354	22066	Torrolluala del Obico
42.3836	0.1838	22907	Gerbe
42.3836	-2.5539	26096	Medrano
42.3837	0.8767	25201	Buira
42.3838	-5.8787	24144	Villamediana de la Vega
42.3838	-6.1054	24161	Santiago Millas
42.3841	-3.8331	09297	Santa María-Tajadura
42.3841	-8.1622	32040	Sesantes
42.3841	-7.9712	32002	O Formigueiro
42.3842	1.9012	17069	el Vilar d'Urtx
42.3843	0.2985	22113	El Humo
42.3845	1.8918	17069	Escadarchs
42.3845	-7.2091	27050	Angueiros
42.3846	-7.9073	32054	Beiro
42.3846	-7.7476	32052	Faramentaos
42.3847	-6.9065	32017	Novais
42.3848	-7.6349	32052	Cerreda
42.3849	-3.7353	09907	Quintanadueñas
42.3850	2.8071	17060	Veïnat d'Amunt
42.3851	-6.8452	32017	Trigal
42.3852	0.2791	22113	Alueza
42.3853	-0.3203	22199	Arraso
42.3853	-7.3470	32023	Vimieiro
42.3853	1.8501	17061	Sanavastre
42.3855	0.4994	22244	Pueyo
42.3856	-2.8150	26052	Cordovín
42.3856	-8.7087	36026	Mogor
42.3858	-6.8385	32017	Portela
42.3860	2.7481	17102	Maçanet de Cabrenys
42.3860	-2.7194	26015	Arenzana de Abajo
42.3861	-5.0781	24031	Calzada del Coto
42.3862	-7.4523	32023	Santa Tegra de Abeleda
42.3864	-6.2375	24091	Villalibre de Somoza
42.3866	-5.7909	24174	Mansilla del Páramo
42.3867	-5.9480	24131	Villarnera
42.3868	-7.2189	27052	Casares
42.3868	-7.4878	32080	Cristosende
42.3869	-7.7032	32052	Rubiacós
42.3873	-0.7187	22173	Triste
42.3873	-5.1446	24018	Bercianos del Real Camino
42.3873	-3.6047	09059	Cótar
42.3874	1.9105	17069	Urtx
42.3874	1.5822	25030	Castell nou de Carcolze
42.3875	-2.6949	26016	Arenzana de Arriba
42.3875	-3.5749	09326	Rubena
42.3876	-0.9415	50901	Biel
42.3878	-3.3095	09431	Villafranca-Montes de Oca
42.3878	-2.5307	26059	Entrena
42.3878	-3.7753	09907	Páramo del Arroyo
42.3879	-6.9851	32009	Soulecín
42.3880	-8.0157	32065	Villamoure
42.3882	0.6137	22246	Calvera
42.3883	-7.9370	32002	Fuentefría
42.3885	1.7181	25051	Ardòvol
42.3886	-6.8854	32017	Villadequinta
42.3888	-8.0904	32074	Anllo
42.3888	0.2595	22113	Charo
42.3891	-8.5023	36043	Ponte Caldelas
42.3891	-7.5887	32057	Castro
42.3893	-7.0146	32009	Santa Mariña
42.3896	-4.4625	34211	Villaherreros
42.3897	-1.7932	31104	Falces
42.3899	-5.8467	24228	Huerga de Frailes
42.3899	-2.9804	26140	Santurde
42.3903	1.6869	25127	Lles de Cerdanya
42.3903	-5.8785	24144	Seisón de la Vega
42.3904	-5.9073	24144	San Cristóbal de la Polantera
42.3905	-8.0441	32045	Treboedo
42.3905	-6.9045	32017	Robledo
42.3907	-7.8537	32026	Gustei
42.3909	2.9719	17158	Vilartolí
42.3910	-7.4734	32080	A Teixeira
42.3910	-5.9280	24144	Villagarcía de la Vega
42.3910	0.4834	22244	Padarniú
42.3912	3.0006	17064	Espolla
42.3914	-6.0459	24182	Matanza
42.3914	-5.9810	24131	Riego de la Vega
42.3914	-5.7134	24150	San Pedro Bercianos
42.3914	-8.7014	36026	Marín
42.3915	-2.6751	26092	Manjarrés
42.3916	-5.6401	24187	Vallejo
42.3919	-5.3923	24081	San Román de los Oteros
42.3920	-2.5855	26078	Hornos de Moncalvillo
42.3921	2.8679	17001	l'Estrada
42.3922	-3.5328	09029	Olmos de Atapuerca
42.3922	-8.7030	36026	Marín
42.3922	-8.8432	36051	Paxariñas
42.3922	-6.9221	32017	Domiz
42.3924	-2.8465	26040	Cañas
42.3924	-0.1940	22199	Aineto
42.3925	-5.7490	24174	Villarrín del Páramo
42.3925	-4.6416	34112	Nogal de las Huertas
42.3927	-1.4603	31179	Murillo el Fruto
42.3930	-7.4272	32023	Alais
42.3930	-3.4441	09044	Hiniestra
42.3931	-4.9520	24139	Ríosequillo
42.3931	-1.9790	31066	Cárcar
42.3932	-3.8957	09181	Palacios de Benaver
42.3932	-0.2878	22199	Molino de Villobas
42.3934	1.8144	17084	Olopte
42.3935	-5.4652	24058	Nava de los Oteros
42.3937	-0.7419	22173	Santa María
42.3937	-4.9807	24139	Villalebrín
42.3941	-6.0215	24182	Valderrey
42.3941	2.8467	17001	Agullana
42.3942	-8.8256	36051	Portonovo
42.3943	-8.5626	36043	Justanes
42.3943	-3.9836	09363	Citores del Páramo
42.3944	0.9491	25202	Oveix
42.3946	1.1038	25039	Montardit
42.3947	-7.4416	32080	Abeleda
42.3948	-3.7159	09907	Villarmero
42.3949	3.1525	17054	Garbet
42.3950	-4.7677	34231	San Llorente del Páramo
42.3952	-6.3666	24090	Molinaferrera
42.3952	-5.6535	24187	Villagallegos
42.3954	-0.0884	22066	Matidero
42.3955	1.3068	25140	Sant Andreu
42.3956	-3.2147	09048	San Miguel de Pedroso
42.3959	-3.6389	09471	Villayerno
42.3959	-3.4600	09044	Barrios de Colina
42.3960	-7.0281	32009	Fervenza
42.3960	-4.4097	34901	Villadiezma
42.3961	-2.8959	26094	Manzanares de Rioja
42.3961	-7.1982	27050	San Miguel de Montefurado
42.3962	-5.5750	24006	Villalobar
42.3962	-7.2081	27050	Hermidón
42.3963	-4.0366	09363	Olmillos de Sasamón
42.3964	-1.6296	31205	Murillo el Cuende
42.3965	0.9826	25227	Paúls
42.3965	0.5348	22233	Vilas del Turbon
42.3966	-6.9762	32009	Vilariño
42.3967	-7.1769	27050	Albaredos
42.3971	-6.3435	24090	Chana de Somoza
42.3971	-5.2150	24024	Grañeras
42.3971	2.1534	17043	Vall de Núria
42.3974	1.8402	17084	All
42.3974	1.8818	17069	Soriguerola
42.3976	-5.3006	24217	Villamoratiel de las Matas
42.3978	0.9890	25227	Pobellá
42.3978	-0.5013	22072	Caldearenas y Aguces
42.3979	-5.9510	24131	San Feliz de la Vega
42.3981	1.8019	25051	Cortàs
42.3981	1.9215	17069	Queixans
42.3982	-2.9222	26094	Gallinero de Rioja
42.3983	0.5874	22246	Ballabriga
42.3985	0.9434	25227	Aguiró
42.3985	-6.8715	32017	Medua
42.3986	0.0249	22066	Morcat
42.3988	0.3172	22113	Lascorz
42.3989	-4.5755	34192	Robladillo de Ucieza
42.3989	-6.6299	24016	Llamas de Cabrera
42.3991	-7.0593	32088	Correxais
42.3991	-7.5158	27059	Amandi
42.3993	-3.1449	09130	San Cristóbal del Monte
42.3994	-6.7097	24016	Benuza
42.3995	-6.8016	24122	San Pedro de Trones
42.3995	-2.8409	26039	Canillas de Río Tuerto
42.3995	-7.4368	32023	Santo
42.3998	-8.1502	32013	Pazos
42.3999	-7.3377	32070	Medos
42.3999	-8.8556	36051	Montalvo
42.4000	-8.8070	36051	Sanxenxo
42.4000	-7.6500	32052	Villar de Cerreda
42.4000	-7.1167	32072	Vilela
42.4000	-8.1000	32019	Varón
42.4000	-8.6167	36038	Tomeza
42.4000	-6.7333	24016	Sotillo de Cabrera
42.4000	-8.6333	36038	Salcedo
42.4000	-8.1000	32019	Sagra
42.4000	-8.4500	36025	Rífrío
42.4000	-8.0167	32045	Rañestres
42.4000	-7.5500	32057	Pinol
42.4000	-8.0833	32019	Partovia
42.4000	-7.9667	32002	Parada
42.4000	-6.8667	32017	Nogueiras
42.4000	-7.8167	32026	Melias
42.4000	-7.8000	32058	Melias
42.4000	-7.4667	32080	Lumeares
42.4000	-8.4333	36025	Lama
42.4000	-8.0500	32045	Lago
42.4000	-7.2167	27050	Hivedo
42.4000	-8.0667	32019	Grijoá
42.4000	-7.1167	32072	Fontei
42.4000	-0.4833	22072	Estallo
42.4000	-8.1333	32019	Cabanelas
42.4000	-7.2667	27050	Cabanas
42.4000	-7.8833	32002	Bóveda
42.4000	-8.7833	36051	Bordones
42.4000	-8.1167	32019	Banga
42.4000	-8.0000	32045	Armeses
42.4000	-7.3000	27050	Argas
42.4000	-8.1833	32040	Albarellos
42.4000	-7.9333	32002	Abruciños
42.4000	-2.6034	26145	Sotés
42.4003	-3.4199	09429	Quintanilla del Monte en Juarros
42.4003	-7.5359	27059	Casar de Cima
42.4005	-7.1027	32072	A Rúa
42.4005	-7.8631	32026	Vilarnaz
42.4007	-7.8353	32026	Coles
42.4008	-8.6798	36038	Estrivela
42.4008	-5.3432	24217	Grajalejo de las Matas
42.4008	1.7737	25051	Ordén
42.4010	-2.3246	26099	Murillo de Río Leza
42.4011	-7.4397	32023	Sequeiros
42.4011	1.5444	25239	Bescaran
42.4012	-5.9439	24144	Posadilla de la Vega
42.4014	-7.0764	32088	Valencia do Sil
42.4015	1.9329	17069	Les Pereres
42.4019	1.1039	25039	Enviny
42.4019	-7.0168	32009	Cesures
42.4020	-8.5261	36043	Tourón
42.4020	0.1735	22907	Lascambras
42.4021	-5.5415	24028	Cabreros del Río
42.4022	-7.8063	32026	Figueiredo
42.4022	-7.0757	32088	Valencia do Sil
42.4022	-2.7191	26157	Tricio
42.4023	0.9872	25227	Monrós
42.4024	-5.0536	24031	Codornillos
42.4024	-7.2303	27052	Peites
42.4026	-0.6502	22072	Anzánigo
42.4029	-7.4320	32023	O Val
42.4029	-8.2607	32004	Amiudal
42.4030	-5.9632	24182	Villar
42.4031	-6.9561	32009	Alixo
42.4031	0.9654	25227	Astell
42.4032	0.0859	22907	Latorrecilla
42.4033	-5.4667	24058	San Justo de los Oteros
42.4033	1.7655	25051	Talltendre
42.4033	-4.9228	24139	San Martín de la Cuenza
42.4034	-4.6990	34223	Villamoronta
42.4035	-8.7555	36041	Raxo
42.4038	2.8002	17014	la Vajol
42.4039	-7.3732	32023	Mazaira
42.4039	3.1515	17054	Colera
42.4042	-8.8421	36051	Arra
42.4042	-5.7899	24026	Antoñanes del Páramo
42.4044	0.9139	25201	Castellnou de Avellanós
42.4044	-0.3457	22199	Ordovés
42.4044	-6.1448	24161	Valdespino de Somoza
42.4044	-4.2448	09211	Melgar de Fernamental
42.4045	-6.8597	32017	Pumares
42.4047	-6.6814	24016	Yebra
42.4047	-3.9443	09181	Cañizar de Argaño
42.4047	0.9744	25227	Los Molinos
42.4049	-3.3142	09431	Ocón de Villafranca
42.4049	-2.1207	26007	Alcanadre
42.4049	-2.6265	26163	Ventosa
42.4052	-5.5829	24006	Benazolve
42.4054	0.8620	25173	Benés
42.4054	-3.2619	09445	Villambístia
42.4055	-7.4346	32023	Paradela
42.4055	-2.6894	26010	Alesón
42.4057	-6.8458	32017	San Justo
42.4057	-3.6159	09176	Hurones
42.4058	-4.3556	34901	Osorno
42.4058	-3.7954	09259	Marmellar de Abajo
42.4058	-4.9045	34091	Lagartos
42.4058	-7.0129	32009	Vales
42.4058	-7.1595	32072	Roblido
42.4059	-3.2802	09123	Espinosa del Camino
42.4059	-6.9525	32009	San Martín
42.4064	-7.0930	32072	Somoza
42.4066	-7.0793	32088	San Miguel do Outeiro
42.4066	-0.5361	22072	Javierrelatre
42.4066	-5.9731	24182	Carral
42.4067	-7.7424	32052	Pacios
42.4068	-8.8013	36051	Padriñán
42.4070	-2.4389	26006	Alberite
42.4071	-0.3034	22199	Castillo de Guarga
42.4074	0.2239	22907	Arro
42.4075	3.1054	17054	Molinàs
42.4075	-7.5316	27059	Lobios
42.4077	-5.4596	24058	Corbillos de los Oteros
42.4077	-4.1765	09242	Padilla de Abajo
42.4077	1.6629	25127	Arànser
42.4080	-4.6009	34192	Villamorco
42.4081	1.9526	17141	Vilallovent
42.4081	0.7417	25173	el Pont de Suert
42.4082	-8.5816	36043	Reigosa
42.4083	-2.8338	26152	Torrecilla sobre Alesanco
42.4083	-7.0496	32088	Penouta
42.4084	-7.0258	32088	Arnado
42.4088	-8.1453	32013	Lajas
42.4091	-3.0935	26174	Quintanar de Rioja
42.4091	-3.5330	09288	Quintanapalla
42.4092	-8.4244	36025	Antas
42.4093	2.8896	17086	Veïnat de Canadal
42.4096	0.3962	22074	Campo
42.4096	-7.7268	32052	Luintra
42.4096	-3.8222	09259	Pedrosa de Río-Urbel
42.4096	-6.3039	24090	Lucillo
42.4099	-5.9944	24182	Castrillo de las Piedras
42.4099	0.1635	22907	Usana
42.4100	-3.7131	09372	Sotragero
42.4101	-6.9473	32009	Raxoá
42.4102	-8.8477	36051	Ayós
42.4103	-8.0258	32045	Maside
42.4104	2.9965	17064	els Vilars
42.4104	-5.8695	24228	San Pelayo
42.4106	-5.8807	24223	Villoría de Órbigo
42.4106	-8.8326	36051	Adina
42.4106	1.8454	17078	Ger
42.4107	-4.8244	34231	Villambroz
42.4107	-5.0266	24215	Villapeceñil
42.4113	-8.7631	36051	Dorrón
42.4113	0.1056	22907	El Grado
42.4113	-6.9802	32009	Villoría
42.4114	-7.8723	32026	Cambeo
42.4116	-3.7493	09907	Arroyal
42.4116	0.3509	22113	Foradada de Toscar
42.4117	-6.8208	24122	Puente de Domingo Flórez
42.4117	-3.3322	09411	Mozoncillo de Oca
42.4121	-4.4963	34233	Villasarracino
42.4121	3.1619	17054	la Rovellada
42.4121	-2.8959	26050	Cirueña
42.4122	-7.8386	32026	Vilarchao
42.4122	-4.4539	34211	Fuente-Andrino
42.4123	-5.4497	24058	Rebollar de los Oteros
42.4124	0.2659	22113	Fuendecampo
42.4124	-7.1790	27050	Ferreira
42.4125	-0.4217	22199	Layés
42.4126	-0.4853	22072	Latre
42.4127	-0.7904	50901	Salinas de Jaca
42.4129	-5.9732	24182	Barrientos
42.4131	-5.5114	24028	Jabares de los Oteros
42.4131	-4.9944	24139	Villalmán
42.4132	1.1304	25209	Sort
42.4133	-3.5949	09176	Las Mijaradas
42.4133	-5.7851	24026	Grisuela del Páramo
42.4135	-0.1181	22199	Laguarta
42.4137	-3.1345	09130	Fresneña
42.4137	-3.2429	09392	Tosantos
42.4137	-0.1396	22199	Cañardo
42.4137	-7.0315	32088	Arcos
42.4139	0.4436	22243	Aguascaldas
42.4141	-1.2310	50248	Castillo Barués
42.4141	-2.8167	26009	Alesanco
42.4141	0.8092	25173	Erill-Castell
42.4142	1.1415	25039	Peruny
42.4142	-7.0608	32088	Vilamartín de Valdeorras
42.4147	-5.9680	24182	Santa Ana
42.4149	-3.3978	09027	Arraya de Oca
42.4149	-7.4801	27059	Doade
42.4152	-3.4184	09429	Villaescusa la Sombría
42.4152	1.9000	17024	La Zona Residencial del Golf
42.4154	-6.9102	32017	Sobradelo
42.4155	0.1401	22907	Aínsa
42.4156	-6.7392	24122	Robledo de Sobrecastro
42.4156	1.6958	25127	Viliella
42.4158	-5.5904	24187	Farballes
42.4158	-3.6885	09301	Quintanilla-Vivar
42.4159	-3.1107	09046	San Pedro del Monte
42.4159	1.8598	17078	Saga
42.4160	1.1108	25209	Pujal
42.4160	-8.7569	36041	Monte Bouza
42.4162	0.7090	22067	Gabarret
42.4162	-7.2306	27052	Figueiredo
42.4163	-4.6640	34175	La Serna
42.4164	1.7922	25051	Éller
42.4164	-6.9901	32009	O Barco de Valdeorras
42.4167	-7.2000	27050	Vilaster
42.4167	-7.3500	32070	Vilardá
42.4167	-7.0000	32009	Veigamuiños
42.4167	-7.9000	32087	Tamallancos
42.4167	-6.9667	32009	Santurxo
42.4167	-7.5667	27059	Santiorxo
42.4167	-8.7333	36041	Samieira
42.4167	-7.9167	32002	Rouzós
42.4167	-7.9833	32045	Piñeiro
42.4167	-8.8333	36051	Outeiro
42.4167	-8.1333	32013	Moldes
42.4167	-6.9500	32009	Millarouso
42.4167	-8.6667	36038	Lourizán
42.4167	-7.0167	32009	A Pobla
42.4167	-7.8167	32026	A Peroxa
42.4167	0.1833	22907	La Pardina
42.4167	-7.8333	32026	Gulpilleiras
42.4167	-8.0000	32045	Garabanes
42.4167	-7.8667	32026	Empalme
42.4167	-7.9500	32002	Cornoces
42.4167	-6.9667	32009	Coedo
42.4167	-8.1667	32013	Cameixa
42.4167	-7.9500	32002	Amoeiro
42.4167	-8.0333	32045	Amarante
42.4167	-8.4500	36902	Aguasantas
42.4168	1.9124	17141	Ventajola
42.4168	0.0974	22907	Guaso
42.4168	-7.7640	32052	Carballeira
42.4168	-8.7984	36051	Buezas
42.4169	-4.0429	09363	Sasamón
42.4171	-7.7498	32052	Nogueira de Ramuín
42.4172	-8.6168	36038	Marcón
42.4173	2.8736	17086	la Jonquera
42.4173	-7.8040	32026	Tras del Río
42.4174	-6.0336	24182	Cuevas
42.4174	-6.7822	24122	Vega de Yeres
42.4174	-7.6857	32052	San Estebo
42.4176	0.4224	22243	Biescas
42.4177	-8.0938	32019	Mesiego
42.4177	1.8799	17024	Bolvir
42.4178	-7.1861	27050	Centeáis
42.4179	-6.3479	24090	Busnadiego
42.4181	-0.3944	22199	Lanave
42.4182	-6.1239	24185	Val de San Lorenzo
42.4182	-3.3613	09100	Turrientes
42.4182	-2.7287	26102	Nájera
42.4183	-5.8164	24026	Matalobos del Páramo
42.4183	-5.6589	24187	Palacios de Fontecha
42.4184	-6.3678	24090	Piedras Albas
42.4186	-0.1752	22199	Gillué
42.4187	1.9472	17141	Age
42.4193	-0.8025	22173	Villalangua
42.4195	-7.0110	32009	A Proba
42.4196	-5.6197	24187	Valdevimbre
42.4199	-6.4488	24090	Pobladura de la Sierra
42.4201	0.8756	25173	Mesull
42.4202	-4.4213	34003	Abia de las Torres
42.4202	-8.7906	36051	A Xesteiriña
42.4205	-6.0862	24161	Oteruelo de la Valduerna
42.4205	-3.1913	09048	Belorado
42.4205	-3.4851	09133	Fresno de Rodilla
42.4208	-6.8324	32073	Quereño
42.4209	-4.7844	34231	Villarrabé
42.4209	0.8153	25173	Peramera
42.4211	-7.5814	27059	Barantes
42.4211	2.7491	17102	les Salines
42.4211	-6.0977	24161	Morales del Arcediano
42.4214	-7.3968	32023	Tronceda
42.4214	-7.7905	32059	Graices
42.4214	0.7641	25173	Gotarta
42.4217	-1.6202	31205	Pitillas
42.4218	-6.6614	24016	Santalavilla
42.4219	-6.9371	32009	Entoma
42.4220	-8.0725	32019	Señorín- O Carballiño
42.4220	0.3966	22074	Beleder
42.4222	0.9824	25227	la Torre de Cabdella
42.4222	2.9252	17041	Cantallops
42.4222	0.0161	22066	Campodarbe
42.4222	-5.2192	24024	El Burgo Ranero
42.4223	-3.3735	09100	Cerratón de Juarros
42.4224	-0.4116	22199	Castillo de Lerés
42.4225	-4.5707	34192	Miñanes
42.4225	-2.8926	26050	Ciriñuela
42.4225	-8.0487	32045	Dacón
42.4226	-7.5897	27059	Bolmente
42.4227	-2.0774	31157	Lodosa
42.4227	-3.0476	26174	Quintana
42.4228	-8.7219	36041	Chancelas
42.4230	-6.0069	24148	Nistal
42.4230	-6.7435	24122	Castroquilame
42.4230	-6.7033	24016	Pombriego
42.4231	-3.6801	09301	Vivar del Cid
42.4231	-0.4375	22199	Lasieso
42.4232	-6.0712	24161	Piedralba
42.4233	-8.8601	36051	Soutullo
42.4235	-7.8455	32026	Albán
42.4236	-5.7430	24150	La Mata del Páramo
42.4238	-7.2006	27050	Chao da Casa
42.4238	-6.9841	32009	Vegadecabo
42.4240	-2.8009	26022	Azofra
42.4245	-4.9683	24139	Joara
42.4253	-7.0012	32009	Termiñana
42.4253	-3.0109	26055	Morales
42.4253	-0.2622	22199	Artosilla
42.4253	-7.0481	32088	O Mazo
42.4255	-3.0823	09046	Bascuñana
42.4255	-7.9243	32002	Loureiro
42.4260	0.8434	25173	Erta
42.4260	-0.6651	22173	Centenero
42.4261	-8.2311	32013	Cardelle
42.4261	-3.1006	09424	Viloria de Rioja
42.4264	-3.4201	09429	Villaescusa la Solana
42.4264	-8.3826	36025	Seijido
42.4265	3.1580	17138	Portbou
42.4266	-2.4194	26168	Villamediana de Iregua
42.4266	-1.2822	50248	Vico
42.4268	-5.0308	24215	Trianos
42.4269	-2.4615	26084	Lardero
42.4269	-7.0350	32088	Córgomo
42.4269	0.6669	22067	Bonansa
42.4269	-6.5406	24115	Peñalba de Santiago
42.4270	-8.1361	32013	Nonás
42.4271	-3.7770	09907	Marmellar de Arriba
42.4274	-3.1359	09130	Villamayor del Río
42.4275	-7.7412	32052	Viñoás
42.4275	-8.8013	36051	Nantes
42.4276	-8.5670	36038	Salgueiras
42.4277	-5.0483	24215	Villamol
42.4278	-4.8936	34091	Villambrán de Cea
42.4278	-8.3948	36025	Covelo
42.4279	-7.8388	32026	Taín
42.4279	-7.9687	32076	A Agra
42.4279	-4.9464	24139	Celada de Cea
42.4280	0.2509	22190	Fosado
42.4280	-7.8433	32026	Cabanelas
42.4280	-2.6959	26079	Huércanos
42.4283	-5.8699	24228	Castrillo de San Pelayo
42.4288	-8.8721	36051	A Lanzada
42.4289	-7.8560	32026	Santa Mariña de Albán
42.4290	-6.0298	24148	Celada
42.4290	-8.7855	36027	Lores
42.4291	-6.1420	24185	Val de San Román
42.4292	-8.2906	32004	Couso
42.4292	-7.8469	32026	Tras do Río
42.4292	-3.3132	09411	Villalómez
42.4292	-7.9585	32076	Fondo de Vila
42.4293	-8.6608	36041	Poio
42.4293	-3.4355	09351	Piedrahita de Juarros
42.4294	0.2894	22190	Samper
42.4297	-3.8235	09259	Lodoso
42.4298	-3.6382	09904	Celada de la Torre
42.4299	0.0703	22066	La Valle
42.4300	-3.0484	26174	Villarta-Quintana
42.4300	-4.1190	09148	Grijalba
42.4302	1.1143	25209	Olp
42.4302	-7.0269	32088	A Portela
42.4305	-4.9739	24139	Sotillo de Cea
42.4307	-2.5647	26105	Navarrete
42.4307	-7.2245	27052	Piñeira de Arriba
42.4308	1.4823	25239	Arcavell
42.4308	0.0675	22066	Sieste
42.4310	-8.6443	36038	Pontevedra
42.4312	-1.2128	50248	Barués
42.4314	1.4665	25239	La Farga de Moles
42.4316	-3.9246	09181	Villorejo
42.4316	1.9282	17141	Puigcerdà
42.4316	-8.0790	32019	O Carballiño
42.4319	-8.7065	36041	Combarro
42.4319	-0.3115	22199	Abenilla
42.4320	-8.0979	32019	Longoseiro
42.4321	-2.9954	26055	Corporales
42.4322	-6.8236	32073	Sobrado
42.4322	-5.3707	24160	Santas Martas
42.4322	-7.8395	32026	Vilar da Barra
42.4323	-6.9855	32009	Otarelo
42.4324	-7.8242	32026	A Barra
42.4326	-7.9729	32076	Zarza
42.4326	-7.2254	27052	Piñeira de Abajo
42.4327	0.1792	22190	Soto
42.4328	0.0846	22066	Margudgued
42.4329	-7.7685	32059	Carracedo
42.4330	-1.3154	50248	Sofuentes
42.4331	-7.0361	32088	Bajeles
42.4332	-7.9656	32076	Fatón
42.4333	-8.1443	32013	Boborás
42.4333	-6.9667	32009	Vilanova
42.4333	-8.8333	36051	Villalonga
42.4333	-7.8500	32026	Vilar
42.4333	-6.8667	32017	Vila
42.4333	-8.4500	36902	Valongo
42.4333	-8.7667	36027	Simes
42.4333	-7.1000	32072	San Xulián
42.4333	-7.0000	32009	Pacios
42.4333	-7.2500	27050	Outeiro
42.4333	-8.6167	36038	Mourente
42.4333	-7.7167	32052	Moura
42.4333	-8.1167	32013	Xuvencos
42.4333	-7.5667	27059	Figueiroá
42.4333	-8.4167	36025	Escuadra
42.4333	-6.9833	32009	O Castro
42.4333	-8.2500	32004	Córcores
42.4333	-7.5333	27059	Bulso
42.4333	-8.5000	36902	Borela
42.4333	-8.5833	36038	Bora
42.4333	-6.9500	32009	Ambasaugas
42.4333	-8.5500	36902	Almofrey
42.4333	-5.6789	24187	Pobladura de Fontecha
42.4334	-6.2327	24152	Tabladillo
42.4335	-8.8585	36051	Noalla
42.4337	-6.2014	24152	Murias de Pedredo
42.4338	-5.1570	24024	Calzadilla de los Hermanillos
42.4343	-7.8368	32026	Ucelle
42.4347	-0.2259	22199	Fenillosa
42.4348	0.6278	22143	Alíns
42.4348	-3.7271	09906	Villanueva de Río-Ubierna
42.4348	-2.2514	26019	Arrúbal
42.4349	-8.8278	36051	Gondar
42.4350	-7.9545	32076	Mandrás
42.4351	0.4643	22243	Llert
42.4351	-7.0046	32009	Xagoaza
42.4354	-6.2851	24152	Valdemanzanas
42.4357	-7.2593	27052	Chenzas
42.4357	1.4471	25239	Argolell
42.4357	-7.1869	27050	Vilar de Mondelo
42.4361	-8.5888	36038	Tombo
42.4361	-0.2432	22199	Cerésola
42.4361	-6.8163	24122	Salas de la Ribera
42.4362	0.3029	22113	La Cabezonada
42.4362	-4.7853	34231	San Martín del Valle
42.4363	-0.5218	22072	Sieso de Jaca
42.4363	-5.5605	24006	Ardón
42.4367	-7.9680	32076	Souto
42.4368	-3.3209	09411	Villanasur Río de Oca
42.4368	-8.4541	36902	O Igrexario
42.4369	0.2772	22190	La Atiart
42.4370	-7.2075	27050	Bendilló
42.4371	-5.8851	24223	Veguellina de Órbigo
42.4375	-6.1748	24152	San Martín del Agostedo
42.4376	-3.0839	09082	Castildelgado
42.4376	-4.2574	09211	San Llorente de la Vega
42.4378	-4.0729	09363	Villasidro
42.4380	-0.2692	22199	Sandiás
42.4380	-4.1909	09243	Padilla de Arriba
42.4380	-3.0655	09307	Redecilla del Camino
42.4382	-4.7546	34038	Lagunilla de la Vega
42.4382	-3.6785	09906	Sotopalacios
42.4382	-3.1318	09308	Quintanilla del Monte
42.4382	-8.8180	36027	Dadín
42.4383	-2.7745	26075	Hormilla
42.4383	-0.4595	22199	Latrás
42.4383	-8.6728	36041	Campelo
42.4388	-7.9046	32087	Boimorto
42.4391	-5.5281	24033	Campo de Villavidel
42.4391	-0.3953	22199	Hostal de Ispiés
42.4392	-6.7677	24122	Yeres
42.4394	0.5858	22143	Espés
42.4399	-7.9847	32045	Louredo
42.4402	-2.9537	26138	Santo Domingo de la Calzada
42.4402	-5.4225	24160	Malillos
42.4402	0.6732	22067	Bíbiles
42.4402	-5.5409	24033	Villavidel
42.4403	-4.7181	34147	Albalá de la Vega
42.4404	-5.6932	24065	Fontecha
42.4405	-4.7111	34147	Santillán de la Vega
42.4406	-6.8570	32073	Vilar de Xeos
42.4408	-0.4015	22199	Baranguá
42.4409	-7.0739	32088	Cernego
42.4411	-5.9418	24223	Estébanez de la Calzada
42.4413	-5.7928	24026	Bustillo del Páramo
42.4413	-7.7945	32059	A Peroxa
42.4416	-0.3760	22199	Ipiés
42.4417	-6.5031	24115	Bouzas
42.4419	-7.9605	32076	Peago
42.4421	-3.9719	09257	Pedrosa del Páramo
42.4421	-4.5788	34903	Bahillo
42.4423	0.1612	22190	El Pueyo de Araguás
42.4424	-6.3054	24152	Villar de Ciervos
42.4424	-5.4704	24218	Riego del Monte
42.4426	-7.3790	27052	Torbeo
42.4426	-7.8363	32059	Gueral
42.4427	-6.9820	32009	Forcadela
42.4427	-5.6201	24006	Fresnellino del Monte
42.4428	-5.8440	24026	Acebes del Páramo
42.4429	-3.4378	09351	Santa María del Invierno
42.4431	-2.7075	26160	Uruñuela
42.4432	0.9919	25227	Aiguabella
42.4434	-2.2009	31165	Mendavia
42.4434	0.7237	25173	Sarroqueta
42.4435	1.1354	25183	Rialp
42.4436	-3.8773	09259	San Pedro Samuel
42.4437	-8.0858	32019	A Veiga
42.4438	-7.9481	32076	Villaseco
42.4438	-1.2710	50248	Mamillas
42.4442	-3.5905	09904	Ríocerezo
42.4447	-6.2448	24152	Santa Colomba de Somoza
42.4447	-7.9247	32087	Sobreira
42.4449	1.3940	25239	Ars
42.4449	-3.7944	09902	Mansilla de Burgos
42.4449	-3.3301	09411	Villalbos
42.4450	0.7724	25173	Irgo
42.4450	-0.1724	22199	Fablo
42.4450	1.4222	25140	Asnurri
42.4452	1.7878	17099	Meranges
42.4453	-7.2240	27050	Soldón
42.4455	-7.9731	32076	Faramontaos
42.4455	0.0680	22066	Boltaña
42.4455	1.0733	25209	Sauri
42.4456	-5.9046	24223	Villarejo de Órbigo
42.4457	-6.9607	32073	Oval
42.4460	0.1576	22190	Cajigosa
42.4461	-7.6690	27041	Frontón
42.4462	-4.6437	34143	Villaproviano
42.4463	-6.5718	24115	Montes de Valdueza
42.4464	-6.2011	24152	Pedredo
42.4465	-8.8194	36027	Dena
42.4466	-8.7812	36027	Meaño
42.4467	-2.2898	26002	Agoncillo
42.4468	1.9383	17141	Rigolisa
42.4470	-7.5414	27059	Gundibós
42.4470	-8.8592	36051	Revolta
42.4470	-7.2078	27050	Bendollo
42.4472	-7.2434	27050	Sequeiros
42.4474	1.8801	17082	Guils de Cerdanya
42.4476	-0.6940	22173	Ena
42.4476	0.5876	22143	Espés Alto
42.4477	-8.6859	36041	Poio
42.4478	-2.8871	26074	Hervías
42.4479	1.0833	25209	Bernúy
42.4480	-8.2878	32004	Baiste
42.4483	-6.8822	32073	Barrio
42.4483	-4.6095	34903	Gozón de Ucieza
42.4485	-7.6429	27041	Acedre
42.4486	-3.8147	09902	Zumel
42.4488	-7.8059	32059	Villarrubín
42.4488	1.7771	17099	Girult
42.4491	1.2251	25183	Montenastró
42.4496	-6.9476	32073	Rubiana
42.4498	-5.3963	24160	Luengos
42.4499	-3.0277	26069	Grañón
42.4500	-6.2644	24152	Turienzo de los Caballeros
42.4500	-7.8167	32059	Toubes
42.4500	-7.7500	32059	Temes
42.4500	-7.8500	32087	Reádegos
42.4500	-3.6833	09287	Quintanaortuño
42.4500	-8.8500	36051	Puente-Dena
42.4500	-1.1167	31203	Petilla de Aragón
42.4500	-8.0833	32019	Mudelos
42.4500	-7.4833	27031	Marcelle
42.4500	-7.5667	27059	Liñarán
42.4500	-8.6167	36038	Lérez
42.4500	-8.2167	32013	Feás
42.4500	-7.7500	32059	Celaguantes
42.4500	-8.1500	32013	Brués
42.4500	-8.1000	32019	Astureses
42.4500	-8.0667	32019	Arcos
42.4500	-8.0500	32019	Arcos
42.4500	-7.6167	27059	Anlló
42.4500	-7.6000	27059	Anlló
42.4500	-8.8167	36027	Altamira
42.4500	-7.3500	27050	Augasmestas
42.4502	-0.4140	22199	Artó
42.4503	2.9394	17086	Requesens
42.4504	-5.3075	24160	Villamarco
42.4504	-5.8745	24026	San Pedro de Pegas
42.4504	1.1035	25209	Altrón
42.4506	-4.1101	09368	Mahallos
42.4508	-7.0608	32088	San Vicente de Leira
42.4509	-6.3814	24152	Prada de la Sierra
42.4509	-6.8731	32073	O Castelo
42.4511	0.2031	22190	Los Molinos
42.4511	-0.4362	22199	Orna de Gállego
42.4512	-7.5828	27059	Proendos
42.4514	-6.9657	32009	Reporicelo
42.4516	0.2801	22190	San Juan
42.4516	-5.6972	24065	Méizara
42.4519	-7.9648	32076	Pereda
42.4519	1.0750	25209	Llesúy
42.4522	-0.6358	22130	Osia
42.4523	-3.3369	09411	Villalmóndar
42.4523	0.1356	22133	Labuerda
42.4524	-0.0376	22109	Planillo
42.4525	1.0981	25209	Sorré
42.4529	-6.8998	32073	A Veiga de Cascallá
42.4533	1.1266	25209	Surp
42.4534	0.0309	22066	Silves
42.4534	-7.6944	27041	Pombeiro
42.4535	-4.7030	34147	Renedo de la Vega
42.4535	0.2182	22190	El Plano
42.4536	-7.7334	32059	Os Peares
42.4537	-8.6859	36041	Arís
42.4538	-0.0275	22109	San Felices
42.4541	-6.8325	32073	Pardellán
42.4541	-1.6210	31051	Beire
42.4543	-3.0824	09178	Ibrillos
42.4544	-7.9821	32076	Villela
42.4545	-3.6392	09904	Ríoseras
42.4546	-4.4807	34052	Castrillo de Villavega
42.4548	-7.7285	32052	Torrón
42.4549	0.3433	22111	Víu
42.4550	-8.9248	36022	San Vicente do Mar
42.4553	1.1482	25183	Rodés
42.4555	-8.1853	32013	Moreiras
42.4556	0.6763	22157	Escané
42.4557	-6.1591	24008	Santa Catalina de Somoza
42.4557	-6.4644	24115	Palacios de Compludo
42.4558	-7.1524	27050	Fiáis
42.4560	-4.7412	34038	Bustillo de la Vega
42.4561	-7.2411	27050	Nováis
42.4563	-2.7315	26076	Hormilleja
42.4564	-7.6194	27059	Rosende
42.4565	0.7579	25173	Llesp
42.4568	-3.7255	09906	Celadilla-Sotobrín
42.4570	-6.0183	24148	San Justo de la Vega
42.4570	-6.3157	24152	Andiñuela
42.4571	0.5328	22062	La Muria
42.4571	0.2225	22190	La Muera
42.4573	-5.5064	24218	Palanquinos
42.4573	-3.9446	09202	Manciles
42.4573	2.0012	17094	Gorguja
42.4573	-6.5241	24115	Manzanedo de Valdueza
42.4576	-7.3300	27052	Nogueira
42.4577	-3.4697	09224	Monasterio de Rodilla
42.4577	-3.8111	09902	La Nuez de Abajo
42.4581	-3.7597	09902	Las Rebolledas
42.4582	-5.9311	24224	Santibáñez de Valdeiglesias
42.4584	-6.7684	24041	Las Médulas
42.4586	-5.3882	24160	Valdearcos
42.4588	-6.0560	24008	Astorga
42.4588	0.9892	25227	Espúy
42.4590	0.6625	22157	Noales
42.4592	0.7800	25245	Irán
42.4595	-5.6044	24006	San Cibrián de Ardón
42.4597	-7.2483	27050	O Castelo
42.4597	-7.1334	27050	Cereixido
42.4598	-3.1748	09132	Fresno de Riotirón
42.4598	-8.0115	32076	San Fagundo
42.4599	-6.1063	24008	Murias de Rechivaldo
42.4599	-3.8775	09902	Avellanosa del Páramo
42.4601	-8.2539	32011	Magros
42.4603	-3.3454	09411	Cueva-Cardiel
42.4603	-0.2045	22252	Espín
42.4605	0.1862	22190	Torrelisa
42.4605	-4.1192	09444	Villamayor de Treviño
42.4606	-7.9870	32076	Castrelo
42.4607	-7.9231	32087	Viña
42.4608	-6.8301	32073	Vilar de Silva
42.4613	-7.5864	27059	Sober
42.4613	-3.0893	09308	Sotillo de Rioja
42.4616	-0.0437	22109	Albella
42.4616	-6.7170	24022	Voces
42.4617	-4.5573	34903	Itero Seco
42.4617	-2.4081	26089	Varea
42.4620	-4.1073	09368	Sordillos
42.4621	-0.3896	22199	Pardina Centenero
42.4622	-4.7157	34147	Moslares de la Vega
42.4623	-5.8359	24159	Villavante
42.4624	-6.0785	24008	Valdeviejas
42.4624	-7.2147	27050	Paradaseca
42.4624	-6.6024	24115	San Adrián de Valdueza
42.4627	-8.0707	32019	Piteira
42.4628	-5.0115	24051	Cea
42.4629	-6.5192	24115	San Cristóbal de Valdueza
42.4629	-6.2688	24152	Santa Marina de Somoza
42.4635	-5.1242	24156	Castellanos
42.4635	-5.8864	24082	Hospital de Órbigo
42.4637	-3.6702	09906	Villaverde-Peñahorada
42.4639	-4.4798	34052	Villavega
42.4640	-3.7979	09902	Miñón
42.4641	-7.7342	27009	A Uz
42.4646	1.9807	17094	Llívia
42.4648	1.4232	25140	Civís
42.4648	-4.9734	24051	San Pedro de Valderaduey
42.4649	-0.5342	22072	Artaso
42.4649	-7.8912	32087	Vilamarín
42.4649	-8.6436	36038	Alba
42.4651	0.2065	22190	Oncins
42.4652	-6.7474	24022	Orellán
42.4652	-0.0042	22109	Jánovas
42.4654	0.6942	22157	Montanui
42.4655	-6.2047	24023	El Ganso
42.4659	-7.2545	27050	Caspedro
42.4661	-7.2890	27052	San Clodio
42.4661	-2.4512	26089	Logroño
42.4665	-6.6563	24119	Ferradillo
42.4667	-8.8833	36022	Valea
42.4667	-8.5500	36902	Tenorio
42.4667	-7.2333	27050	Souto
42.4667	0.2333	22190	San Victorián
42.4667	-6.6333	24115	Santa Lucía de Valdueza
42.4667	0.5333	22062	Sant Feliu
42.4667	-7.7000	27041	Rigueiro
42.4667	-7.2833	27052	Ribas del Sil
42.4667	-7.5667	27059	Refojo
42.4667	-2.3333	26002	Recajo
42.4667	-8.4833	36902	Rebordelo
42.4667	-8.9167	36022	Quinteiros
42.4667	-7.5500	27059	Neiras
42.4667	-7.5833	27059	Millán
42.4667	-8.0833	32035	Madarnás
42.4667	-8.4667	36902	Loureiro
42.4667	-7.8667	32087	León
42.4667	-5.5000	24218	La Estación
42.4667	-8.1333	32019	Xurenzás
42.4667	-8.3167	36025	Xirazga
42.4667	-8.7667	36027	Xil
42.4667	-8.1667	32013	Xendive
42.4667	-8.8167	36006	Couto de Abajo
42.4667	-8.1167	32035	Corneda
42.4667	-8.6333	36038	Cerponzóns
42.4667	-6.1333	24008	Castrillo de los Polvazares
42.4667	-8.4667	36902	Carballedo
42.4667	-7.7500	32059	Campos
42.4667	-8.7333	36041	Armenteira
42.4667	-7.8333	32059	Armental
42.4667	-7.8167	32059	Armental
42.4667	-8.8667	36022	Ardia
42.4667	-3.1153	09308	Redecilla del Campo
42.4668	0.6022	22143	Vilaplana
42.4669	-5.9343	24224	Valdeiglesias
42.4672	0.9912	25227	Central
42.4672	-8.3619	36025	Barcia
42.4673	-2.5615	26064	Fuenmayor
42.4673	-0.7463	22044	Paternoy
42.4674	-5.7999	24026	La Milla del Páramo
42.4674	-6.4353	24115	Carracedo de Compludo
42.4677	-7.7354	27009	Oleiros
42.4680	-5.3795	24160	Urbanización Campolar
42.4681	-3.2704	09048	Castil de Carrias
42.4682	-0.2371	22252	Orús
42.4684	-2.9101	26024	Bañares
42.4684	-3.5805	09904	Robredo-Temiño
42.4687	-4.0176	09473	Villegas
42.4687	-8.2733	32011	Beáriz
42.4687	-7.9966	32076	Fondo de Cea
42.4687	-8.5809	36038	Xeve
42.4688	-7.3941	27047	Vilachá
42.4688	0.1076	22133	San Vicente
42.4689	0.5249	22062	Verí
42.4690	-5.7093	24065	Mozóndiga
42.4691	-5.6198	24006	Cillanueva
42.4694	-4.6639	34143	Quintanilla de Onsoña
42.4695	-5.9100	24224	Villares de Órbigo
42.4696	1.1044	25209	Caregné
42.4699	-8.6698	36038	Campañó
42.4702	-6.0221	24148	San Román de la Vega
42.4704	0.5105	22062	San Martín
42.4706	-9.0043	15073	Isla de Sálvora
42.4708	-8.8094	36006	Couto de Arriba
42.4710	0.4301	22215	Abi
42.4711	-3.9255	09374	Susinos del Páramo
42.4712	0.5412	22062	Buyelgas
42.4714	0.5970	22143	Laspaúles
42.4719	-8.0326	32076	Lamas
42.4719	-7.6045	27059	Vilaoscura
42.4722	-4.7689	34038	Villarodrigo
42.4722	-3.3579	09010	Alcocero de Mola
42.4723	-1.8048	31171	Vergalijo
42.4724	-8.0896	32035	Cangues
42.4726	-5.4804	24218	Villanueva de las Manzanas
42.4728	0.7709	25245	Coll
42.4729	-4.0254	09473	Villamorón
42.4729	-5.6363	24065	Banuncias
42.4729	-4.2652	09211	Naveros de Pisuerga
42.4730	-8.0138	32076	Longos
42.4733	-7.7930	32059	Mirallos
42.4736	0.6021	22143	Suils
42.4736	0.1619	22190	Araguás
42.4738	-6.5533	24115	San Clemente de Valdueza
42.4740	0.9919	25227	Cabdella
42.4742	-0.0784	22109	Ligüerre de Ara
42.4743	-5.3549	24160	Reliegos
42.4744	-0.0342	22109	Lacort
42.4746	-7.2442	27050	Hospital
42.4748	-5.0960	24156	Banecidas
42.4749	-7.9874	32076	Cea
42.4749	-0.0053	22109	Lavelilla
42.4750	-3.5491	09904	Temiño
42.4755	-8.8972	36022	Reboredo
42.4756	-5.1936	24024	Villamuñío
42.4760	-6.0479	24219	Carneros
42.4760	-6.4656	24115	Compludo
42.4761	-4.2407	09211	Valtierra de Ríopisuerga
42.4762	0.7169	25245	Vilaller
42.4763	0.5666	22062	San Valero
42.4763	1.9692	17094	Cereja
42.4764	0.1727	22190	San Lorién
42.4767	-5.8967	24224	San Feliz de Órbigo
42.4767	-8.6189	36038	Berducido
42.4768	-7.2746	27050	Quiroga
42.4768	-0.2307	22252	Fanlillo
42.4769	-0.2540	22252	San Julián de Basa
42.4770	0.4313	22215	Seira
42.4770	0.7903	25245	Sarahís
42.4771	-7.6214	27041	Espasantes
42.4772	-4.6947	34143	Velillas del Duque
42.4772	-3.4411	09354	Santa Olalla de Bureba
42.4772	-0.4064	22199	Ibort
42.4772	-6.8937	32073	Real
42.4775	-8.7921	36027	Padrenda
42.4775	-2.0835	31224	Sesma
42.4775	-0.0648	22109	Santa Olaria
42.4777	0.0476	22066	Ascaso
42.4782	-4.1053	09427	Villahizán de Treviño
42.4784	-7.8819	32087	O Río
42.4785	-1.0221	50142	Lobera de Onsella
42.4787	-7.5869	27059	Canaval
42.4792	-6.7102	24119	Paradela de Muces
42.4795	-4.3722	34071	Espinosa de Villagonzalo
42.4796	-0.0710	22199	Javierre
42.4797	-1.6520	31191	Olite-Erriberri
42.4800	-0.5857	22130	Bernués
42.4801	1.8630	17082	Quès
42.4801	-7.5166	27031	Guntín
42.4803	-5.0332	24051	Bustillo de Cea
42.4803	-3.7827	09902	Santibáñez-Zarzaguda
42.4805	-3.1997	09048	Loranquillo
42.4808	-6.8620	32073	Biobra
42.4808	-3.4245	09292	Quintanavides
42.4809	-4.6409	34143	Portillejo
42.4809	-0.9342	50144	Longás
42.4809	-3.9379	09374	El Barrio
42.4810	-6.8358	32073	Covas
42.4810	-3.9791	09427	Olmos de la Picaza
42.4812	-5.5329	24197	Vega de Infanzones
42.4813	-2.6441	26046	Cenicero
42.4814	-3.2832	09076	Carrias
42.4815	-7.1675	27050	Paradapiñol
42.4816	-4.7468	34126	Pedrosa de la Vega
42.4818	-6.2841	24152	Rabanal del Camino
42.4818	-4.7367	34126	Villa romana La Olmeda
42.4818	-6.7247	24022	La Chana
42.4819	-7.3392	27050	Margaride
42.4822	-2.8892	26139	San Torcuato
42.4823	-5.4553	24218	Villacelama
42.4824	-5.9104	24224	Moral de Órbigo
42.4826	-6.8979	32073	Porto
42.4826	-6.4965	24115	Espinoso de Compludo
42.4828	0.4903	22062	Gabás
42.4829	0.7333	25173	Casós
42.4830	-0.0991	22109	San Juste
42.4830	-5.8757	24159	Villamor de Órbigo
42.4830	-7.2590	27050	San Victorio
42.4830	-5.5124	24227	Villarroañe
42.4831	-7.9595	32076	Cobas
42.4832	-1.9718	31152	Lerín
42.4832	-4.7192	34126	Gañinas
42.4832	-4.2090	09211	Santa María-Ananúñez
42.4833	-8.5167	36902	Viascón
42.4833	-7.7500	32059	Souto
42.4833	-8.1500	32035	Reádigos
42.4833	-7.8333	32087	Orbán
42.4833	-7.7833	32059	Marzás
42.4833	-8.0500	32019	Lobanes
42.4833	-8.2500	32011	Lebozán
42.4833	-8.7667	36028	Covas
42.4833	-7.7000	27041	Cova
42.4833	-7.6333	27041	Cangas
42.4833	-7.6167	27041	Cangas
42.4833	-7.7667	32059	Búbal
42.4833	-8.8167	36006	Bouza
42.4833	-7.2333	27050	Barja
42.4834	-1.8276	31171	Miranda de Arga
42.4835	-3.3846	09083	Castil de Peones
42.4835	-6.6837	24119	Villavieja
42.4838	-3.9398	09382	Tobar
42.4841	-8.8084	36006	Castriño
42.4841	-3.8295	09902	Las Celadas
42.4843	-4.4988	34025	Bárcena de Campos
42.4843	-5.7282	24065	Villar de Mazarife
42.4843	-7.1254	27050	Vilarmiel
42.4844	-0.3129	22199	Allué
42.4848	-4.2678	09211	Olmos de Pisuerga
42.4849	-6.5673	24115	Valdefrancos
42.4849	-4.8026	34169	Villarrobejo
42.4851	-8.8461	36022	A Illa da Toxa
42.4852	-7.2519	27050	Hermida
42.4853	-0.0387	22109	Tricas
42.4853	-3.8095	09902	Ros
42.4853	-6.9037	32073	Robledo
42.4855	-6.4002	24152	Labor del Rey
42.4856	-7.4387	27031	Vilamarín
42.4858	-5.0644	24215	Villacalabuey
42.4860	-5.5887	24065	Cembranos
42.4863	-7.2283	27050	Carballo de Hospital
42.4864	-7.4335	27031	Pacios
42.4865	-0.2818	22252	Yebra de Basa
42.4868	-8.4158	36902	Caroi
42.4868	-3.4001	09056	Revillagodos
42.4871	-0.2605	22252	Sobás
42.4873	-5.8974	24015	Gualtares de Órbigo
42.4873	-1.0540	50128	Isuerre
42.4875	-2.5687	26064	El Romeral
42.4877	-7.4119	27031	Rozabales
42.4881	-0.0055	22109	Puyuelo
42.4881	-0.4439	22199	Pardina de Campares
42.4883	-6.0454	24219	Sopeña de Carneros
42.4885	-0.0223	22109	Villamana
42.4885	-7.4788	27031	Penela
42.4886	-7.2269	27050	Santa Cubicia
42.4888	-6.0669	24219	Brimeda
42.4888	-5.6438	24065	Ardoncino
42.4889	-0.1127	22109	Borrastre
42.4892	-8.8792	36022	Melojo
42.4893	-6.0910	24023	Bonillos
42.4894	-7.5007	27031	Gullade
42.4895	-7.4887	27031	Nocedas
42.4896	0.5206	22062	Renanué
42.4896	-8.8106	36006	Quintáns
42.4900	-0.0736	22109	Muro
42.4902	-6.7234	24022	Borrenes
42.4903	-6.7656	24041	Carucedo
42.4904	-4.6033	34903	Villota del Duque
42.4904	-6.3840	24152	Manjarín
42.4905	-7.6414	27041	Serode
42.4905	-4.2081	09211	Tagarrosa
42.4907	0.1308	22189	Muro de Bellas
42.4912	-6.3437	24152	Foncebadón
42.4912	-2.9640	26167	Villalobar de Rioja
42.4913	-6.5841	24115	Villanueva de Valdueza
42.4914	-5.1169	24156	Santa María del Monte de Cea
42.4914	-3.1360	09098	Cerezo de Río Tirón
42.4915	-0.0991	22109	Arresa
42.4915	-4.0199	09473	Villanoño
42.4915	-7.5939	27041	Vilamelle
42.4918	-0.3846	22199	Rapún
42.4918	-5.1594	24156	Villacintor
42.4920	-7.2280	27050	Barreiro
42.4921	-3.6959	09906	Ubierna
42.4923	-6.1068	24023	Requejo de Pradorrey
42.4929	-2.2402	31145	Lazagurría
42.4932	-4.6634	34143	Villantodrigo
42.4933	-6.7888	24041	Lago de Carucedo
42.4936	-0.6530	22130	Botaya
42.4936	-2.5221	26089	El Cortijo
42.4943	-3.0745	26150	Tormantos
42.4944	-8.8650	36022	O Grove
42.4945	-2.5734	01033	Lapuebla de Labarca
42.4947	-0.4667	22130	Ara
42.4949	-5.8094	24159	San Martín del Camino
42.4950	0.7137	22157	Ginasté
42.4950	1.2578	25089	Mallolís
42.4950	-6.2711	24152	Rabanal Viejo
42.4951	-7.3985	27047	Liñares
42.4951	-0.0524	22109	Ginuábel
42.4952	1.2110	25126	Llavorsí
42.4952	-2.8783	26048	Cidamón
42.4956	-5.6114	24105	Antimio de Abajo
42.4956	-0.1209	22109	Fiscal
42.4956	-5.4872	24227	Roderos
42.4956	0.0762	22066	Morillo de San Pietro
42.4957	-7.2046	27050	Fistéus
42.4959	-6.1201	24023	Pradorrey
42.4965	-3.2204	09048	Quintanaloranco
42.4965	1.2722	25089	Farrera
42.4966	0.6333	22143	Denúy
42.4968	-2.7506	26129	San Asensio
42.4968	0.5065	22062	Bisaurri
42.4969	-1.2151	50248	Sos del Rey Católico
42.4970	-7.2227	27050	Campos de Vila
42.4970	-6.1573	24023	Brazuelo
42.4972	-4.7522	34218	Quintanadiez de la Vega
42.4976	0.7847	25043	Candet
42.4977	0.6619	22157	Castanesa
42.4979	0.1421	22189	Escalona
42.4980	-4.4595	34222	Santa Cruz del Monte
42.4982	-7.6502	27041	Seguín
42.4982	-5.5892	24105	Viloria de la Jurisdicción
42.4982	-3.9874	09427	Castromorca
42.4983	-0.1328	22109	Lardiés
42.4983	-0.0097	22109	Campol
42.4984	-8.1701	32035	Parada de Laviote
42.4986	0.8207	25245	Durro
42.4989	-5.4174	24094	Mansilla de las Mulas
42.4989	-1.1104	50186	Gordún
42.4990	-6.4577	24100	El Acebo de San Miguel
42.4992	-3.6464	09906	Peñahorada
42.4992	-0.4395	22130	Abena
42.4993	-4.3206	34168	Hijosa
42.4994	-4.4449	34222	Villorquite de Herrera
42.4994	-3.0244	26073	Velasco
42.4994	-4.7291	34126	Lobera
42.4995	-6.7876	24041	Villarrando
42.4999	-0.3178	22199	Osán
42.4999	-6.2844	24152	La Maluenga
42.5000	-7.7500	27009	Villaquinte
42.5000	-8.6167	36038	Vilariño
42.5000	-1.5000	31235	Ujué
42.5000	-2.6833	26154	Torremontalbo
42.5000	-7.6000	27041	Siós
42.5000	-6.6833	24119	Santalla
42.5000	-7.2000	27050	San Cristóbal
42.5000	-7.3333	27050	Quintá de Lor
42.5000	-1.2833		Peña
42.5000	-7.4667	27031	Monte
42.5000	-8.7500	36028	Meis
42.5000	-8.0833	32035	Loureiro
42.5000	-8.0167	32061	Loeda
42.5000	-7.8833	27009	As Lamas
42.5000	-7.9833	32061	A Canda
42.5000	-6.7833	24041	La Campañana
42.5000	-5.7333	24205	Fojedo
42.5000	-7.5500	27031	Distriz
42.5000	-7.6167	27041	Deade
42.5000	-8.4333	36902	Corredoira
42.5000	-7.8167	27009	Búbal
42.5000	-8.7500	36028	Barrantes
42.5002	-5.0132	24051	Saelices del Río
42.5003	-7.5697	27041	Mañente
42.5003	-6.8255	24041	La Barosa
42.5005	-4.6864	34143	Villarmienzo
42.5006	-6.8385	24165	Cancela
42.5007	-6.0581	24219	Villaobispo de Otero
42.5010	-0.3640	22199	Puente de Sabiñánigo
42.5012	-8.0015	32061	Piñor
42.5012	-8.7304	36028	Meis
42.5013	-7.8322	27009	A Lobagueira
42.5014	-8.1151	32035	Dadín
42.5014	-6.6099	24115	Valdecañada
42.5016	-6.6250	24115	Ozuela
42.5018	-5.4669	24095	Villaverde de Sandoval
42.5019	-5.4867	24227	San Justo de las Regueras
42.5024	-0.0336	22109	Giral
42.5025	0.3958	22215	Barbaruéns
42.5026	-3.2796	09036	Bañuelos de Bureba
42.5026	-3.3475	09273	Prádanos de Bureba
42.5027	-5.5497	24197	Grulleros
42.5028	-3.0470	26087	Leiva
42.5029	-3.0195	26073	Herramélluri
42.5030	-0.0143	22109	San Felices
42.5030	-8.2392	32013	Regueiro
42.5034	0.4770	22084	El Run
42.5037	0.1544	22144	Laspuña
42.5038	-6.9334	32073	Oulego
42.5038	-0.1396	22109	Berroy
42.5039	-6.6497	24115	Rimor
42.5039	-3.4815	09143	Caborredondo
42.5044	-5.8944	24015	Benavides
42.5045	0.7141	22157	Viñal
42.5046	0.8006	25245	Barruera
42.5047	1.2446	25089	Montescladó
42.5048	-5.5379	24197	Villadesoto
42.5049	-6.5819	24115	San Esteban de Valdueza
42.5051	1.2713	25089	Burch
42.5053	-6.7239	24022	San Juan de Paluezas
42.5057	-2.4364	01043	Oion / Oyón
42.5057	1.2560	25089	Glorieta de Montescladó
42.5061	-3.7071	09906	San Martín de Ubierna
42.5064	-7.1871	27050	Bustelo de Fistéus
42.5065	-0.0829	22109	Sasé
42.5066	-5.6866	24065	Chozas de Abajo
42.5066	-7.6976	27041	Atán
42.5066	-6.8742	24165	Portela de Aguiar
42.5067	-8.6759	36002	Curro
42.5068	-4.8000	34169	Santervás de la Vega
42.5070	-0.7842	22044	Arbués
42.5070	-0.3368	22199	Sardas
42.5070	-7.9964	32061	Barrán
42.5071	0.1266	22189	Puyarruego
42.5072	-6.4069	24100	Las Tejedas
42.5077	-5.3857	24094	Mansilla del Esla
42.5077	-6.8314	24041	El Carril
42.5077	1.1667	25209	Arestúy
42.5078	-4.5189	34228	Villanuño de Valdavia
42.5081	-7.6192	27041	O Castro de Ferreira
42.5082	-7.6258	27041	Os Castriños
42.5082	-0.4518	22130	Binué
42.5085	0.1780	22190	Ceresa
42.5088	-4.9710	24229	Villavelasco de Valderaduey
42.5091	-0.8114	22044	Bailo
42.5091	-7.6230	27041	A Lavandeira
42.5091	-5.4633	24095	Nogales
42.5091	-3.3847	09310	Reinoso
42.5092	-7.5360	27031	Piñeira
42.5093	-4.1154	09427	Villanueva de Odra
42.5093	0.7180	22157	Forcat
42.5094	-5.4427	24095	Mansilla Mayor
42.5095	-7.3049	27050	Vilar de Lor
42.5096	1.1423	25209	Bayasca
42.5097	-5.9322	24015	Quintanilla del Valle
42.5098	-8.5169	36902	San Xurxo de Sacos
42.5098	-6.6702	24119	Priaranza del Bierzo
42.5106	-8.6998	36028	Nogueira
42.5107	-7.4319	27031	As Barredas
42.5107	-5.4918	24227	Mancilleros
42.5112	1.4408	25239	Os de Civís
42.5112	-8.6937	36028	Nogueira
42.5116	-0.3097	22199	San Román de Basa
42.5118	-4.9199	24229	Villadiego de Cea
42.5118	-0.3086	22199	Isún de Basa
42.5122	-8.8131	36006	Cambados
42.5123	-8.0081	32061	Pazos de Arenteiro
42.5123	-2.9463	26025	Baños de Rioja
42.5123	0.4924	22084	Castejón de Sos
42.5125	-2.9315	26043	Castañares de Rioja
42.5125	0.1329	22189	Belsierre
42.5125	-1.1482	50186	Navardún
42.5126	-6.8073	24206	Valiña
42.5127	0.8595	25043	Pla de l'Ermita
42.5128	-6.8362	24165	Friera
42.5128	-6.2656	24152	Argañoso
42.5130	0.5296	22062	Urmella
42.5130	-8.3386	36018	Presqueiras
42.5132	-0.0285	22109	Geré
42.5133	-5.8606	24159	Santa Marina del Rey
42.5134	-7.5878	27041	Toldaos
42.5135	-3.6281	09906	La Molina de Ubierna
42.5136	-7.4305	27031	Sindrán
42.5141	-5.6463	24065	Antimio de Arriba
42.5141	-6.4324	24100	Folgoso del Monte
42.5141	-8.4926	36902	Sacos
42.5144	-7.6143	27041	San Martiño de Pantón
42.5147	-0.3745	22199	San Feliciano
42.5147	0.7281	25245	Artiga
42.5148	-4.2534	09088	Castrillo de Ríopisuerga
42.5149	-8.3124	36018	Pardesoa
42.5153	-7.6491	27041	Eiré
42.5155	-2.3712	31251	Viana
42.5157	-4.2388	09317	Rezmondo
42.5157	-2.6190	01022	Elciego
42.5158	-6.0619	24219	Otero de Escarpizo
42.5158	-4.7545	34157	San Martín del Obispo
42.5158	0.0836	22107	Gallisué
42.5159	-4.0096	09427	Villadiego
42.5161	-5.4046	24225	Villafalé
42.5165	-2.8809	26180	Zarratón
42.5165	-4.5320	34228	Arenillas de Nuño Pérez
42.5166	-0.8481	22044	Larués
42.5167	-8.7833	36006	Vilariño
42.5167	1.2500	25221	Tírvia
42.5167	-6.8500	24165	Sobrado
42.5167	-8.7500	36046	Ribadumia
42.5167	-8.6333	36002	Porriña
42.5167	-7.4000	27047	Pinel
42.5167	-7.6000	27041	Pantón
42.5167	-7.7833	27009	Lousada
42.5167	-6.0333	24214	La Carrera de Otero
42.5167	-7.6167	27041	Ferreira
42.5167	-8.1500	32035	A Cidade
42.5167	-7.7167	27041	Chouzán
42.5167	-7.4500	27031	Caneda
42.5167	-8.8000	36006	Cacabelos
42.5167	-8.7333	36046	Besomaño
42.5167	-7.7500	27009	Beascós
42.5167	-7.3333	27050	Barxa de Lor
42.5167	-5.7674	24205	Villadangos del Páramo
42.5167	-4.3964	34229	Villaprovedo
42.5168	-6.9741	24103	Lusio
42.5169	-6.0422	24214	Fontoria de Cepeda
42.5169	0.7248	25245	Cierco
42.5170	-6.5561	24115	Salas de los Barrios
42.5174	-3.8326	09902	Los Tremellos
42.5182	-5.4862	24227	Villaturiel
42.5183	-5.8819	24173	Gavilanes
42.5185	-0.1945	22252	Sasa
42.5186	-5.3597	24094	Villómar
42.5187	-6.2401	24152	Viforcos
42.5187	-5.9392	24015	Vega de Antoñán
42.5191	-5.8029	24205	Celadilla del Páramo
42.5192	-7.7034	27041	Marce
42.5192	-6.1257	24023	Combarros
42.5192	-0.3661	22199	Sabiñánigo
42.5193	-0.0499	22109	Semolué
42.5193	-3.6756	09906	Gredilla la Polera
42.5194	-1.1302	50270	Urriés
42.5196	-2.5074	01032	Assa
42.5198	-9.0373	15073	Couso
42.5198	-6.6919	24115	Dehesas
42.5200	-4.0747	09427	Tapia
42.5201	-3.9241	09166	Solano
42.5201	-6.9094	24165	Cabarcos
42.5203	0.8475	25043	Taüll
42.5205	-0.0451	22109	Castellar
42.5205	-6.8053	24165	Requejo
42.5206	-7.8804	27009	Aguada
42.5206	-5.7002	24065	Chozas de Arriba
42.5208	0.4656	22095	Chía
42.5214	-6.6550	24119	Villalibre de la Jurisdicción
42.5214	-6.9159	24165	San Tirso
42.5215	-4.7360	34157	Saldaña
42.5217	-7.5142	27031	Monforte de Lemos
42.5219	-7.8284	27009	Carballedo
42.5219	1.1980	25209	Aydí
42.5221	-7.2991	27050	Xestoso
42.5223	-5.5334	24227	Alija de la Ribera
42.5224	-6.4806	24100	Riego de Ambros
42.5225	0.8362	25043	Boí
42.5225	-0.7590	22044	Alastruey
42.5225	-3.7707	09172	Huérmeces
42.5225	0.7146	22157	Estet
42.5226	-1.3664	31069	Cáseda
42.5226	-4.7047	34157	Relea
42.5226	-8.1842	32035	Froufe
42.5227	-0.6752	22209	Santa Cruz de la Serós
42.5228	-8.5551	36007	Fragas
42.5228	-7.3917	27047	Abrence
42.5232	-5.9496	24015	Antoñán del Valle
42.5233	-0.0258	22109	Burgasé
42.5236	-5.0339	24226	Villacerán
42.5238	-6.5917	24115	San Lorenzo
42.5239	-4.7649	34218	Villaluenga de la Vega
42.5240	-8.1147	32035	Irijo
42.5241	-6.4063	24100	Castrillo del Monte
42.5242	-0.3502	22199	Aurín
42.5242	0.5106	22062	Arasán
42.5243	-6.6355	24115	Toral de Merayo
42.5243	-5.5816	24105	Onzonilla
42.5244	-7.6413	27041	Casdomato
42.5245	-1.4111	31110	Gallipienzo
42.5246	-0.4055	22199	Sasal
42.5246	0.8259	25043	Erill la Vall
42.5246	-3.3624	09056	Valdazo
42.5247	-4.6427	34157	Vega de Doña Olimpa
42.5247	-1.5609	31217	San Martín de Unx
42.5249	-7.5378	27031	Santa Mariña do Monte
42.5250	-8.7891	36006	San Antón
42.5252	-3.0042	26109	Ochánduri
42.5253	-4.3740	34168	Santa Cruz de Boedo
42.5254	-3.9056	09166	Borcos
42.5254	-3.9757	09427	Villalibado
42.5256	-7.1800	27050	Barjas
42.5257	-2.4083	01039	Moreda Araba / Moreda de Álava
42.5258	-2.8460	26127	Rodezno
42.5258	-7.1592	27050	Besarredonda
42.5258	-0.3310	22199	Latas
42.5260	0.0158	22107	Yeba
42.5260	-0.9645	50041	El Torrazo
42.5263	-5.8802	24173	Palazuelo de Órbigo
42.5263	-3.9274	09166	La Parte
42.5266	-4.8210	34169	Villapún
42.5266	-5.3835	24225	Villiguer
42.5268	-7.1700	27050	Casa do Vello
42.5269	-1.6745	31227	Tafalla
42.5270	-4.1747	09373	Guadilla de Villamar
42.5271	-6.7133	24038	Villaverde de la Abadía
42.5272	-6.1634	24023	Quintanilla de Combarros
42.5272	-9.0164	15073	Aguiño
42.5273	-3.4383	09143	Galbarros
42.5273	-8.0086	32061	Carballeda
42.5278	-1.8342	31053	Berbinzana
42.5278	-5.0474	24226	Santa María del Río
42.5280	-5.3735	24225	Villacontilde
42.5282	-4.4757	34222	Villameriel
42.5286	-5.5597	24105	Torneros del Bernesga
42.5288	-1.0217	50210	Pintano
42.5289	-5.6177	24162	Villanueva del Carnero
42.5290	-5.5526	24105	Sótico
42.5291	-6.9430	24103	Castropetre
42.5292	-7.5564	27031	Vid
42.5293	-8.6325	36002	Perdecanai
42.5296	-0.4467	22130	Frauca
42.5297	-3.6612	09906	Villalbilla-Sobresierra
42.5297	-8.4353	36902	Pedre
42.5298	-0.0632	22109	Cajol
42.5299	-0.3181	22199	Satué
42.5299	-8.3452	36018	Presqueiras
42.5300	-2.6792	01011	Mañueta / Baños de Ebro
42.5300	-6.0358	24214	Quintana de Fon
42.5301	-3.9854	09427	Arenillas de Villadiego
42.5301	-7.1309	27017	Outeiro
42.5303	-0.2110	22252	Cillas
42.5305	1.1910	25901	Estarón
42.5306	-5.1302	24156	Villamizar
42.5308	-0.2169	22252	Cortillas
42.5312	-5.4695	24227	Marne
42.5313	-0.4672	22130	Navasilla
42.5313	-7.7840	27009	Castro
42.5314	-6.8007	24206	Paradela del Río
42.5318	-0.4830	22130	Navasa
42.5318	-0.3820	22199	Cartirana
42.5318	-8.9992	15073	Castiñeiras
42.5319	-4.5588	34234	Villasila de Valdavia
42.5320	-8.7492	36028	Leiro
42.5325	-8.4761	36007	Montes
42.5326	-0.4358	22130	Jarlata
42.5327	-3.5102	09327	Rublacedo de Arriba
42.5329	-5.4132	24225	Villasabariego
42.5329	-0.6239	22130	Atarés
42.5330	-3.8704	09166	Espinosilla de San Bartolomé
42.5331	-7.6364	27041	Castillón
42.5333	-4.9833	24229	Valdescapa
42.5333	-8.7833	36061	Tremoedo
42.5333	-8.0167	32061	Torrezuela
42.5333	-3.4667	09327	Ruyales del Páramo
42.5333	-6.7667	24038	Peón de Abajo
42.5333	-8.7667	36006	Oubiña
42.5333	-7.9500	32076	Oseira
42.5333	-7.6000	27041	Moreda
42.5333	-9.0167	15073	Montevixán
42.5333	-7.8167	27009	Lousada
42.5333	-8.7167	36046	Lois
42.5333	-9.0333	15073	Liboi
42.5333	-7.2000	27017	Leixazós
42.5333	-7.7167	27016	Herbedeiro
42.5333	-3.4333	09143	Haedo de Bureba
42.5333	-8.0000	32061	Destierro
42.5333	-7.4333	27031	Chavaga
42.5333	-7.2667	27017	Castro Portela
42.5333	-7.2167	27050	Campodola
42.5333	-7.8500	27009	Buciños
42.5333	-7.4500	27031	Bascós
42.5333	-8.6500	36002	Agudelo
42.5334	-8.3893	36902	Cerdedo
42.5335	-3.5579	09904	Melgosa
42.5336	-7.9098	32076	Vales
42.5337	-0.1702	22069	Bergua
42.5339	-5.2801	24180	Saelices del Payuelo
42.5340	-3.6097	09906	Cobos Junto a la Molina
42.5340	-5.8450	24159	Sardonedo
42.5342	-4.6646	34157	Villanueva del Monte
42.5343	-5.8784	24173	Turcia
42.5345	-0.1298	22069	Asín de Broto
42.5346	-8.0907	36024	Cusanca
42.5347	-5.4454	24095	Villamoros de Mansilla
42.5347	-8.5801	36032	Amil
42.5350	-8.5293	36007	Praderrei
42.5350	1.2607	25017	Arahós
42.5351	-6.5965	24115	Otero
42.5351	-9.0290	15073	Graña
42.5355	0.5060	22084	Lirí
42.5358	-7.6779	27041	Villar de Ortelle
42.5358	0.7248	22157	Bono
42.5359	-4.9646	24229	Villazanzo de Valderaduey
42.5363	-8.4433	36902	Serrapio
42.5364	-5.5078	24227	Valdesogo de Abajo
42.5364	-4.2691	09482	Zarzosa de Ríopisuerga
42.5365	-0.3160	22059	Javierre del Obispo
42.5366	-7.0135	24103	Arnado
42.5366	-6.3699	24170	Matavenero y Poibueno
42.5366	-8.6387	36002	Lourido
42.5367	-7.1731	27050	Penasrubias
42.5368	-8.3038	36018	Soutelo de Montes
42.5370	-3.6938	09906	Mata
42.5371	-5.6011	24162	Ribaseca
42.5375	-8.5409	36007	A Lagoa
42.5376	0.0494	22107	Buerba
42.5376	-5.5441	24227	Marialba de la Ribera
42.5377	-8.8147	36061	Monte
42.5379	-4.5729	34234	Villamelendro
42.5379	-1.0447	50210	Undués-Pintano
42.5380	-4.7163	34157	Villalafuente
42.5381	1.2968	25017	Ainet de Besan
42.5381	-7.6002	27031	A Broza
42.5383	-3.7220	09906	Castrillo de Rucios
42.5383	-6.5200	24100	Molinaseca
42.5384	-6.5638	24115	Campo
42.5386	0.1346	22189	Santa María
42.5389	-5.3133	24180	Villalquite
42.5393	-6.4572	24100	Abesedo
42.5394	-7.8145	27009	Barrela
42.5397	-6.0717	24093	Magaz de Cepeda
42.5397	0.4820	22221	Sos
42.5398	-6.7497	24038	Villadepalos
42.5401	-6.9064	24165	Sobredo
42.5402	-7.5941	27031	Moreda
42.5403	-6.1113	24093	Vanidodes
42.5404	-7.4741	27031	Reigada
42.5405	-4.7839	34218	Santa Olaja de la Vega
42.5406	-9.0140	15073	Viján
42.5406	-8.7424	36061	Mozorín
42.5407	-4.2080	09373	Quintanilla de Ríofresno
42.5408	-8.2993	36018	A Madalena
42.5410	-6.4554	24100	Paradasolana
42.5411	-4.9641	24229	Carbajal de Valderaduey
42.5411	-5.0081	24229	Mozos de Cea
42.5412	-5.3531	24225	Valle de Mansilla
42.5415	-2.9642	26056	Cuzcurrita de Río Tirón
42.5419	-8.5943	36032	Rebón
42.5419	-4.3533	34161	San Cristóbal de Boedo
42.5420	-6.0290	24214	Cogorderos
42.5421	-0.5027	22130	Ulle
42.5423	-1.2976	31216	Gabarderal
42.5426	-2.8345	26111	Ollauri
42.5427	0.1938	22227	Badaín
42.5427	-7.3797	27047	Castroncelos
42.5428	-6.1952	24023	Veldedo
42.5429	1.1316	25082	Escart
42.5430	-5.6231	24162	Santovenia de Valdoncina
42.5430	-8.3956	36902	Figueroa
42.5431	-0.4160	22199	Pardinilla
42.5431	-6.7771	24206	Toral de los Vados
42.5433	-7.3376	27047	Salcedo
42.5435	-3.9592	09427	Villaute
42.5435	-6.3269	24170	Fonfría
42.5436	-3.6749	09906	Robredo-Sobresierra
42.5437	-8.7110	36028	Portelas
42.5438	0.1981	22227	La Fortunada
42.5440	-8.3230	36018	Ventoxo
42.5440	-2.7857	26034	Briones
42.5440	-5.5659	24105	Vilecha
42.5441	-6.0908	24093	Benamarías
42.5445	-5.4556	24225	Villarente
42.5451	0.0572	22189	Vío
42.5452	-0.2115	22069	Basarán
42.5456	-8.9901	15073	Martín
42.5457	-2.6265	01041	Navaridas
42.5458	-6.8811	24165	Cabeza de Campo
42.5459	-2.9494	26148	Tirgo
42.5466	-0.6988	22209	Binacua
42.5466	-6.5962	24115	Ponferrada
42.5469	-7.2539	27017	Froján
42.5469	-3.6892	09906	Quintanarrío
42.5469	-0.4352	22130	Martillué
42.5470	-5.5468	24227	Castillo de la Ribera
42.5470	0.4618	22249	Villanova
42.5470	-3.0968	26131	San Millán de Yécora
42.5471	-4.6458	34157	Valenoso
42.5471	-0.5270	22130	Barós
42.5472	-5.6429	24162	Raneros
42.5472	0.1609	22189	Hospital
42.5474	-5.5138	24227	Valdesogo de Arriba
42.5475	0.1321	22189	Puértolas
42.5475	-7.0380	24103	Gestoso
42.5475	-5.0545	24226	Castroañe
42.5476	-6.9686	24103	Oencia
42.5477	-8.7913	36061	Deiro
42.5478	-6.0696	24093	Vega de Magaz
42.5479	-2.6655	01057	Eskuernaga / Villabuena de Álava
42.5484	-0.1428	22069	Ayerbe de Broto
42.5484	-0.3444	22199	Senegüé
42.5485	-3.1932	09298	Quintanilla-San García
42.5486	-5.4821	24227	Toldanos
42.5487	-4.0213	09427	Barruelo
42.5488	-2.2409	31061	El Busto
42.5490	-9.0061	15073	Carreira
42.5490	-0.1910	22069	Escartín
42.5491	-2.9099	26042	Casalarreina
42.5493	-8.6852	36028	Romai
42.5493	-8.4990	36007	Morillas
42.5493	-0.9458	50041	Bagüés
42.5495	-0.4607	22130	Orante
42.5495	-7.7941	27009	Milleirós
42.5496	-5.6388	24162	Quintana de Raneros
42.5497	-7.4965	27031	Ribasaltas
42.5497	-7.6948	27041	Ribas de Miño
42.5499	-2.8224	26068	Gimileo
42.5499	-3.3232	09056	Briviesca
42.5500	-6.7500	24206	Villamayor
42.5500	-7.2333	27017	Vilar
42.5500	-7.6000	27041	Tuiriz
42.5500	-8.7500	36060	Soloveira
42.5500	-7.1667	27050	Pacios da Serra
42.5500	-7.7167	27016	Nogueira
42.5500	-8.5833	36032	Moraña
42.5500	-8.3500	36902	Folgoso
42.5500	-7.9833	32061	Coiras
42.5500	-7.4167	27031	Cereixa
42.5500	-8.4167	36902	Castro
42.5502	-6.1838	24023	Rodrigatos
42.5503	-5.7039	24189	Robledo de la Valdoncina
42.5503	-5.8309	24055	Alcoba de la Ribera
42.5504	-3.8967	09427	Hormazuela
42.5505	-5.7946	24055	Velilla de la Reina
42.5507	-4.7863	34218	Barrios de la Vega
42.5510	1.1547	25903	Escaló
42.5513	0.4833	22200	Eresué
42.5513	0.4721	22221	Sesué
42.5514	-7.0998	27017	Soldón
42.5514	0.0038	22107	Ceresuela
42.5516	-2.2729	31231	Torres del Río
42.5517	-5.2974	24180	La Aldea del Puente
42.5518	-7.8202	27009	Lobelle
42.5519	-5.4279	24225	Villafañé
42.5519	-8.7345	36061	Serantes
42.5519	-4.2851	09088	Hinojal de Ríopisuerga
42.5520	-8.5448	36007	Chacente
42.5521	-5.8631	24173	Armellada
42.5521	-3.9469	09427	Melgosa de Villadiego
42.5521	-7.5818	27031	Eibedo
42.5522	-5.6619	24189	Oncina de la Valdoncina
42.5522	-3.8795	09427	Bustillo del Páramo
42.5523	-4.8489	34245	Villota del Páramo
42.5524	-3.3875	09334	Salinillas de Bureba
42.5527	-3.9967	09427	Tablada de Villadiego
42.5529	-4.8985	24051	San Andrés de la Regla
42.5532	-8.3573	36902	Parada
42.5533	-3.5024	09327	Rublacedo de Abajo
42.5535	-8.9909	15073	Santa Uxía de Ribeira
42.5536	-2.2668	31219	Sansol
42.5536	0.1493	22189	Santa Justa
42.5538	-8.1741	32035	Espiñeira
42.5540	-0.3475	22199	Sorripas
42.5540	-0.3176	22199	Lárrede
42.5542	-7.0041	24103	Leiroso
42.5543	-7.5539	27031	Seoane
42.5543	-7.6283	27041	Mato
42.5546	-2.5853	01031	Laguardia
42.5546	0.2587	22182	Saravillo
42.5549	-8.5258	36007	Muimenta
42.5550	-8.6537	36002	Valiñas
42.5553	-8.6223	36002	Barro
42.5555	-6.9078	24103	Arnadelo
42.5558	-5.8475	24039	Quiñones del Río
42.5559	-7.4835	27031	Freixo
42.5560	-6.7332	24038	Carracedelo
42.5561	-7.3914	27047	A Pobra do Brollon
42.5561	-6.7541	24038	Villanueva
42.5564	-0.8277	22044	Arrés
42.5566	-8.7009	36028	Lantañón
42.5569	-4.2022	09373	Barrio de San Felices
42.5570	-7.5776	27031	Tor
42.5572	-8.0194	36016	Vidueiros
42.5575	-4.9689	24229	Velilla de Valderaduey
42.5578	-7.8078	27009	Pradeda
42.5578	-3.4074	09334	Buezo
42.5580	0.7522	25245	Senet
42.5581	0.7455	22157	Aneto
42.5584	-1.8495	31142	Larraga
42.5585	-5.5540	24227	Santa Olaja de la Ribera
42.5586	-7.0074	24103	Sanvitul
42.5586	-6.4986	24100	Onamio
42.5586	-4.6939	34157	Membrillar
42.5587	-7.2138	27017	Vidallón
42.5588	-6.5782	24115	Santo Tomás de las Ollas
42.5590	-3.0503	26155	Treviana
42.5591	-0.7876	22902	Puente la Reina de Jaca
42.5591	-4.1054	09427	Sandoval de la Reina
42.5592	-3.9697	09427	Villahernando
42.5592	-2.6044	01031	Páganos
42.5593	-0.4051	22199	Borrés
42.5596	-2.2848	31035	Armañanzas
42.5598	-2.3107	31047	Bargota
42.5599	-5.8438	24039	Huerga del Río
42.5603	-7.3669	27047	Lamaigrexa
42.5605	-0.7146	22044	Santa Cilia de Jaca
42.5606	-8.5560	36007	Moraño
42.5607	-8.8102	36061	Caleiro
42.5608	-8.9960	15073	Deán Pequeño
42.5609	-4.6028	34157	Villabasta
42.5609	-5.6995	24189	San Miguel del Camino
42.5609	-5.5889	24162	Villacedré
42.5611	-5.0482	24226	Villaselán
42.5611	-6.3708	24170	San Facundo
42.5612	0.1094	22189	Bestué
42.5612	-0.3830	22199	Larrés
42.5616	-8.8713	36901	A Salga
42.5616	-3.3602	09334	Revillalcón
42.5617	-0.2924	22059	Casbas de Jaca
42.5617	-2.3560	31026	Aras
42.5618	-4.4361	34222	Cembrero
42.5620	-7.6758	27058	A Cova
42.5620	-5.3128	24079	San Miguel de Escalada
42.5620	-6.0251	24214	Villamejil
42.5625	-2.5134	01032	Lantziego / Lanciego
42.5626	-8.8278	36061	Villanueva de Arosa
42.5628	-0.4309	22130	Espuéndolas
42.5629	-5.6518	24189	Fresno del Camino
42.5629	-5.5788	24089	Trobajo del Cerecedo
42.5632	-2.7607	26142	San Vicente de la Sonsierra
42.5636	0.1702	22227	Cortalaviña
42.5637	-4.0607	09427	Villusto
42.5638	-8.8726	36901	Illa de Arousa
42.5638	-5.4693	24175	Villacete
42.5638	-3.4524	09071	Quintana-Urria
42.5640	-8.8280	36061	Vilanova de Arousa
42.5640	1.2250	25901	Ribera de Cardós
42.5641	-3.8033	09172	San Pantaleón del Páramo
42.5644	-7.8836	27009	Asma
42.5645	-0.4534	22130	Gracionépel
42.5646	-1.4595	31094	Eslava
42.5647	-7.6681	27058	Fión
42.5650	-2.9229	26049	Cihuri
42.5651	-1.6483	31207	Pueyo
42.5651	-6.7472	24038	Villamartín
42.5651	-8.4171	36902	Filgueira
42.5652	-4.7289	34157	Villorquite del Páramo
42.5652	-7.1272	27017	Vilarbacú
42.5653	-7.5931	27041	Loureiro
42.5653	-3.8135	09172	Quintanilla-Pedro Abarca
42.5653	1.2222	25901	Surri
42.5655	-2.6332	01034	Leza
42.5656	-4.5832	34208	Villaeles de Valdavia
42.5657	-1.1694	50268	Undués de Lerda
42.5659	-1.5986	31150	Sansoáin
42.5660	-7.5731	27031	Tor
42.5660	-3.9234	09427	Brullés
42.5661	-7.8552	27009	Cartelos
42.5665	-5.4971	24175	Arcahueja
42.5665	-6.0839	24093	Zacos
42.5665	-5.3957	24225	Palazuelo de Eslonza
42.5667	-7.7500	27009	Vilauxe
42.5667	-7.7333	27016	Villauxe
42.5667	-7.5833	27041	Tuiriz
42.5667	-8.4333	36902	Quireza
42.5667	-7.7833	27016	Pereira
42.5667	-8.3000	36018	Millerada
42.5667	-7.2833	27047	Mazo Santigoso
42.5667	-8.0500	36016	O O
42.5667	-8.6667	36040	Lantaño
42.5667	-2.4167	01043	Labraza
42.5667	-7.4333	27047	Fornelas
42.5667	-8.3667	36018	Castrelo
42.5667	-8.3333	36018	Cachafeiro
42.5667	-8.6333	36040	Briallos
42.5667	-8.7167	36061	Baión
42.5667	-7.5333	27031	Baamorto
42.5667	-8.7833	36061	András
42.5667	-7.6667	27058	Acova
42.5667	-3.5910	09906	Quintanarruz
42.5668	-6.7820	24206	Otero
42.5668	-7.4751	27031	Parte
42.5670	-4.4849	34222	San Martín del Monte
42.5671	-5.4803	24175	Sanfelismo
42.5674	-2.0205	31012	Allo
42.5674	-6.2816	24170	Santibáñez de Montes
42.5675	0.0417	22107	Sercué
42.5677	-8.7577	36060	Paradela
42.5677	-0.5128	22130	Guasa
42.5678	-1.5011	31151	Lerga
42.5680	-7.7719	27016	Andemil
42.5680	-2.4318	01043	Gorrebusto / Barriobusto
42.5681	-2.4704	01060	Iekora / Yécora
42.5682	-5.6846	24189	Valverde de la Virgen
42.5684	-8.2049	36024	Zobra
42.5684	-0.6537	22130	Ascara
42.5685	-2.6797	01052	Samaniego
42.5688	-7.4676	27031	Camporrío
42.5688	-7.7333	27016	A Sariña
42.5690	-0.5499	22130	Jaca
42.5691	-3.2979	09056	Cameno
42.5691	-8.5876	36032	Gargantáns
42.5691	-7.5152	27031	Chao de Fabeiro
42.5694	-5.0606	24213	Villamartín de Don Sancho
42.5695	-8.9674	15073	Insuela
42.5695	-7.2321	27017	Vilamor
42.5698	-0.6102	22130	Abay
42.5699	-7.1965	27017	Santa Eufemia
42.5699	-5.5133	24175	Valdelafuente
42.5699	-2.5450	01023	Bilar / Elvillar
42.5702	-0.2400	22059	Ainielle
42.5707	-7.2178	27017	Campa
42.5708	-2.1928	31029	Los Arcos
42.5708	-7.9008	32076	Furco
42.5708	-4.0000	09427	Villalbilla de Villadiego
42.5710	1.3971	25017	Tor
42.5712	-5.8452	24039	La Milla del Río
42.5712	-6.8646	24059	Hornija
42.5712	-7.0220	24103	Vilarrubín
42.5715	-0.2727	22059	Berbusa
42.5715	-1.5747	31150	Maquirriain
42.5715	-3.6380	09906	Hontomín
42.5715	-1.4220	31103	Ayesa
42.5715	-2.7096	26001	Ábalos
42.5719	-6.7280	24038	Carracedo del Monasterio
42.5721	-7.0796	27050	Vieiros
42.5722	-3.7139	09906	Quintanilla-Sobresierra
42.5722	-7.4840	27031	Valverde
42.5722	-3.1211	09419	Valluércanes
42.5723	-6.8960	24059	Los Mazos
42.5726	-0.8915	22076	Martés
42.5726	-3.9663	09427	Boada de Villadiego
42.5726	-3.5414	09071	Valdearnedo
42.5726	-3.8677	09427	Acedillo
42.5732	-6.7988	24059	Horta
42.5732	-6.7729	24206	Perandones
42.5732	-6.6111	24115	Columbrianos
42.5733	-7.2728	27017	Parada dos Montes
42.5736	-6.3768	24170	San Andrés de las Puentes
42.5739	-9.0732	15073	Corrubedo
42.5740	0.1824	22227	Tella
42.5741	-4.3849	34041	Calahorra de Boedo
42.5742	-2.9012	26013	Anguciana
42.5744	0.0174	22107	Nerín
42.5745	-6.6404	24115	Fuentesnuevas
42.5745	-7.6793	27058	Rosende
42.5747	-4.7315	34157	Villafruel
42.5747	-7.0954	27050	A Seara
42.5747	-7.6237	27041	Tribás
42.5748	-4.7587	34157	Valcabadillo
42.5748	-1.2828	31135	Sangüesa/Zangoza
42.5750	-7.7063	27058	Mourelos
42.5751	1.1535	25903	Berrós Jussà
42.5753	-7.0536	27017	Ferramulín
42.5753	-6.8998	24059	Melezna
42.5754	-0.3034	22199	Oliván
42.5755	1.2173	25901	Bonestarre
42.5755	-5.3723	24079	Villarmún
42.5759	0.4655	22200	Sahún
42.5759	1.1675	25903	Berrós Sobirà
42.5759	1.2123	25901	Anás
42.5761	-8.5533	36007	Couso
42.5761	-7.7334	27016	Santiago de Arriba
42.5762	-8.0939	36016	Sanguiñedo
42.5763	-6.5076	24049	Calamocos
42.5763	-2.8476	26071	Haro
42.5763	-7.8659	27016	Esmoriz
42.5765	-5.2831	24180	Villamondrín de Rueda
42.5765	-5.4672	24175	Paradilla de la Sobarriba
42.5766	-7.2184	27017	Valdomir
42.5767	-7.4024	27047	Castrosante
42.5768	-2.4955	01032	Binasperi / Viñaspre
42.5769	-3.5884	09906	Lermilla
42.5769	-5.2251	24180	Valdepolo
42.5772	-5.5895	24089	Armunia
42.5778	-3.4419	09323	Rojas
42.5779	-5.2629	24180	Quintana de Rueda
42.5779	-6.6945	24034	Narayola
42.5780	-6.6671	24034	Camponaraya
42.5780	-6.4332	24049	Turienzo Castañero
42.5782	-3.4983	09071	Carcedo de Bureba
42.5782	-4.7984	34136	Poza de la Vega
42.5784	-0.1135	22069	Sarvisé
42.5784	1.0867	25082	Espot
42.5784	-4.4004	34122	Páramo de Boedo
42.5788	-7.6388	27058	Licín
42.5789	-8.9742	15073	Carballa
42.5790	-6.8193	24059	Corullón
42.5791	-0.4870	22130	Baraguás
42.5792	-8.4013	36902	Tomonde
42.5793	-7.8400	27016	Viana
42.5793	-8.1622	36024	Lebozán
42.5793	-4.1772	09373	Sotresgudo
42.5794	-6.4684	24049	Castropodame
42.5795	0.2764	22227	Sin
42.5796	-3.8925	09398	Coculina
42.5797	-6.7597	24209	Villadecanes
42.5798	-6.8649	24059	Viariz
42.5802	-5.3541	24079	Santa Olaja de Eslonza
42.5802	-5.6042	24089	Oteruelo de la Valdoncina
42.5803	-4.5988	34037	Arenillas de San Pelayo
42.5804	-0.5855	22130	Banaguás
42.5804	-5.8166	24039	Villanueva de Carrizo
42.5804	-4.9589	24229	Castrillo de Valderaduey
42.5806	-5.9268	24015	Quintanilla del Monte
42.5806	-5.6411	24189	La Virgen del Camino
42.5809	-8.6328	36005	Arcos da Condesa
42.5809	-5.4139	24225	Villimer
42.5810	-7.3775	27047	Saá
42.5810	-8.9811	15073	Carballal
42.5811	-5.5138	24175	Corbillos de la Sobarriba
42.5811	-3.0122	26063	Fonzaleche
42.5812	-0.0094	22107	Buisán
42.5812	-5.1933	24180	Villaverde de la Chiquita
42.5812	-7.2171	27017	Pendella
42.5813	0.3374	22182	Plan
42.5813	-5.5520	24089	Puente del Castro
42.5814	-4.6381	34190	Valles de Valdavia
42.5814	0.2949	22182	Serveto
42.5819	0.1718	22227	Arinzué
42.5820	-4.6991	34157	Villasur
42.5821	-0.5620	22130	Asieso
42.5825	-7.0520	27017	Hórreos
42.5826	-7.6259	27058	Vilasante
42.5829	-6.3120	24170	Santa Cruz de Montes
42.5831	-6.0174	24214	Castrillo de Cepeda
42.5831	-0.4495	22130	Lerés
42.5833	-7.8500	27016	Viana
42.5833	-8.8000	36061	Sobrán
42.5833	-8.7833	36060	Sobradelo
42.5833	-8.5833	36032	Saiáns
42.5833	-1.4000	31009	Sada de Sangüesa
42.5833	-8.7500	36061	Rubiáns
42.5833	-5.2667	24180	Quintana del Monte
42.5833	-8.9500	15073	Palmeira
42.5833	-9.0167	15073	Muiños
42.5833	-8.0167	36016	Mosteiro
42.5833	-8.7000	36005	Godos
42.5833	-8.7667	36060	Fuentecarmoa
42.5833	-7.4333	27047	Eijón
42.5833	-8.0167	36016	Dozón
42.5833	-9.0167	15073	Bouciñas
42.5833	-7.8833	27016	Bermún
42.5833	-6.5500	24115	Bárcena del Río
42.5833	-7.8167	27016	Asma
42.5833	-9.0000	15073	Artes
42.5833	-7.7333	27016	Arriba
42.5833	-7.9667	36047	Arnego
42.5833	-7.8500	27016	Agrade
42.5835	-8.7935	36060	Vilaxoán
42.5839	0.1700	22227	Lamiana
42.5840	-5.8288	24039	Carrizo de la Ribera
42.5841	-6.3356	24170	Santa Marina de Torre
42.5842	0.2247	22057	Salinas de Bielsa
42.5842	-6.7497	24206	Iglesia del Campo
42.5844	-5.6898	24189	Montejos del Camino
42.5846	-1.5396	31150	Olleta
42.5847	-3.7772	09227	Montorio
42.5847	-0.5766	22130	Guasillo
42.5851	-7.6400	27058	Escairón
42.5853	-0.4665	22130	Badaguás
42.5853	0.2876	22182	Señés
42.5853	-8.6557	36040	Portas
42.5854	-0.9842	50035	Artieda
42.5854	-0.9548	50168	Mianos
42.5855	-0.1083	22069	Buesa
42.5856	0.1531	22227	Estaronillo
42.5859	-6.5992	24115	San Andrés de Montejos
42.5861	-6.7409	24206	Sorribas
42.5861	-6.3360	24170	Torre de Santa Marina
42.5862	-6.4093	24049	San Pedro Castañero
42.5864	-7.7534	27009	Camporramiro
42.5864	-4.0272	09427	Barrios de Villadiego
42.5865	-1.5683	31150	Amatriáin
42.5865	-0.3291	22199	Arguisal
42.5866	-3.3668	09280	Quintanabureba
42.5868	-7.5472	27031	Fiolleda
42.5871	-8.7630	36060	Cornazo
42.5872	-9.0664	15073	Teira
42.5872	-5.4256	24175	Santibáñez de Porma
42.5873	-0.5108	22130	Ipas
42.5874	-5.2875	24079	Rueda del Almirante
42.5876	-0.2120	22069	Otal
42.5878	1.2104	25901	Estahón
42.5879	-3.9244	09427	Quintanilla de la Presa
42.5879	1.3266	25017	Areo
42.5879	-0.0223	22107	Fanlo del Valle de Vío
42.5879	-2.2744	31079	Desojo
42.5880	-7.7485	27016	Líncora
42.5881	-2.7254	26142	Peciña
42.5882	0.3450	22207	San Juan de Plan
42.5882	-0.7348	22902	Javierregay
42.5882	-2.0924	31036	Arróniz
42.5884	-4.9464	24229	Renedo de Valderaduey
42.5884	-3.9486	09427	Icedo
42.5885	-1.0763	50270	Ruesta
42.5885	-6.1942	24210	Ucedo
42.5886	-3.2046	09408	Vallarta de Bureba
42.5887	-1.7650	31038	Artajona
42.5887	-5.4773	24175	Villaseca de la Sobarriba
42.5888	-7.1954	27017	Folgoso do Courel
42.5888	-2.9612	26128	Sajazarra
42.5889	-8.4138	36017	Sabucedo
42.5889	-5.0080	24226	Valdavida
42.5893	-6.8490	24059	Villagroy
42.5894	-8.1135	36024	Vilar de Montes
42.5896	-7.4975	27008	Vilalpape
42.5897	-2.7957	01028	Bastida / Labastida
42.5897	-3.3291	09007	Aguilar de Bureba
42.5899	-4.4418	34176	Sotobañado y Priorato
42.5899	0.4927	22200	Eriste
42.5899	-7.2559	27017	Carballal
42.5900	-7.2218	27017	Eiriz
42.5900	-6.5169	24057	San Miguel de las Dueñas
42.5902	-7.4183	27047	Rey
42.5903	-6.8033	24209	Vilela
42.5903	-3.4134	09265	Piérnigas
42.5906	-6.2212	24210	Manzanal del Puerto
42.5908	-3.4391	09323	Quintanilla Cabe Rojas
42.5909	-3.9893	09427	Hormicedo
42.5911	0.3348	22114	Gistaín
42.5911	-2.5166	01019	Kripan
42.5912	-1.2088	31135	Javier
42.5912	-3.2642	09149	Grisaleña
42.5913	-7.7239	27016	Belesar
42.5915	-4.1007	09427	Villavedón
42.5916	-1.2887	31216	Rocaforte
42.5916	1.1486	25903	Dorbé
42.5917	-0.6957	22208	Somanés
42.5920	-6.2731	24210	Montealegre
42.5920	-1.3604	31009	Áibar
42.5923	-3.3066	09056	Quintanillabón
42.5923	-0.3105	22199	Orós Bajo
42.5923	-5.0444	24226	Arcayos
42.5923	-8.3509	36018	Forcarei
42.5923	-8.9307	15067	Arcos
42.5925	0.5100	22054	Anciles
42.5925	1.2626	25087	Esterri de Cardós
42.5925	1.2489	25017	Arrós
42.5926	-4.7363	34157	Carbonera
42.5928	-6.6666	24034	La Válgoma
42.5930	-4.0713	09427	Palazuelos de Villadiego
42.5930	-8.9495	15067	Mirandela
42.5931	-7.6199	27058	Seteventos
42.5931	-4.5967	34037	Renedo de Valdavia
42.5931	-9.0248	15073	Bretal
42.5934	-3.9637	09427	Villanueva de Puerta
42.5934	-7.6576	27058	Marrube
42.5934	0.5383	22054	Cerler
42.5940	-6.5039	24057	Almázcara
42.5941	-0.6293	22130	Novés
42.5942	-7.7119	27058	Diomondi
42.5942	-5.3291	24079	Mellanzos
42.5943	-6.9050	24059	Cadafresnas
42.5943	-0.1652	22069	Yosa
42.5943	1.1331	25082	Guingueta
42.5943	-7.8621	27016	Castro
42.5947	-7.6325	27058	Morgade
42.5948	-8.9329	15067	Jobre
42.5949	-5.4935	24175	Valdefresno
42.5949	-4.3303	34083	Herrera de Pisuerga
42.5950	-0.3293	22059	Escuer
42.5951	-8.5312	36015	Ciquiril
42.5953	-7.0403	24011	Albaredos
42.5956	-7.6833	27058	Freán
42.5957	-6.9506	24011	Mosteiros
42.5958	-6.7644	24209	Valtuille de Abajo
42.5961	-9.0019	15073	Sobrido
42.5961	0.1291	22189	Escuaín
42.5962	-4.3990	34122	Villaneceriel
42.5963	-8.7643	36060	Vilagarcía de Arousa
42.5964	-5.6080	24142	Trobajo del Camino
42.5965	-2.0267	31080	Dicastillo
42.5965	-4.8152	34245	Villosilla de la Vega
42.5966	-3.5212	09071	Arconada
42.5967	-7.7974	27016	Brigos
42.5969	-0.7850	22902	Santa Engracia
42.5970	1.2629	25017	Ginestarre
42.5971	-2.3052	31096	Espronceda
42.5972	-9.0369	15073	Olveira
42.5973	-7.0483	24011	Cruces
42.5975	-0.2959	22059	Barbenuta
42.5975	-5.2736	24079	Casasola de Rueda
42.5984	-2.9786	26063	Villaseca
42.5985	-7.7396	27016	Rubiás
42.5986	-7.3897	27031	A Ferreirúa
42.5986	-0.6100	22130	Caniás
42.5987	-6.9688	24011	Corporales
42.5988	-8.7383	36060	Cea
42.5989	0.1468	22227	Revilla
42.5989	-0.1281	22069	Oto
42.5989	-3.9293	09427	Fuencivil
42.5990	-7.5059	27008	Marzán
42.5990	1.1140	25082	Jou
42.5992	-8.5833	36032	Souto
42.5993	-5.4147	24175	Santa Olaja de Porma
42.5994	-0.4043	22199	Isín
42.5995	-6.1077	24093	Porquero
42.6000	-7.4000	27047	Veiga
42.6000	-6.0333	24214	Sueros
42.6000	-8.6833	36005	Saiar
42.6000	-7.4667	27008	Ribas Pequeñas
42.6000	-4.6000	34037	Renedo del Monte
42.6000	-6.5333	24057	Posada del Río
42.6000	-9.0000	15073	Oleiros
42.6000	-7.8167	27016	Mato
42.6000	-0.6500	22130	Las Tinas
42.6000	-8.5833	36032	Lamas
42.6000	-8.9500	15067	Gándara
42.6000	-8.3500	36018	Forcarei
42.6000	-7.3667	27047	Ferreiros
42.6000	-7.8667	27016	Esmeriz
42.6000	-8.3333	36018	Dosiglesias
42.6000	-9.0000	15073	Crucero
42.6000	-8.8833		Chazo
42.6000	-8.9167	15067	Cabio
42.6000	-4.2656	09373	Sotovellanos
42.6000	-6.6812	24034	Magaz de Abajo
42.6000	-5.5703	24089	León
42.6001	-8.5542	36032	Laxe
42.6002	-6.7237	24030	Cacabelos
42.6003	-0.6658	22130	Fraginal
42.6004	-1.6443	31114	Garínoain
42.6005	-8.4854	36017	Montillón de Arriba
42.6006	-3.8078	09398	La Nuez de Arriba
42.6007	-6.9679	24011	Vegas do Seo
42.6007	-6.4721	24049	Villaverde de los Cestos
42.6009	-5.5154	24175	Golpejar de la Sobarriba
42.6010	-0.2885	22059	Espierre
42.6011	-2.8319	26033	Briñas
42.6012	-1.6040	31197	Orísoain
42.6013	-8.4859	36017	Montillón de Abajo
42.6013	-4.0668	09427	Ríoparaíso
42.6016	-7.7622	27016	San Salvador de Asma
42.6016	-8.0702	36016	Maceiras
42.6017	-8.1857	36024	Lodeiro
42.6017	-6.9405	24011	Corrales
42.6018	-7.0040	24011	Quintela
42.6019	-7.7692	27016	Quintela de Asma
42.6020	-2.1020	31046	Barbarín
42.6020	-5.3452	24079	Villarratel
42.6021	-0.4174	22199	Asqués
42.6024	-6.2661	24210	La Silva
42.6028	-3.0772	09013	Altable
42.6028	-6.4090	24049	Viloria
42.6029	-0.6284	22130	Araguás del Solano
42.6029	-2.9374	09219	El Ternero
42.6029	-8.9382	15067	A Pobra do Caramiñal
42.6030	-7.6250	27058	Abuime
42.6031	-6.6288	24027	Cortiguera
42.6032	-4.3594	34122	Zorita del Páramo
42.6033	-8.0259	36016	Sa
42.6033	-5.4961	24175	Tendal
42.6033	-5.4497	24175	Navafría
42.6034	-1.6466	31045	Barásoain
42.6034	-6.6552	24034	Hervededo
42.6035	-2.7505	26142	Ribas de Tereso
42.6035	-2.4764	31141	Meano
42.6036	-7.6714	27058	Vilatán
42.6038	-7.6979	27058	Louredo
42.6038	-1.8552	31167	Muruzábal de Andión
42.6039	-5.2220	24180	Villahibiera
42.6041	-6.4395	24049	Matachana
42.6041	-0.8588	22076	Berdún
42.6043	-7.1590	27017	Ferreirós de Arriba
42.6043	-0.1235	22069	Broto
42.6043	-8.7518	36060	Arealonga
42.6047	-8.6423	36005	Caldas de Reis
42.6048	-2.4601	31141	Lapoblación
42.6049	-8.0838	36024	Pujallos
42.6050	-3.2263	09485	Zuñeda
42.6051	1.2414	25901	Lladrós
42.6052	-8.1899	36024	Vilatuxe
42.6053	0.5231	22054	Benasque
42.6056	-7.0294	24011	Barrosas
42.6057	-2.2267	31204	Mues
42.6058	-5.2592	24079	Cifuentes de Rueda
42.6060	-2.0465	31030	Arellano
42.6060	-6.8107	24209	Villafranca del Bierzo
42.6061	-5.8220	24092	Quintanilla de Sollamas
42.6064	-8.1426	36024	Doade
42.6066	-6.8605	24059	Dragonte
42.6067	-7.0663	27017	Visuña
42.6067	-4.6558	34190	Valderrábano
42.6068	-6.8969	24171	Moral de Valcarce
42.6069	-5.0380	24004	Villaverde de Arcayos
42.6072	-1.4073	31146	Leache
42.6072	-5.1870	24063	Herreros de Rueda
42.6075	-0.3142	22059	Orós Alto
42.6077	-4.7949	34129	Celadilla del Río
42.6077	-6.3667	24170	Torre del Bierzo
42.6081	-1.4564	31009	Ezprogui
42.6081	-5.3877	24201	Castrillo del Condado
42.6084	-2.3499	31043	Azuelo
42.6086	-9.0520	15071	Seráns
42.6088	-7.7711	27016	Chantada
42.6090	1.1517	25024	Llaborre
42.6091	-5.4019	24201	Secos del Condado
42.6092	-8.9566	15067	Lesón
42.6094	-6.2921	24170	La Granja de San Vicente
42.6097	-2.8869	26166	Villalba de Rioja
42.6097	-8.1095	36024	Villanueva
42.6099	-4.4504	34113	Olea de Boedo
42.6101	-8.1037	36024	Pontenoufe
42.6102	-5.9344	24123	Ríofrío
42.6106	-2.9594	26065	Castilseco
42.6107	-7.6451	27058	Vilarreme
42.6107	-4.4078	34176	Sotillo de Boedo
42.6110	-8.4638	36017	Souto
42.6112	-7.6865	27058	Laxe
42.6114	-6.9453	24011	Güimil
42.6116	-4.5995	34037	Polvorosa
42.6116	-3.4290	09195	Movilla
42.6117	-7.0736	27017	Céramo
42.6117	-5.6167	24142	San Andrés del Rabanedo
42.6118	-6.9798	24011	Barjas
42.6121	-2.0990	31160	Luquín
42.6122	-7.9327	36047	Asperelo
42.6123	-5.0620	24004	Castromudarra
42.6125	-2.3899	31008	Aguilar de Codés
42.6126	-0.1418	22230	Fragén
42.6127	-7.9700	36047	Carboentes
42.6129	-2.0139	31174	Morentin
42.6135	-7.2493	27017	Cortes
42.6135	-5.5474	24222	Villaobispo de las Regueras
42.6135	-6.9455	24011	Serviz
42.6136	-8.0302	36016	Vilarello
42.6136	1.2719	25017	Boldis-Subirá
42.6136	1.2665	25017	Boldis-Josa
42.6137	-7.1931	27017	Sobredo
42.6139	-8.7762	36060	Carril
42.6140	-7.5731	27058	Ousende
42.6141	-7.5797	27058	Pacios
42.6141	-7.8647	27016	Requeixo
42.6144	-0.1529	22230	Víu de Linás
42.6147	-0.5368	22130	Bergosa
42.6148	-9.0414	15071	Basoñas
42.6149	-2.6436	01030	Pipaon
42.6150	-0.9647	50245	Miramont
42.6150	-6.6415	24027	Barrio de Abajo
42.6151	-2.2153	31225	Sorlada
42.6153	-3.0390	26062	Foncea
42.6154	-5.6603	24142	Ferral del Bernesga
42.6155	-4.8174	34245	Acera de la Vega
42.6160	-8.8856	15011	Pesqueira
42.6163	-6.7641	24209	Valtuille de Arriba
42.6165	-2.1032	31125	Urbiola
42.6165	-4.3585	34083	Villabermudo
42.6165	-6.6326	24027	El Teso
42.6165	-1.5767	31150	Artariáin
42.6167	-7.4833	27008	Ver
42.6167	-8.6500	36005	Bemil
42.6167	-8.5833	36015	Troáns
42.6167	1.1000	25024	Son
42.6167	-8.9667	15073	San Mamede
42.6167	-6.8333	24209	Pereje
42.6167	-8.2167	36052	Parada
42.6167	-9.0167	15071	Muro
42.6167	-9.0000	15073	Muiños
42.6167	-6.6667	24007	Magaz de Arriba
42.6167	-8.9167	15067	Lomba
42.6167	-6.3333	24071	La Ribera
42.6167	-7.8333	27016	Laje
42.6167	-8.9500	15067	Hogo
42.6167	-7.4500	27023	Guntín
42.6167	-8.1167	36024	Gesta
42.6167	-7.1667	27017	Ferreirós de Abaixo
42.6167	-8.9000	15011	Esteiro
42.6167	1.1389	25024	Escalarre
42.6167	-8.4333	36017	Codeseda
42.6167	-8.6167	36005	César
42.6167	-6.2833	24170	Cerezal de Tremor
42.6167	-8.8833	15011	Castro
42.6167	-7.4167	27047	Canedo
42.6167	-4.1333	09373	Boán
42.6167	-7.7833	27016	Asma
42.6167	-7.7167	27016	Asma
42.6167	-9.0333	15071	Alboreda
42.6168	-2.1795	31099	Learza
42.6170	-2.1545	31099	Etayo
42.6170	-2.2648	31166	Ubago
42.6171	-1.1238	50245	Tiermas
42.6173	-6.9097	24171	Villar de Corrales
42.6174	-3.5537	09001	Bárcena de Bureba
42.6176	-6.5205	24057	Congosto
42.6177	-6.4154	24014	Bembibre
42.6177	-0.4871	22130	Villanovilla
42.6177	-5.5072	24175	Villavente
42.6178	-3.3605	09043	Terrazos
42.6179	-7.4402	27008	Mosteiro
42.6179	-5.8051	24055	Cimanes del Tejar
42.6180	-5.4696	24175	Villacil
42.6180	-4.2038	09373	Salazar de Amaya
42.6183	-9.0123	15071	Carballosa
42.6183	-0.9261	22076	Asso-Veral
42.6186	-1.0572	50245	Escó
42.6186	-8.1536	36024	Sotolongo
42.6186	-8.8770	15011	César
42.6187	-2.0071	31257	Aberin
42.6189	1.2355	25901	Lleret
42.6190	-0.3858	22199	Asún
42.6190	-7.7064	27058	Santo Estevo de Ribas de Miño
42.6191	-1.9539	31200	Oteiza
42.6191	-0.2502	22253	Yésero
42.6191	-0.2969	22059	Gavín
42.6194	-1.2758	31155	Liédena
42.6195	-7.4266	27008	Freituje
42.6198	-0.1693	22230	Linás de Broto
42.6200	-6.1491	24210	Valbuena de la Encomienda
42.6201	-1.6126	31192	Solchaga
42.6201	-4.4829	34061	Collazos de Boedo
42.6201	-6.6402	24027	Santa Ana
42.6202	-1.2036	31261	Yesa
42.6204	-5.5352	24222	Villamoros de las Regueras
42.6204	-3.8442	09398	Urbel del Castillo
42.6206	-8.3016	36018	Acebeiro
42.6207	-7.9370	36047	Senra
42.6209	-0.4068	22199	Acumuer
42.6210	-8.3993	36017	Liripio
42.6211	-1.6371	31192	Mendívil
42.6214	1.2489	25123	Lladorre
42.6215	-3.9329	09427	Los Valcárceres
42.6215	-7.5327	27008	Martiño
42.6218	-2.9609	26065	Galbárruli
42.6219	-5.6198	24142	Villabalter
42.6221	-7.6570	27058	Piñeiro
42.6221	-6.4339	24014	San Román de Bembibre
42.6222	-2.0122	31005	Muniáin de la Solana
42.6223	-3.3229	09423	Vileña
42.6223	-0.8183	22076	Biniés
42.6224	-5.3887	24201	Villafruela del Condado
42.6227	-6.8979	24171	Sotoparada
42.6229	-5.3254	24079	Vaduvieco
42.6230	-0.3503	22059	Yosa de Sobremonte
42.6230	-2.7102	01044	Montoria
42.6230	-2.2797	31170	Mirafuentes
42.6231	-3.5809	09001	Abajas
42.6233	-2.1420	31190	Olejua
42.6236	-7.1377	27017	Parada
42.6236	-6.6232	24027	Los Rubios
42.6236	-7.4848	27008	Bóveda
42.6236	-5.4461	24175	Solanilla
42.6237	-3.6641	09906	Quintanajuar
42.6240	-5.2269	24079	Gradefes
42.6240	-8.4922	36017	Arca
42.6242	-2.5399	01016	Vìllafría
42.6243	-3.4589	09195	Llano de Bureba
42.6246	-5.2449	24079	Nava de los Caballeros
42.6249	-2.5662	01030	Villaverde
42.6251	-7.2256	27017	Seceda
42.6252	-6.5636	24064	Cubillos del Sil
42.6253	-7.7019	27058	Pesqueiras
42.6254	-8.2340	36052	Laro
42.6255	-8.9968	15073	Balteiro
42.6256	-7.2729	27055	Casela
42.6259	-0.4644	22130	Acín
42.6260	-8.9429	15067	Entrerríos
42.6260	-7.8490	27016	Penasillás
42.6262	-4.6598	34020	Ayuela
42.6262	-2.5838	01030	Lagrán
42.6266	-3.7178	09906	Masa
42.6266	-2.4978	01016	Bernedo
42.6267	-0.5038	22130	Bescós de Garcipollera
42.6268	-2.2979	31230	Otiñano
42.6268	-3.2665	09052	Berzosa de Bureba
42.6268	-7.0012	24011	Campo de Liebre
42.6270	-7.0177	24011	Busmayor
42.6270	-7.6710	27058	Vilelos
42.6270	-0.7234	22901	Embún
42.6270	-3.0002	26045	Cellorigo
42.6271	-6.8073	24209	Landoiro
42.6275	-7.1215	27017	Moreda
42.6275	-8.8624	15011	Triñanes
42.6279	-4.1489	09373	Peones
42.6280	-5.3533	24079	Cañizal de Rueda
42.6280	-0.1121	22199	Torla
42.6282	-6.6432	24027	Valle del Agua
42.6282	-1.8345	31167	Mendigorría
42.6284	-5.5644	24222	Navatejera
42.6284	-6.8877	24171	Parada de Soto
42.6285	-5.2055	24063	Sahechores
42.6286	-3.2477	09135	Calzada de Bureba
42.6287	-7.1437	27017	Seoane do Courel
42.6287	-7.1452	27017	Parada do Courel
42.6289	-4.0978	09175	Congosto
42.6290	-7.2618	27055	Parada
42.6290	-0.3214	22059	Biescas
42.6290	-8.1028	36024	Catasós
42.6290	-1.5618	31150	Amunarrizqueta
42.6294	-2.1050	31255	Villamayor de Monjardín
42.6294	-2.4393	31162	Marañón
42.6295	-4.3014	34005	San Quirce de Ríopisuerga
42.6296	-4.5034	34154	Revilla de Collazos
42.6296	-0.5502	22086	Castiello de Jaca
42.6296	-5.3979	24201	Moral del Condado
42.6297	-2.4113	31063	Cabredo
42.6297	-8.1925	36024	Barcia
42.6301	-8.3731	36018	Quintillán
42.6302	-4.0505	09175	Ordejón de Arriba
42.6303	-5.2843	24079	Valdealiso
42.6303	-1.0121	50245	Sigüés
42.6307	-3.3007	09422	La Vid de Bureba
42.6307	-0.5125	22130	Yosa de Garcipollera
42.6308	-7.7877	27016	Fornas
42.6308	-6.7477	24030	San Clemente
42.6309	-5.1393	24063	Llamas de Rueda
42.6311	-3.4914	09272	Lences
42.6313	-5.4561	24175	Villalboñe
42.6313	-5.8094	24055	Azadón
42.6317	-6.7224	24030	Quilós
42.6320	-2.2042	31204	Piedramillera
42.6320	-8.7603	36060	Bamio
42.6321	-7.6949	27058	Santa Cruz
42.6324	-7.6861	27058	Pacios
42.6325	-0.3638	22059	Aso de Sobremonte
42.6329	-0.4524	22130	Larrosa
42.6329	-1.4825	31103	Sabaiza
42.6329	-7.6902	27058	A Candaira
42.6331	-7.8411	27016	Mouricios
42.6332	-6.1994	24210	Brañuelas
42.6332	-6.6549	24143	Cueto
42.6333	-6.5780	24064	Cabañas de la Dornilla
42.6333	-6.3500	24071	Villaviciosa de Perros
42.6333	-8.0500	36016	Sisto
42.6333	-7.1500	27017	Seoane
42.6333	-6.4000	24014	Santibáñez del Toral
42.6333	-7.9500	36047	Riobó
42.6333	-8.9500	15067	Rego
42.6333	-8.2500	36052	Refoxos
42.6333	-7.6833	27058	Rebordaos
42.6333	-8.9167	15067	Postmarcos
42.6333	-8.3167	36018	Pereira
42.6333	-7.7500	27016	Merlán
42.6333	-8.9000	15011	Magdalena
42.6333	-7.4167	27024	Layosa
42.6333	-6.2000	24210	La Estación
42.6333	-9.0333	15071	Xuño
42.6333	-7.3500	27024	O Incio
42.6333	1.1667	25024	Gavàs
42.6333	1.1333	25086	Esterri d'Àneu
42.6333	-8.6000	36015	Estacas
42.6333	-9.0333	15071	Carballido
42.6333	-7.9167	36047	Camba
42.6333	-8.9333	15067	Aldeavella
42.6335	-6.5609	24064	Posadina
42.6335	0.2186	22057	Bielsa
42.6335	-6.9612	24011	Moldes
42.6340	-8.5626	36015	Cuntis
42.6340	-3.2351	09135	Fuentebureba
42.6341	-6.1618	24210	Villagatón
42.6341	-2.8313	01028	Gatzaga Buradon / Salinillas de Buradón
42.6342	1.1095	25024	València d'Àneu
42.6342	-3.1118	09251	Pancorbo
42.6342	-6.6347	24027	La Malladina
42.6342	1.1488	25024	Unarre
42.6348	-3.8762	09045	La Piedra
42.6350	-6.4240	24014	Viñales
42.6350	-5.5337	24222	Villarrodrigo de las Regueras
42.6350	-5.8252	24092	Llamas de la Ribera
42.6350	-8.9055	15011	Escarabote
42.6352	-6.7377	24030	Villabuena
42.6352	-1.6128	31192	Olóriz
42.6353	-7.8245	27016	Muradelle
42.6353	-2.4699	01016	Angostina
42.6354	-3.3474	09043	Las Vesgas
42.6354	-7.5662	27058	Xesto
42.6355	-2.0870	31125	Azqueta
42.6355	-0.3492	22059	Betés
42.6358	-7.5838	27058	Aiaz
42.6360	-7.1086	27017	Campelo
42.6361	-5.4738	24175	Carbajosa
42.6363	-7.6559	27058	Xuvencos
42.6364	-7.7789	27016	Veiga
42.6365	-6.0598	24123	Donillas
42.6369	-2.2797	31182	Nazar
42.6370	-6.9565	24011	Hermide
42.6371	-3.7733	09905	Nidáguila
42.6371	-2.5239	01016	Navarrete
42.6372	-5.6166	24163	Azadinos
42.6373	-8.5698	36015	Piñeiro
42.6379	-4.6145	34037	Buenavista de Valdavia
42.6380	-7.9770	36047	Alceme
42.6383	-2.1648	31184	Oco
42.6386	-8.1156	36024	Moneijas
42.6386	-7.1357	27017	Esperante
42.6387	-6.1380	24210	Requejo y Corús
42.6388	-4.4352	34068	Dehesa de Romanos
42.6394	-7.8358	27016	Limiñón
42.6396	-4.3052	34005	San Vicente
42.6397	-4.0722	09175	Ordejón de Abajo
42.6397	-5.9504	24123	Ferreras
42.6398	-3.6243	09906	Cernégula
42.6400	-8.0054	36024	Castro de Cabras
42.6400	-7.8531	27016	Nande
42.6400	-0.8902	50232	Villareal de la Canal
42.6400	-6.0719	24123	Villameca
42.6401	-7.0946	27017	Romeor
42.6401	-3.2063	09115	Cubo de Bureba
42.6402	-6.5643	24064	Cubillinos
42.6402	-6.9168	24011	San Fiz do Seo
42.6404	-1.5352	31150	Iracheta
42.6405	-3.1805	09353	Santa María-Ribarredonda
42.6407	-8.4073	36017	Ribela
42.6408	-6.6863	24007	Arganza
42.6408	-8.8842	15011	Tenencia
42.6408	-3.5455	09272	Castil de Lences
42.6410	-8.9086	15011	Lampón
42.6413	-7.8031	27016	Mariz
42.6415	-5.9670	24123	Morriondo
42.6416	-4.2391	09373	Cuevas de Amaya
42.6417	-2.2352	31204	Mendaza
42.6417	-6.1038	24210	Culebros
42.6421	-6.0182	24123	La Veguellina
42.6421	-5.3693	24201	San Vicente del Condado
42.6428	-4.1628	09373	Amaya
42.6429	-6.4071	24014	San Esteban del Toral
42.6430	-5.3801	24201	San Cipriano del Condado
42.6431	-5.4214	24201	Represa del Condado
42.6433	-2.6831	01044	Loza
42.6436	-2.7080	01044	Urizaharra / Peñacerrada
42.6436	-6.4434	24014	Rodanillo
42.6437	1.2561	25123	Tavascan
42.6440	-9.0115	15071	Zapatal
42.6443	-6.2702	24170	Tremor de Abajo
42.6444	-1.6182	31192	Oricin
42.6446	-7.3310	27024	Trascastro
42.6447	-4.6297	34037	Barriosuso
42.6448	-1.5197	31124	Leoz
42.6450	-4.8079	34129	Pino del Río
42.6452	-2.3902	31116	Genevilla
42.6454	-2.0855	31125	Igúzquiza
42.6456	-6.6951	24007	Campelo
42.6457	1.2579	25017	Tabescán
42.6460	-2.2592	31166	Asarta
42.6460	-6.7047	24007	Canedo
42.6461	-3.3914	09043	Los Barrios de Bureba
42.6461	-6.6661	24007	San Juan de la Mata
42.6465	-8.1521	36024	Botos
42.6465	-7.1177	27017	Mostad
42.6469	-5.5583	24222	Villaquilambre
42.6469	-6.3204	24071	Folgoso de la Ribera
42.6471	-3.8833	09045	Santa Cruz del Tozo
42.6472	-8.8846	15011	Boiro
42.6473	-4.6941	34179	Tabanera de Valdavia
42.6474	1.1490	25024	Servi
42.6477	-8.4599	36017	Nigoi
42.6478	-5.4530	24175	Villafeliz de la Sabarriba
42.6478	-3.9128	09045	Fuente-Urbel
42.6480	-6.0358	24123	Abano
42.6482	-6.9543	24198	Villasinde
42.6482	-5.8406	24092	San Román de los Caballeros
42.6482	-3.3584	09043	Barrio de Díaz Ruiz
42.6482	-2.1418	31001	Abáigar
42.6485	-6.3675	24071	El Valle
42.6487	-6.8800	24171	Trabadelo
42.6488	-6.7756	24209	Pobladura de Somoza
42.6489	-3.1631	09454	Villanueva de Teba
42.6491	-7.1358	27017	Piñeira
42.6491	-3.0179	09057	Bugedo
42.6492	-2.1739	31148	Legaria
42.6493	-2.5311	09109	Obécuri
42.6494	-8.0452	36024	Albarellos
42.6496	-2.1071	31125	Labeaga
42.6498	-8.8176	15072	Rianxo
42.6499	-2.7818	01062	Berganzo
42.6499	-6.9201	24198	Sotogayoso
42.6499	-8.8769	15011	Boliña
42.6500	-7.5000	27008	Teilán
42.6500	-3.9667	09045	Talamillo del Tozo
42.6500	-5.6333	24163	Sariegos
42.6500	-6.9833	24198	San Julián
42.6500	-7.7333	27016	Sabadelle
42.6500	-8.9000	15011	Rosadelas
42.6500	-7.9333	36047	Río
42.6500	-9.0333	15071	Pozo Negro
42.6500	-7.7500	27016	Piedrafita
42.6500	-7.3833	27047	Óutara
42.6500	-8.2167	36052	Oleiros
42.6500	-8.3667	36018	Meabia
42.6500	-8.7833	15072	Leiro
42.6500	-7.9000	36047	Fafián
42.6500	-9.0167	15071	Esparrelle
42.6500	-8.6167	36005	César
42.6500	-8.6333	36005	Carracedo
42.6500	-8.8833	15011	Brion
42.6500	-8.2000	36024	Anseán
42.6500	-8.8833	15011	Abanqueiro
42.6500	-8.7167	36010	Ábalo
42.6500	-7.0653	27045	Ríocereija
42.6500	-6.6869	24007	San Miguel de Arganza
42.6501	-5.2544	24079	Valdealcón
42.6502	-8.9287	15011	Montañó
42.6506	-5.8140	24055	Secarejo
42.6510	-8.1846	36024	Gresande
42.6511	-8.9209	15011	Montaña
42.6512	-5.2157	24079	Villanófar
42.6514	-5.5288	24222	Robledo de Torío
42.6515	-7.7126	27058	Porto
42.6516	-7.0880	27045	Chan da Pena
42.6517	-2.9996	09219	Valverde de Miranda
42.6518	-2.7270	01044	Pagoeta / Payueta
42.6519	-1.3649	31242	Nardués-Aldunate
42.6519	-3.8208	09905	Terradillos de Sedano
42.6519	-7.9552	36047	Rodeiro
42.6520	-7.8665	27016	Amorín de Abajo
42.6521	-6.3447	24071	Rozuelo
42.6522	-4.0102	09175	Fuencaliente de Puerta
42.6524	1.0794	25024	Sorpe
42.6525	-8.9959	15071	Cabrais
42.6525	-1.6260	31238	Unzué
42.6527	-6.3784	24071	Tejedo
42.6527	-7.4536	27008	Tuimil
42.6528	-6.5588	24064	Finolledo
42.6529	-7.0250	27045	Brañas de Sierra
42.6530	-1.3067	31159	Lumbier
42.6534	-7.1559	27017	Meiraos
42.6535	-0.6491	22006	Sinués
42.6536	-2.5684	09109	Bajauri
42.6538	-7.5835	27058	A Broza
42.6539	-5.4301	24201	Villamayor del Condado
42.6541	-8.4409	36017	Parada
42.6543	-7.4772	27008	Rubiá
42.6543	-2.8997	09219	Ircio
42.6544	-9.0303	15071	Caamaño
42.6545	-5.5107	24222	Castrillino
42.6546	0.1585	22057	Espierba
42.6547	-8.1194	36024	Donramiro
42.6550	-1.3710	31242	Aldunate
42.6553	-4.4905	34061	Oteros de Boedo
42.6553	-0.5104	22250	Cenarbe
42.6553	-0.8494	22076	Huértalo
42.6556	-8.9869	15071	Trabes
42.6557	-7.3424	27024	Hospital
42.6558	-5.6070	24163	Carbajal de la Legua
42.6558	-8.9191	15011	Escobias
42.6560	-4.0361	09175	San Martín de Humada
42.6561	-7.0572	27045	Santín
42.6561	-7.3637	27024	Cruz do Incio
42.6561	-8.1599	36024	Pena
42.6562	-3.0617	09016	Ameyugo
42.6562	-2.1545	31177	Murieta
42.6563	-5.1753	24063	Cubillas de Rueda
42.6566	-2.0393	31041	Ayegui
42.6567	-2.8226	01062	Ocio
42.6568	-2.8605	01014	Santa Cruz del Fierro
42.6568	-1.4287	31124	Izco
42.6568	-4.1968	09373	Puentes de Amaya
42.6569	-8.8624	15011	Ferreiros
42.6570	-6.0285	24123	Castro de Cepeda
42.6572	-2.5069	01016	Urturi
42.6572	-0.8731	50232	Majones
42.6573	-6.9163	24198	Las Herrerías
42.6573	-1.7149	31018	Añorbe
42.6574	-1.7026	31229	Tirapu
42.6576	-0.5652	22086	Aratorés
42.6577	-3.4346	09238	Hermosilla
42.6580	-7.7002	27058	Montegrande
42.6582	-2.4767	01016	Quintana
42.6582	-5.4796	24175	Santovenia del Monte
42.6583	-5.0362	24004	Almanza
42.6583	-5.3721	24201	Villanueva del Condado
42.6585	-7.1896	27017	Paderne
42.6585	-6.5328	24169	Pradilla
42.6586	-0.5885	22068	Borau
42.6586	-7.2576	27055	Santalla
42.6589	-5.5292	24222	Villanueva del Árbol
42.6590	-2.1701	31014	Mendilibarri
42.6591	-7.6359	27058	Eirexafeita
42.6591	-3.2651	09060	Busto de Bureba
42.6592	-8.2126	36052	Cortegada
42.6595	-7.7988	27016	Río
42.6596	-8.5310	36015	Arcos
42.6598	1.0821	25024	Borén
42.6598	-4.3842	34114	Lavid de Ojeda
42.6599	-6.0498	24123	Quintana del Castillo
42.6599	-7.3187	27024	Incio
42.6600	-8.9018	15011	Runes
42.6601	-7.8100	27016	Arcos
42.6602	-1.9925	31257	Villatuerta
42.6603	-8.1533	36024	Donsión
42.6604	-4.3127	34005	Alar del Rey
42.6604	-7.5638	27058	Rebordondiego
42.6604	-7.0244	27045	Vega de Brañas
42.6604	-5.6413	24163	Pobladura de Bernesga
42.6605	-2.1888	31014	Ancín
42.6606	-6.9217	24198	La Portela de Valcarce
42.6607	-6.9379	24198	Vega de Valcarce
42.6609	-8.1128	36024	Lalín
42.6609	0.2078	22057	Parzán
42.6610	-2.8791	01062	Zambrana
42.6613	-6.8649	24171	Pradela
42.6613	-7.0730	27045	Sixto
42.6613	-7.0881	27045	Trabazas
42.6615	-3.3424	09043	Solduengo
42.6615	-7.8700	27016	Argozón
42.6616	-8.0501	36024	Maceira
42.6617	-6.9883	24198	San Julián
42.6619	-7.1763	27017	Miraz
42.6621	-5.5191	24222	Canaleja
42.6626	-8.4646	36017	Tabeirós
42.6628	-0.6237	22006	Esposa
42.6629	-8.1775	36024	Cristimil
42.6630	-5.8538	24092	Villaviciosa de la Ribera
42.6636	-2.6218	09109	Laño
42.6636	-6.9465	24198	Ambasmestas
42.6638	-6.4177	24014	Arlanza
42.6639	-8.6788	36010	Coaxe
42.6639	-5.5533	24222	Villasinta
42.6641	-6.4419	24014	Losada
42.6641	-1.4503	31124	Abínzano
42.6642	-7.7565	27060	Sobrecedo
42.6643	-5.2009	24079	Villacidayo
42.6647	-7.6624	27058	Vilaesteva
42.6647	-5.8295	24104	Santiago del Molinillo
42.6649	-7.8468	27016	Adá
42.6649	0.1860	22057	Chisagüés
42.6650	-6.5010	24169	Santa Marina del Sil
42.6651	-1.6810	31056	Olcoz
42.6653	-2.6917	01044	Baroja
42.6653	-6.0625	24123	Palaciosmil
42.6653	-4.1299	09175	Villamartín de Villadiego
42.6654	-3.5014	09272	Poza de la Sal
42.6656	-7.7054	27058	Ribas de Miño
42.6659	-1.2201	31209	Usún
42.6663	-2.2499	31166	Acedo
42.6664	-6.5334	24169	Valdelaloba
42.6664	-2.1037	31168	Zufía
42.6665	-7.4832	27008	Rubián
42.6667	-6.6346	24143	Sancedo
42.6667	-7.1667	27017	Vilasivil
42.6667	-7.2500	27055	Vila do Castro
42.6667	-8.8833	15011	Teaño
42.6667	-8.8500	15011	Taragoña
42.6667	-8.4833	36017	Somoza
42.6667	-8.6667	36056	Setecoros
42.6667	-7.2500	27055	Santaia
42.6667	-8.9667	15071	Ribasieira
42.6667	-7.3667	27024	Rendar
42.6667	-7.2167	27055	Pedrafita
42.6667	-7.9667	36047	Negrelos
42.6667	-7.1167	27045	Lousada
42.6667	-7.0167		A Treita
42.6667	-4.0833	09175	Humada
42.6667	-8.3333	36052	Xestoso
42.6667	-7.4000	27024	Eirexalba
42.6667	-8.6833	36010	Dimo
42.6667	-8.8667	15011	Cespón
42.6667	-7.9000	36047	Camba
42.6667	-7.2167	27017	Bustofrío
42.6672	-7.4251	27024	Villasoto
42.6673	-8.8940	15011	Pazos
42.6674	-5.8193	24055	Villarroquel
42.6675	-8.7232	36010	Catoira
42.6675	-7.0843	27045	Santalla
42.6676	-7.0019	24198	Lindoso
42.6677	-7.8685	27016	Monte
42.6677	-1.6637	31228	Muruarte de Reta
42.6678	-1.9899	31260	Arandigoyen
42.6680	-6.4063	24014	Labaniego
42.6681	-2.6568	01044	Faidu / Faido
42.6688	-5.6330	24061	Lorenzana
42.6690	-7.3619	27024	Sirgueiros
42.6692	-3.2988	09283	Quintanaélez
42.6692	-8.7518	15072	Isorna
42.6695	-8.9720	15071	Injerto de Arriba
42.6695	-7.6511	27058	Córneas
42.6696	-1.3455	31242	Tabar
42.6697	-2.3512	01017	Santikurutze Kanpezu / Santa Cruz de Campezo
42.6697	-6.2535	24083	Almagarinos
42.6699	-7.5259	27042	Remesar
42.6699	-8.8470	15011	Nine
42.6700	-8.4355	36017	Vinseiro
42.6700	-1.8630	31161	Mañeru
42.6700	-1.0048	50232	Salvatierra de Esca
42.6701	-7.5958	27058	Sobreda
42.6701	-2.4440	01016	Durruma Kanpezu / San Román de Campezo
42.6702	-5.8443	24104	Pedregal
42.6703	-2.9507	09219	Bardauri
42.6703	-7.0493	27045	Zanfoga
42.6704	-8.9761	15071	Injerto de Abajo
42.6705	-4.3055	34005	Nogales de Pisuerga
42.6705	-3.2797	09283	Marcillo
42.6705	-6.9832	24198	Las Herrerías
42.6706	-4.5269	34028	Báscones de Ojeda
42.6708	-7.1396	27017	Vilela
42.6708	-2.9817	09219	Orón
42.6709	-1.7279	31089	Enériz
42.6711	-3.0868	09120	Encío
42.6714	-3.1774	09220	Silanes
42.6714	-5.1828	24063	Vega de Monasterio
42.6715	-4.9852	24004	Canalejas
42.6718	-2.0323	31097	Estella-Lizarra
42.6719	-4.6224	34140	Barrio de la Puebla
42.6719	-3.2914	09283	Quintanilla Cabe Soto
42.6723	-4.4494	34107	Berzosa de los Hidalgos
42.6724	-7.7500	27060	Aldea de Arriba
42.6729	-2.8392	01062	Zabalate / Portilla
42.6729	-1.8141	31206	Puente la Reina
42.6731	-3.9146	09045	La Rad
42.6731	-9.0237	15071	Tarrío
42.6733	-8.5655	36015	Couselo
42.6740	-3.1995	09220	Miraveche
42.6743	-2.7217	09109	Moraza
42.6744	-0.3192	22059	Polituara
42.6744	-7.6621	27058	SanXumil
42.6745	-7.7842	27060	Cecillón
42.6745	-4.6093	34140	La Puebla de Valdavia
42.6746	-2.4070	01017	Bujanda
42.6748	-7.4016	27024	Mosteiró
42.6750	-7.1303	27017	Noceda
42.6753	-7.5749	27058	Xixiriz
42.6754	-2.0635	31011	Arbeiza
42.6757	-6.8363	24171	Sotelo
42.6757	-7.8224	27060	Esperante
42.6758	-1.2395	31209	Domeño
42.6758	-2.7851	01014	Tobera
42.6760	-1.8912	31074	Cirauqui
42.6760	-3.2955	09283	Soto de Bureba
42.6763	-6.9622	24198	Ruitelán
42.6764	-0.9088	50232	Lorbés
42.6765	-8.2571	36052	Siador
42.6766	-7.6936	27058	Segán
42.6766	-6.7039	24007	Espanillo
42.6767	-1.7053	31234	Úcar
42.6767	-8.1077	36024	Xaxán
42.6768	-5.8326	24104	Mataluenga
42.6768	-7.2612	27055	Trascastro
42.6771	-2.1301	31168	Metauten
42.6773	-7.0984	27045	Pacios
42.6774	-5.2457	24079	Garfín
42.6774	-3.3856	09238	La Parte de Bureba
42.6775	-6.9350	24198	Moñón
42.6778	-6.9604	24198	Samprón
42.6778	-7.0376	27045	Rubiales
42.6779	-9.0196	15071	Queiruga
42.6781	-7.0077	24198	Bargelas
42.6782	-8.3925	36017	Pardemarín
42.6782	-7.5041	27008	Villarbuxán
42.6782	-8.7909	15072	Asadelos
42.6784	-7.0302	24198	Argenteiro
42.6787	-7.3519	27024	Toldaos
42.6787	-7.7064	27060	Susavila
42.6788	-3.2377	09077	Cascajares de Bureba
42.6789	-2.0677	31011	Zubielqui
42.6790	-6.7546	24209	Paradiña
42.6791	-6.5817	24064	Fresnedo
42.6792	-5.5237	24076	Villaverde de Abajo
42.6792	-4.1094	09175	Fuenteodra
42.6793	-7.6479	27058	Currelos
42.6793	-8.0028	36024	Alemparte
42.6793	1.0854	25024	Isil
42.6794	-7.6999	27060	Piñeiro de Segán
42.6796	-7.8611	27016	Surribas
42.6797	-0.6204	22006	Aísa
42.6797	-0.5377	22250	Villanúa
42.6799	-1.2535	31209	Arboniés
42.6801	-8.9828	15071	Pousacarro
42.6804	-6.0193	24123	Villarmeriel
42.6806	-8.0917	36024	Goiás
42.6807	-1.7849	31183	Obanos
42.6809	-4.1651	09306	Valtierra de Albacastro
42.6809	-3.3270	09230	Navas de Bureba
42.6809	-2.6896	09109	San Martín de Galvarín
42.6810	-7.3907	27024	Goó
42.6810	-9.0167	15071	Goltar
42.6811	-8.5484	36015	Novás
42.6811	-4.0078	09045	San Mamés de Abar
42.6813	-4.1903	09306	Albacastro
42.6814	-5.8714	24104	Las Omañas
42.6815	-8.2139	36052	Ponte
42.6816	-4.3466	34139	Prádanos de Ojeda
42.6817	-7.2792	27024	Vilarxoán
42.6818	-4.8173	34073	Fresno del Río
42.6818	-7.2414	27055	San Xoan
42.6819	-8.5548	36015	Portela
42.6820	-4.1329	09175	Rebolledo de Traspeña
42.6822	-3.9366	09045	Trashaedo
42.6823	-8.4035	36017	Lamas
42.6823	-3.4265	09238	Cornudilla
42.6825	-2.8583	01014	Berantevilla
42.6826	-7.7690	27060	Vilela
42.6827	-1.0312	31071	Castillonuevo
42.6828	-2.7943	01014	Santurde
42.6829	-6.9943	24198	San Tirso
42.6830	-7.2235	27055	Praducelo
42.6831	-8.4143	36017	Pazos
42.6833	-8.8888	15011	Acuncheira
42.6833	-7.6231	27058	Forcados
42.6833	-5.1651	24063	Quintanilla de Rueda
42.6833	-4.4333	34114	Villavega de Micieces
42.6833	-8.2167	36052	Taboada
42.6833	-7.1167	27045	Seixo
42.6833	-7.2333	27055	San Cristóbal
42.6833	-8.1833	36024	Prado
42.6833	-7.9000	36047	Portela
42.6833	-7.9333	36047	Pescoso
42.6833	-7.9833	36047	Pedroso
42.6833	-8.4833	36017	Ouzande
42.6833	-7.2500	27055	Outonín
42.6833	-8.9667	15071	Orellán
42.6833	-8.3833	36017	Olives
42.6833	-8.7000	36010	Oeste
42.6833	-7.4500	27024	Noceda
42.6833	-7.8333	27060	Mato
42.6833	-8.4667	36017	Guimarey
42.6833	-8.2833	36052	Graba
42.6833	-8.2667	36052	Fiestras
42.6833	-8.3000	36052	Escuadro
42.6833	-8.8667	15011	Cuvide
42.6833	-7.4667	27024	Cubela
42.6833	-8.4333	36017	Cereijo
42.6833	-7.2500	27055	Castrelo
42.6833	-8.1667	36024	Bendoiro
42.6834	-0.3214	22059	Búbal
42.6836	-7.7946	27060	Piñeira
42.6840	-7.2999	27024	Foilebar
42.6841	-5.3645	24201	Vegasdel Condado
42.6842	-2.9223	09219	Bayas
42.6843	-6.8026	24209	Paradaseca
42.6844	-7.3781	27024	Viso
42.6845	-5.5360	24076	San Feliz de Torío
42.6845	-6.9102	24009	Lamagrande
42.6845	-6.8267	24209	Cela
42.6845	-6.2941	24071	Boeza
42.6846	-8.6295	36056	Rajay
42.6847	-4.0490	09415	Solanas de Valdelucio
42.6848	-7.4265	27024	Bardaos
42.6848	-7.0064	24198	La Faba
42.6849	-4.2809	09306	Villela
42.6849	-8.8858	15011	Mieites
42.6852	-8.8587	15011	Louriño
42.6852	-1.1506	31209	Bigüézal
42.6855	-7.1937	27055	Portela
42.6859	-6.9154	24009	Villafeile
42.6861	-7.7078	27060	O Regato
42.6863	-3.7564	09905	Mozuelos
42.6863	-1.7353	31007	Adiós
42.6864	-7.4584	27024	Barbaín
42.6865	-1.3261	31242	San Vicente
42.6865	-2.9470	09219	Miranda de Ebro
42.6867	-2.7658	09109	Villanueva Tobera
42.6868	-1.3070	31242	Rípodas
42.6868	-2.1471	31168	Ollogoyen
42.6871	-2.1121	31168	Arteaga
42.6871	-6.6902	24007	San Vicente
42.6872	-2.8937	01006	Lacorzana
42.6875	-2.1344	31168	Ollobarren
42.6878	-5.9808	24123	San Feliz de las Lavanderas
42.6879	-6.1466	24210	Tabladas
42.6880	-7.3476	27024	Reboiro
42.6880	-3.8760	09361	Santa Coloma del Rudrón
42.6882	-6.9288	24009	Quintela
42.6882	-7.2427	27055	San Cristovo de Lóuzara
42.6886	-3.8900	09361	Moradillo del Castillo
42.6888	-7.0793	27045	Vega de Forcas
42.6889	-5.5204	24076	Villaverde de Arriba
42.6890	-1.4701	31124	Idocin
42.6891	-8.4884	36017	A Estrada
42.6891	-5.6398	24061	Barrio de El Campo de Santibáñez
42.6891	-2.6324	09109	Albaina
42.6893	-3.8521	09395	Bañuelos del Rudrón
42.6893	-4.2269	09306	Rebolledo de la Torre
42.6894	-7.0607	27045	Celeiró
42.6897	-1.6521	31056	Campanas
42.6899	-3.0713	09120	Moriana
42.6903	-6.9673	24198	Rasinde
42.6904	-4.9850	24004	Calaveras de Abajo
42.6904	-8.6590	36056	Louro
42.6904	-0.3065	22122	Hoz de Jaca
42.6905	-1.7693	31180	Muruzábal
42.6907	-8.1346	36024	Filgueira
42.6908	-4.4617	34107	Micieces de Ojeda
42.6909	-5.9468	24123	Escuredo
42.6909	-7.4411	27024	Castelo
42.6913	-2.7356	09109	Taravero
42.6916	-7.7451	27060	Castelo
42.6919	-3.4736	09329	Salas de Bureba
42.6920	-8.7831	15072	As Miráns
42.6920	-5.4244	24201	Santa María del Monte del Condado
42.6921	-5.0837	24052	Corcos
42.6922	-1.4864	31124	Salinas de Ibargoiti
42.6923	-1.8395	31039	Artazu
42.6923	-1.6789	31056	Biurrun
42.6924	-2.6652	09109	Samiano
42.6925	-2.2998	31265	Zúñiga
42.6927	-2.6484	09109	Fuidio
42.6930	-2.6183	09109	Páriza
42.6930	-8.4481	36017	Lagartones
42.6930	-7.7729	27060	Campo
42.6931	-6.3495	24102	Cabanillas de San Justo
42.6932	-5.3918	24201	Castro del Condado
42.6933	-5.1560	24063	Palacios de Rueda
42.6934	-2.3962	01017	Antoñana
42.6934	-7.3255	27024	Mao
42.6934	-8.5271	36017	Matalobos
42.6935	-5.1843	24079	Carbajal de Rueda
42.6936	-2.9731	09219	La Nave
42.6937	-6.3639	24102	San Justo de Cabanillas
42.6939	-1.6397	31228	Tiebas
42.6939	-2.6734	09109	Torre
42.6941	-6.1255	24210	Los Barrios de Nistoso
42.6941	-8.1631	36024	Santiso
42.6942	-2.7269	09109	San Martín de Zar
42.6945	-7.2620	27055	Chelo
42.6948	-0.6661	22131	Jasa
42.6950	-2.8163	01014	Mijancas
42.6951	-1.3625	31132	Induráin
42.6953	-5.0034	24004	Espinosa de Almanza
42.6954	-3.6737	09905	Quintana
42.6957	-5.8789	24104	San Martín de la Falamosa
42.6957	-2.3355	01017	Orbiso
42.6958	-8.1109	36024	Fuentecabalos
42.6959	-9.0108	15071	Tarrío
42.6960	-8.2465	36052	Silleda
42.6961	-0.3252	22059	Piedrafita de Jaca
42.6962	-8.1952	36024	Noceda
42.6962	-7.0330	24198	La Cernada
42.6962	-2.0750	31011	Eulz
42.6963	-7.6501	27058	Chave
42.6965	-3.0387	09219	Ayuelas
42.6966	-7.1681	27017	Teixeira
42.6969	-9.0103	15071	Penas
42.6971	0.8241	25243	Escunhau
42.6972	-8.4129	36017	Rubín
42.6973	-5.8149	24133	Espinosa de la Ribera
42.6974	-6.7188	24196	San Pedro de Olleros
42.6975	-6.2299	24083	Pobladura de las Regueras
42.6975	0.8096	25243	Betren
42.6975	-4.0813	09415	Barrio-Lucio
42.6975	-5.0212	24052	Mondreganes
42.6979	-8.6396	36056	Valga
42.6979	-7.8534	27060	Bouzoa
42.6981	-9.0214	15071	Baroña
42.6983	-8.9252	15011	Noceda
42.6983	-7.0720	27045	Linares
42.6984	-7.7355	27060	Ider
42.6988	-2.4337	01037	Korres
42.6989	-8.8900	15011	Cures
42.6990	-7.8230	27060	Taboada
42.6993	-2.8823	01047	Ribaguda
42.6996	-6.5124	24169	Toreno
42.6996	0.9316	25025	Baqueira-Beret
42.6997	-2.5945	01016	Urarte
42.7000	-8.2167	36052	Villar
42.7000	-7.4500	27024	Villa de Moros
42.7000	-5.6333	24061	Santibáñez
42.7000	-4.4000	34114	San Pedro de Moarves
42.7000	-7.4667	27024	Rubián
42.7000	-8.2833	36052	Rellas
42.7000	-4.1167	09415	Prádanos del Tozo
42.7000	-7.2667	27055	Piornedo
42.7000	-7.6833	27060	Mourelle
42.7000	-8.2667	36052	Margarid
42.7000	-7.3167	27024	Mao
42.7000	-8.6500	36056	Xanza
42.7000	-7.2167	27055	Gundriz
42.7000	-7.9667	36047	Guillar
42.7000	-8.3833	36017	Curantes
42.7000	-7.2500	27055	Chaos
42.7000	-8.8667	15011	Candosa
42.7000	-7.9000	36047	Camba
42.7000	-8.4333	36017	Callobre
42.7000	-8.8667	15011	Bealo
42.7000	-7.4167	27024	Bardaos
42.7000	-8.8000	15072	Araño
42.7000	-8.4667	36017	Aguiones
42.7000	-7.0500	27045	Acibo
42.7001	-7.8847	36047	Vilela
42.7002	-7.3071	27024	Mao
42.7002	0.8475	25243	Garòs
42.7003	-6.6281	24143	Ocero
42.7005	1.0983	25024	Alós de Isil
42.7006	0.8709	25243	Artiés
42.7007	-4.0847	09415	La Riba de Valdelucio
42.7007	-2.7184	09109	Arana
42.7009	-7.8041	27060	Gondulfe
42.7013	-6.9530	24009	Valverde
42.7014	-7.0198	24198	La Laguna
42.7016	-1.9381	31260	Yerri
42.7016	-8.6849	36056	Castiñeiras
42.7017	-6.7491	24209	Prado de la Somoza
42.7019	0.9146	25025	Tredós
42.7020	0.7956	25243	Vielha
42.7020	-8.0621	36024	A Veiga
42.7021	-1.2620	31209	Murillo-Berroya
42.7022	-4.3827	34170	San Andrés de Arroyo
42.7024	-3.9894	09045	Basconcillos del Tozo
42.7025	-5.3718	24151	Devesa de Curueño
42.7026	-0.3200	22059	Saqués
42.7026	-2.6743	09109	Argote
42.7027	-3.7031	09905	Escalada
42.7030	-3.7017	09905	Moradillo de Sedano
42.7030	-7.4810	27024	Cervela
42.7031	-3.2763	09238	La Aldea del Portillo de Busto
42.7031	-6.9036	24009	Pumarín
42.7032	-7.6314	27058	Vilacaiz
42.7032	-7.1991	27055	Santa Mariña
42.7033	-5.5687	24076	Ríosequino de Torío
42.7035	-6.7822	24209	Veguellina
42.7037	-8.6523	36056	Baño
42.7038	-2.5651	01016	Markinez
42.7039	-6.9894	24198	Laballós
42.7041	-3.6757	09905	Loma
42.7041	-3.2321	09238	La Molina del Portillo de Busto
42.7042	-1.5078	31172	Monreal
42.7045	-3.2663	09238	Zangandez
42.7048	-7.3994	27024	Pacios
42.7048	-4.4113	34114	Moarves de Ojeda
42.7050	-3.4536	09238	Castellanos de Bureba
42.7051	-7.1004	27045	Hospital
42.7052	-6.2417	24083	Rodrigatos de las Regueras
42.7052	-4.0549	09415	Corralejo
42.7054	-3.4322	09238	Pino de Bureba
42.7056	0.7850	25243	Casau
42.7057	0.8902	25243	Gessa
42.7058	-3.5330	09244	Padrones de Bureba
42.7059	-6.3298	24083	Quintana de Fuseros
42.7061	-6.9222	24009	Balboa
42.7061	-4.6700	34062	Cornoncillo
42.7062	-7.6981	27060	Friamonde
42.7062	-7.8319	27060	Cerdeda
42.7062	-8.8959	15011	Cadarnojo
42.7063	-9.0091	15071	Vilar
42.7064	-0.6700	22032	Aragüés del Puerto
42.7065	-5.5317	24076	Palazuelo de Torío
42.7068	-0.7908	22901	Santa Lucía
42.7069	-6.8955	24009	Cantejeira
42.7074	0.9006	25025	Salardú
42.7076	0.7917	25243	Gausac
42.7077	-5.1528	24063	Villapadierna
42.7078	-8.5519	36017	Vea
42.7078	-4.3726	34170	Santibáñez de Ecla
42.7079	-0.5254	22078	Camino de Cabañeras
42.7081	-6.9641	24198	La Braña
42.7082	-8.1800	36024	Madriñán
42.7083	-4.2047	09306	Castrecías
42.7083	-3.9466	09045	Hoyos del Tozo
42.7083	-4.1019	09415	Escuderos
42.7084	-5.3780	24151	Barrio de Nuestra Señora
42.7087	-8.1695	36024	Méixome
42.7087	-2.0757	31011	Larrión
42.7089	-7.0430	27045	Cebrero
42.7091	-5.9186	24184	La Utrera
42.7091	-5.8297	24158	Villarrodrigo de Ordás
42.7091	-2.2491	31139	Galbarra
42.7093	-3.8012	09395	Tubilla del Agua
42.7093	-2.9900	09219	Suzana
42.7094	-8.1177	36024	Sello
42.7095	-7.3562	27055	Formigueiros
42.7097	-6.5525	24169	Tombrio de Abajo
42.7098	-1.7600	31246	Uterga
42.7100	-1.6595	31109	Olaz-Subiza
42.7103	-5.5147	24076	Palacio de Torío
42.7105	-7.7801	27060	Moreda
42.7109	-6.6518	24196	Espinareda de Vega
42.7109	-2.2351	31139	Viloria
42.7109	0.9037	25243	Unha
42.7111	-3.6137	09014	Villalta
42.7113	-2.1056	31011	Aramendía
42.7114	-8.4458	36017	Moreira
42.7114	-7.1221	27045	Padornelo
42.7114	-1.2880	31242	Nardués-Andurra
42.7116	-5.6383	24061	Cuadros
42.7116	-7.0768	27045	Coterces e Encrucillada
42.7118	-2.7935	09109	Ozana
42.7118	-1.7685	31147	Legarda
42.7119	-2.9180	01047	Ribabellosa
42.7120	-2.6455	09109	Ogueta
42.7120	-7.4644	27057	Vilaverde
42.7120	-4.3019	34005	Becerril del Carpio
42.7120	-4.9686	24004	Calaveras de Arriba
42.7120	-8.0315	36024	Alperiz
42.7126	-7.1597	27045	Louzarella
42.7126	-7.0074	24198	El Castro
42.7127	-2.8398	01014	Lacervilla
42.7127	-7.7654	27060	Carballo
42.7128	-0.7160	22901	Urdués
42.7131	-3.3223	09238	Barcina de los Montes
42.7133	-2.0989	31011	Muneta
42.7133	-3.9107	09361	San Andrés de Montearados
42.7134	-1.5684	31088	Otano
42.7136	-5.5141	24076	Abadengo de Torío
42.7136	-1.3245	31242	Artieda
42.7137	-7.3975	27057	Loureiro
42.7137	-2.7037	09109	Armentia
42.7137	-8.5030	36017	Toedo
42.7138	-7.7143	27060	Insúa
42.7139	-1.9272	31120	Irurre
42.7139	-6.4320	24102	Robledo de las Traviesas
42.7139	-6.3999	24102	Noceda
42.7141	-5.3576	24201	Cerezales del Condado
42.7142	-7.1140	27045	Sabugos
42.7142	-1.4756	31237	Alzórriz
42.7143	-0.3163	22204	Tramacastilla de Tena
42.7144	-2.6932	09109	Pedruzo
42.7144	-2.7824	09109	Grandíval
42.7144	-7.1455	27045	Val de Fariña
42.7146	-7.0913	27045	Vilarín do Monte
42.7147	-8.7053	15033	Barcala
42.7148	-4.2289	09306	Pozancos
42.7148	-4.2920	09306	Puebla de San Vicente
42.7151	-7.0905	27045	Villarín do Monte
42.7153	-3.0589	09347	Santa Gadea del Cid
42.7154	-8.0175	36020	Gurgueiro
42.7155	-8.5872	36017	Santa Marina de Barcala
42.7156	-8.9559	15071	Calo
42.7156	-2.6630	09109	Saraso
42.7158	-4.6337	34062	Congosto de Valdavia
42.7160	-2.9779	01902	Zubillaga
42.7160	-6.4502	24102	Berciego
42.7162	-8.5682	36017	Frades
42.7163	-8.7022	15033	Tallós
42.7163	-0.5256	22078	Canfranc
42.7164	-8.8885	15011	Moimenta
42.7165	-3.5026	09006	Aguas Cándidas
42.7165	-5.0205	24052	La Riba
42.7167	-6.9500	24009	Villarmarín
42.7167	0.8000	25243	Vilac
42.7167	-3.7500	09905	Sedano
42.7167	-7.9000	36047	Salto
42.7167	-8.2167	36052	Ponte
42.7167	-2.3667	01017	Oteo
42.7167	-8.2333	36052	Ocastro
42.7167	-7.4833	27057	Nespereira
42.7167	-8.2500	36052	Negreiros
42.7167	-8.3167	36052	Moalde
42.7167	-8.8500	15011	Millón
42.7167	-8.1667	36024	Meijome
42.7167	-7.4000	27057	Mato
42.7167	-8.9000	15011	Macenda
42.7167	-7.2667	27055	Lampazas
42.7167	-8.7167	36056	Laiño
42.7167	-7.4333	27057	Froyán
42.7167	-2.7349	09109	Dordóniz
42.7167	-3.1667	09255	Cubilla
42.7167	-2.9667	01902	Komunioi / Comunión
42.7167	-7.4500	27057	Chorente
42.7167	-8.2833	36052	Chapa
42.7167	-8.3333	36052	Cerbaña
42.7167	-8.2333	36052	Casderrei
42.7167	-8.1333	36024	Bermés
42.7167	-8.5167	36017	Baloira
42.7167	-8.2000	36024	Anzó
42.7167	-8.4167	36017	Ancorados
42.7167	-5.3667	24151	Ambasaguas
42.7167	-8.2333	36052	Aldea de Abaixo
42.7168	-8.3877	36017	Agar
42.7168	-6.5798	24169	Tombrio de Arriba
42.7169	-7.7630	27060	Taboada
42.7169	-6.4349	24102	Trasmundo
42.7170	-3.9614	09045	Barrio-Panizares
42.7170	-7.0341	27045	Fontevedra
42.7170	-2.0498	31260	Eraul
42.7171	-7.9552	36020	Az
42.7172	-1.8780	31121	Guirguillano
42.7174	-7.3710	27055	Suñide
42.7175	-8.5335	36017	Vea
42.7175	-6.6929	24196	Valle de Finolledo
42.7176	-1.1174	31181	Navascués
42.7176	-4.1196	09415	Quintanas de Valdelucio
42.7177	-1.6717	31109	Subiza
42.7181	-4.0180	09045	Arcellares
42.7185	-1.9356	31120	Lerate
42.7186	-8.6868	36056	Dodro
42.7186	-2.0732	31011	Amillano
42.7186	-4.4775	34124	Payo de Ojeda
42.7186	-6.6499	24196	El Espino
42.7187	-7.7931	27060	Fradé
42.7189	-5.1708	24056	Santibáñez de Rueda
42.7192	0.9152	25025	Baguerge
42.7193	-0.3001	22170	El Pueyo de Jaca
42.7195	-6.9252	24009	Chan de Villar
42.7196	-6.0769	24184	Murias de Ponjos
42.7197	-2.5955	09109	Sáseta
42.7199	-5.9194	24184	Paladín
42.7199	-1.9109	31120	Garísoain
42.7199	-1.0044	31059	Burgui
42.7200	-8.9656	15071	Castrallón
42.7201	-3.7201	09905	Gredilla de Sedano
42.7202	-5.4028	24151	Barrillos
42.7203	-7.2727	27055	Toca
42.7206	-4.0321	09415	Pedrosa de Valdelucio
42.7208	-7.0526	27045	Barjamayor
42.7209	-3.4499	09238	Terminón
42.7209	-7.0672	27045	Fonteferreira
42.7209	-4.1454	09415	Renedo de la Escalera
42.7209	-2.2832	31139	Gastiáin
42.7209	-5.9510	24184	Valdesamario
42.7210	-6.4627	24169	Villar de las Traviesas
42.7213	-7.2966	27055	Freixo
42.7218	-4.1592	09415	Paúl
42.7219	-2.7111	09109	Franco
42.7222	-2.6419	09109	Marauri
42.7223	-4.8233	34214	Villalba de Guardo
42.7224	-1.3881	31132	Urbicáin
42.7225	-6.9552	24009	Parajís
42.7227	-1.1552	31181	Aspurz
42.7227	-4.4245	34114	Olmos de Ojeda
42.7227	-5.9327	24184	La Garandilla
42.7231	-4.2743	34004	Santa María de Mave
42.7231	-0.3142	22204	Sandiniés
42.7231	-2.8717	01006	Armiñón
42.7232	-2.2449	31139	Ulibarri
42.7234	-7.7598	27060	Bembibre
42.7235	-5.0030	24004	Cabrera de Almanza
42.7238	-0.2817	22170	Panticosa
42.7241	-1.8790	31121	Echarren de Guirguillano
42.7242	-7.3868	27057	Vilanova
42.7245	-8.6500	36044	Puentecesures
42.7245	-6.8042	24209	Villar de Acero
42.7246	-7.8091	27060	Ansar
42.7248	-4.6931	34062	Villanueva de Abajo
42.7248	-9.0053	15071	Porto do Son
42.7248	-2.2574	31139	Narcué
42.7249	-2.0926	31011	Galdeano
42.7250	-6.0323	24184	Ponjos
42.7251	-4.2181	09306	Valdegama
42.7252	-8.4111	36017	Ancorados
42.7252	-3.4580	09238	Bentretea
42.7253	-5.0257	24052	Cebanico
42.7254	-6.6544	24196	Vega de Espinareda
42.7255	-3.8434	09395	Tablada del Rudrón
42.7255	-1.3017	31242	Sansoáin
42.7255	-1.6152	31088	Oriz
42.7257	-2.8884	01006	Quintanilla
42.7259	-7.1016	27045	Temple
42.7260	-7.0993	27045	Busnullán
42.7260	-6.7264	24196	Moreda
42.7261	-6.9027	24009	Castañoso
42.7262	-6.2103	24083	Tremor de Arriba
42.7263	-5.5382	24076	Valderilla de Torío
42.7265	-4.6500	34151	Baños de la Peña
42.7265	-5.8230	24158	Santa María de Ordás
42.7266	-7.3603	27057	Castroncán
42.7266	-3.0179	09219	Montañana
42.7267	-8.0349	36024	Parada
42.7268	-8.9574	15071	Resua
42.7268	-2.5433	01016	Arluzea
42.7268	-4.2402	09306	Villacibio
42.7269	-3.0864	09054	Bozoo
42.7269	-3.2978	09255	Ranera
42.7270	-2.8053	09109	Muergas
42.7270	-2.4274	01037	Atauri
42.7272	-6.1529	24083	Espina de Tremor
42.7272	-3.3746	09238	Penches
42.7272	-2.0227	31260	Abárzuza
42.7273	-7.6704	27058	Reiriz
42.7274	0.7963	25243	Mont
42.7274	-6.9138	24009	Villariños
42.7275	-2.0649	31011	Echavarri
42.7276	-6.9750	27012	Comeal
42.7278	-4.3746	34170	Villaescusa de Ecla
42.7282	-6.5038	24169	Librán
42.7282	0.7875	25243	Betlán
42.7282	-2.8620	01006	Estavillo
42.7285	-8.4491	36017	Barbud
42.7285	-7.8886	27003	Agüela
42.7285	-6.2774	24083	Igüeña
42.7285	-4.0548	09415	Mundilla
42.7289	-5.6319	24061	Cabanillas
42.7291	-4.0779	09415	Llanillo
42.7292	-8.3927	36017	Remesar
42.7292	-5.8407	24158	Callejo de Ordás
42.7292	-8.8227	15042	Fruime
42.7294	-1.3393	31158	Artajo
42.7296	-3.5322	09328	Hozabejas
42.7296	-5.7902	24133	Ríoseco de Tapia
42.7296	-7.5143	27057	Vilamaior
42.7298	-5.2189	24079	San Bartolomé de Rueda
42.7298	-8.0640	36024	Muimenta
42.7300	-7.1555	27045	Fonfría
42.7301	-8.5626	36017	Vea
42.7301	-2.4806	01037	Apilaiz / Apellániz
42.7302	-8.1198	36024	Palmou
42.7302	-6.9565	24009	Villanueva
42.7303	-8.6730	15033	Lestrobe
42.7303	-7.1868	27062	Queijadoiro
42.7304	-8.7183	15033	Manselle
42.7308	-5.1566	24056	Pesquera
42.7310	-7.3258	27055	Samos
42.7310	1.1022	25086	Bonabé
42.7310	-8.9851	15071	Noal
42.7310	-6.6056	24019	Berlanga del Bierzo
42.7311	0.7780	25243	Aubert
42.7311	-8.3010	36052	Bandeira
42.7312	-3.5084	09006	Río-Quintanilla
42.7313	-1.4828	31237	Najurieta
42.7314	-7.3441	27057	Pascáis
42.7315	-5.8131	24158	Santibáñez de Ordás
42.7315	-2.9080	01047	Quintanilla De La Ribera
42.7316	-4.2568	09306	La Rebolleda
42.7317	-6.7141	24196	San Martín de Moreda
42.7317	-3.2529	09255	Valderrama
42.7317	-7.1323	27037	Forcas
42.7324	-4.4567	34114	Quintanatello de Ojeda
42.7324	-1.5085	31237	Zabalceta
42.7326	-1.5615	31088	Elorz
42.7326	-3.0261	09219	Guinicio
42.7327	-5.0052	24004	La Vega de Almanza
42.7328	-5.5236	24076	Garrafe de Torío
42.7330	-7.8775	36047	Cebreiro
42.7330	-8.8933	15042	Barreira
42.7332	-2.0830	31011	Artavia
42.7333	-7.9833	36020	Ventosa
42.7333	-3.4833	09006	San Esteban de Treviño
42.7333	-8.2333	36052	Saidres
42.7333	-7.0167	27045	Pedrafita
42.7333	-7.4000	27057	Pena
42.7333	-7.3833	27057	Pena
42.7333	-7.8333	27003	Olveda
42.7333	-8.9667	15071	Nebra
42.7333	-8.2167	36059	Losón
42.7333	0.7167	25057	es Bòrdes
42.7333	-8.3167	36052	Lamela
42.7333	-8.7167	15033	Laiño
42.7333	-7.4167	27057	Froyán
42.7333	-7.3833	27057	Froyán
42.7333	-6.5500	24019	El Barrio de Langre
42.7333	-4.6500	34151	Cuerno
42.7333	-7.2500	27055	Covallo
42.7333	-8.2500	36052	Carboeiro
42.7333	-8.1833	36024	Busto
42.7333	-8.2500	36052	Breixas
42.7333	-8.2667	36052	Ansemil
42.7335	-1.6445	31905	Beriáin
42.7336	-7.0304	27037	Brañas
42.7337	-7.7814	27060	Couto
42.7338	-1.5963	31088	Torres
42.7339	-7.3759	27055	Teibillide
42.7339	-8.5153	36017	Vea
42.7340	-7.0462	27037	San Pedro
42.7340	-3.4146	09238	Oña
42.7341	-7.0700	27045	Fojos
42.7341	-7.8219	27032	Ferreiros
42.7342	-8.5976	36017	San Miguel de Barcala
42.7342	-2.7476	09109	Treviño
42.7342	-3.4670	09068	Cantabrana
42.7343	-2.9637	01902	Salcedo
42.7343	-3.8018	09395	Covanera
42.7344	-0.8813	22106	Fago
42.7345	-5.5103	24076	Ruiforco de Torío
42.7345	-8.9728	15071	Quintáns
42.7350	-7.8068	27032	Viloíde
42.7352	-5.6717	24061	Valsemana
42.7353	-0.3132	22204	Escarrilla
42.7355	-6.5657	24019	Langre
42.7355	-8.4025	36017	Riobó
42.7357	-4.2750	34004	Mave
42.7359	-6.5781	24019	San Miguel de Langre
42.7361	-1.9132	31120	Muzqui
42.7363	-1.4219	31132	Ardanaz
42.7366	-7.3159	27055	Real
42.7368	-6.9625	24009	Castañeiras
42.7368	-7.2659	27055	Nande
42.7369	-5.4075	24151	Gallegos de Curueño
42.7370	-7.1110	27045	Villasol
42.7371	-5.9100	24167	Carrizal
42.7372	-8.8910	15042	Guiende
42.7373	-2.7725	09109	Cucho
42.7374	-2.9130	01047	Igay
42.7374	-7.7307	27060	Vilar de Cabalos
42.7374	-8.6345	15065	Herbón
42.7375	-1.6152	31088	Imárcoain
42.7378	0.7545	25243	Pont d'Arrós
42.7378	-8.3538	36017	Orazo
42.7379	-2.6377	09109	Aguillo
42.7380	-7.4488	27057	Chanca
42.7381	-8.4411	36017	Ribeira
42.7381	0.7618	25243	Arrós
42.7384	-1.5195	31237	Cemboráin
42.7384	-7.7548	27060	Vilameñe
42.7384	-6.6569	24196	Sésamo
42.7384	-0.7502	22901	Echo
42.7386	-2.8270	09109	Pangua
42.7387	-8.2723	36052	Mánduas
42.7388	-8.6606	15065	Padrón
42.7389	-2.4470	01037	Maeztu / Maestu
42.7389	-4.1492	09415	Fuencaliente de Lucio
42.7390	-7.5589	27042	Andreade
42.7392	-4.6557	34151	Santana De La Peña
42.7394	-2.9436	01046	Villabezana
42.7395	-5.8931	24167	Camposalinas
42.7396	0.7282	25243	Benos
42.7399	-7.2905	27055	Renche
42.7401	-2.8450	09109	Burgueta
42.7402	-4.0869	09415	Villaescobedo
42.7404	-8.4621	36017	Paradela
42.7405	-7.2730	27055	San Cristovo do Real
42.7406	-2.6855	09109	Uzquiano
42.7409	-2.8982	01047	Melledes
42.7415	-8.1441	36024	Val do Carrío
42.7417	-2.7900	09109	Añastro
42.7417	-7.8310	27003	O Rial
42.7418	-2.8757	01047	Manzanos
42.7420	-8.0585	36024	Cadrón
42.7422	-3.9088	09361	Valdeajos
42.7423	-3.4929	09006	Quintanaopia
42.7424	-8.9454	15071	Mantoño
42.7424	-6.9860	27012	Ríamonte
42.7428	-3.5810	09014	Escóbados de Abajo
42.7429	-1.6765	31109	Arlegui
42.7430	-1.8610	31121	Arguiñáriz
42.7432	-2.9840	01902	Leziñana / Leciñana del Camino
42.7432	-8.4924	36017	Santeles
42.7433	-8.1163	36024	Cello
42.7434	-7.8307	27003	Timós
42.7438	-4.7220	34151	Fontecha
42.7439	-7.0429	27037	Ferreiras
42.7442	-8.0857	36008	Cangas
42.7442	-2.3620	01056	Done Bikendi Harana / San Vicente de Arana
42.7442	-2.6753	09109	Imiruri
42.7442	-1.9228	31120	Esténoz
42.7443	-4.2865	34004	Olleros de Pisuerga
42.7443	-7.4631	27057	Piñeira
42.7444	-5.8568	24158	Ríocastrillo de Ordás
42.7444	-7.6903	27060	Xián
42.7445	0.7127	25243	Arró
42.7447	-7.0732	27037	Silvela
42.7447	-8.2686	36052	Martixe
42.7447	-8.2097	36024	Losón
42.7448	-8.9066	15042	Argellas
42.7449	-7.3326	27055	Froián
42.7450	-7.8444	27003	Amoeja
42.7451	-1.5793	31088	Zulueta
42.7451	-5.9444	24132	Trascastro de Luna
42.7460	-4.1712	34004	Puentetoma
42.7460	-1.8989	31120	Arzoz
42.7460	-3.0745	09054	Villanueva-Soportilla
42.7460	-3.0280	01902	Fontecha
42.7462	-5.6347	24061	La Seca
42.7463	-8.6547	15065	Iria
42.7467	-6.0094	24132	Andarraso
42.7468	-7.6361	27042	Aldosende
42.7470	-8.7281	15074	Buján
42.7472	-5.7802	24133	Tapia de la Ribera
42.7475	0.7269	25243	Vilamós
42.7475	-8.9432	15071	Silva
42.7478	-1.3639	31158	Murillo de Lónguida
42.7478	-8.5266	36017	Cora
42.7479	-7.4147	27057	César
42.7480	-4.2068	34004	Gama
42.7480	-1.5012	31132	Unciti
42.7481	-1.4703	31237	Artaiz
42.7481	-8.3572	36017	Loimil
42.7482	-4.1033	34135	Respenda de Aguilar
42.7482	-3.8660	09361	Ayoluengo
42.7485	-1.7226	31076	Zariquiegui
42.7486	-6.9401	27012	Procís
42.7488	-7.1491	27037	Pando
42.7488	-8.3046	36052	Abades
42.7490	-6.5166	24169	San Pedro Mallo
42.7491	-2.4700	01037	Vírgala Menor
42.7493	-2.7617	09109	Busto de Treviño
42.7493	-8.8700	15042	Pousada
42.7495	-7.0492	27037	Pía
42.7497	0.6999	25247	Era Bordeta
42.7498	-2.6793	09109	San Vicentejo
42.7500	-8.1333	36024	Val
42.7500	-7.7667	27060	Torre
42.7500	-7.1833	27062	Teijo
42.7500	-8.8833	15042	Tállara
42.7500	-8.4667	15089	Sarandón
42.7500	-8.4500	15089	Sarandón
42.7500	-7.2667	27055	San Cristóbal
42.7500	-2.4000	01037	Sabando
42.7500	-7.3500	27055	Reiriz
42.7500	-7.2333	27062	Ramil
42.7500	-5.0000	24183	Quintanilla de Almanza
42.7500	-7.8833	27003	Queixeiro
42.7500	-8.3167	36052	Piñeiro
42.7500	-8.3833	36017	Oca
42.7500	-3.7167	09905	Nocedo
42.7500	-7.3167	27055	Loureiro
42.7500	-0.5167	22078	Los Arañones
42.7500	-8.9500	15071	Goyanes
42.7500	-8.0167	36020	Ferreiroá
42.7500	-8.3333	36052	Dornelas
42.7500	-7.3167	27055	Couto
42.7500	-8.8833	15042	Chave
42.7500	-8.8833	15042	Ces
42.7500	-8.6000	15065	Carcacia
42.7500	-8.9167	15042	Camboño
42.7500	-8.4167	36017	Berres
42.7500	-8.9500	15071	Beneso
42.7500	0.7333	25031	Arres
42.7500	-7.9000	27003	Areas
42.7500	-8.9000	15057	Abeijón
42.7500	-7.2202	27062	Pasantes
42.7501	-3.3055	09134	Tobera
42.7506	-3.0481	01902	Larrazubi / Puentelarrá
42.7506	-5.4120	24151	Santa Colomba de Curueño
42.7508	-5.2378	24068	Valporquero de Rueda
42.7508	-8.5506	36017	Couso
42.7510	-3.1764	09412	Orbañanoz
42.7511	-4.4673	34114	Vega de Bur
42.7511	-3.3406	09238	Villanueva de los Montes
42.7511	-3.5417	09328	Rucandio
42.7512	-7.5829	27042	Paradela
42.7512	-7.8241	27032	Balboa
42.7512	-3.5922	09014	Escóbados de Arriba
42.7513	-8.1582	36059	Asorey
42.7516	-7.1991	27062	Vilar
42.7517	-5.5058	24076	Manzaneda de Torío
42.7517	-4.6574	34151	Ríos Menudos
42.7522	-7.3797	27057	Frolláis
42.7522	-7.1188	27037	Barraceira
42.7523	-7.8014	27032	Bispo
42.7524	-7.4448	27057	Albán
42.7524	-7.8682	27003	Peibás
42.7526	-7.3447	27055	Romelle
42.7526	-4.8421	34100	Mantinos
42.7529	-5.8837	24167	Santovenia
42.7530	-1.0992	31181	Ustés
42.7531	-2.4756	01037	Birgaragoien / Vírgala Mayor
42.7531	-7.0850	27037	Moral
42.7531	-3.8030	09395	San Felices
42.7532	-2.3318	01056	Alda
42.7534	-8.9043	15057	Vilaboa
42.7534	-1.6502	31109	Salinas de Pamplona
42.7535	-8.8678	15042	Filgueira
42.7537	-2.9968	01902	Caicedo Yuso
42.7538	-2.4386	01037	Zekuiano / Cicujano
42.7540	-8.2774	36052	Pazos de Bordén
42.7540	-2.6324	09109	Ajarte
42.7540	-5.0441	24052	Santa Olaja de la Acción
42.7541	-4.9158	24183	San Pedro Cansoles
42.7542	-2.9685	01902	Molinilla
42.7542	-8.0571	36020	Vilariño
42.7544	-7.1574	27037	Alence
42.7545	-4.3957	34004	Cozuelos de Ojeda
42.7546	-5.7915	24158	Selga de Ordás
42.7546	-1.6830	31109	Esparza
42.7546	-4.6754	34151	Vega de Riacos
42.7548	-1.9336	31120	Muez
42.7548	-5.9320	24132	La Velilla
42.7550	-8.4040	15089	Ribadulla
42.7551	-5.5399	24076	Fontanos de Torío
42.7552	-3.5074	09328	Ojeda
42.7552	-6.9842	27012	San Miguel
42.7554	-8.8658	15042	Marracín de Arriba
42.7555	-8.1446	36024	Camposancos
42.7555	-8.1227	36024	Cercio
42.7555	-4.9966	24183	Villamorisca
42.7556	-5.8355	24158	Villapodambre
42.7557	-7.2414	27062	Tríacastela
42.7559	-5.9628	24132	Inicio
42.7560	-1.3601	31158	Villanueva de Lónguida
42.7562	-1.7406	31076	Astráin
42.7562	-1.8323	31052	Belascoáin
42.7563	-7.1827	27062	Lamas
42.7563	-0.3152	22204	Lanuza
42.7564	-2.4510	01037	Aletxa
42.7564	-2.9498	01902	Turiso
42.7566	-2.9261	01046	San Miguel
42.7568	-1.9090	31120	Viguria
42.7569	-8.3270	36052	Besteiros
42.7570	-1.3850	31158	Aós
42.7571	-8.0450	36020	Esperante
42.7572	-5.8417	24158	Formigones
42.7572	-0.7512	22901	Siresa
42.7573	-6.4643	24169	Pardamaza
42.7574	-7.5518	27042	Vilaragunte
42.7575	-1.5485	31023	Labiano
42.7576	-8.8649	15042	Marracín de Abajo
42.7576	-7.4197	27057	Reimóndez
42.7578	-1.2558	31241	Irurozqui
42.7578	-0.8295	22028	Ansó
42.7579	-8.3934	36017	Balboa
42.7580	-7.0767	27037	Noceda
42.7580	-8.9491	15071	Portosin
42.7580	-6.7537	24196	Penoselo
42.7582	-2.3199	01056	Uribarri Harana / Ullíbarri Arana
42.7582	-6.9795	27012	Vilarello del Río
42.7584	-8.9176	15042	Choura
42.7585	-7.5321	27042	Barán
42.7586	-1.7637	31076	Undiano
42.7587	-3.0844	01902	Sobrón
42.7587	-4.2527	34135	Villaescusa de las Torres
42.7587	-6.8570	24209	Tejeira
42.7588	-7.1647	27037	Cruces
42.7589	-7.3396	27057	Estraxiz
42.7589	-7.4068	27057	Vigo
42.7590	-8.1982	36059	Bodaño
42.7591	-3.1597	09412	Tobalinilla
42.7592	-5.1533	24056	Modino
42.7593	-8.3057	36052	Reboreda
42.7593	-7.5011	27042	Paradela
42.7593	-2.8626	01046	Leciñana de la Oca
42.7596	-7.2120	27062	Vilavella
42.7597	-7.2164	27062	A Vila Vella
42.7600	-7.1355	27037	Nullán
42.7600	-8.5969	15065	Rumille
42.7600	-6.8286	24209	Porcarizas
42.7603	-9.0722	15053	San Francisco
42.7604	-7.8968	27003	Arcos
42.7604	-8.0865	36024	Rodís
42.7605	-0.2341	22170	Baños de Panticosa
42.7605	-7.7921	27060	Arxiz
42.7606	-6.9379	27012	Villanueva de Pedregal
42.7606	-6.6548	24070	Fontoria
42.7607	-5.0595	24052	El Valle de las Casas
42.7609	-3.2319	09412	Cuezva
42.7610	-4.2154	34004	Renedo de la Inera
42.7610	-8.2277	36059	Fontao
42.7612	-6.7139	24196	Bustarga
42.7612	-8.6881	15074	Dices
42.7612	-8.3952	36017	Moimenta
42.7614	-2.7080	09109	Ascarza
42.7614	-9.0842	15053	Louro
42.7615	-1.6988	31109	Galar
42.7616	-1.5305	31023	Góngora
42.7617	-8.0206	27012	Agolada
42.7621	-2.1839	31013	Ecala
42.7621	-8.5484	15082	Puentevea
42.7623	-3.2939	09134	Frías
42.7623	-7.8135	27032	Sucastro
42.7624	-8.8850	15042	Merelle
42.7624	-1.6345	31088	Noáin
42.7625	-2.5882	01016	Okina
42.7626	-5.9981	24132	Santibáñez de la Lomba
42.7627	-7.8345	27032	Fente
42.7628	-1.7142	31076	Guenduláin
42.7629	-8.7053	15074	Rois
42.7632	-8.1870	36059	Oirós
42.7632	-7.3710	27057	Lier
42.7633	-4.2985	34004	Lomilla
42.7633	-7.0531	27037	Sierra
42.7634	-7.8509	27003	Vilanuñe
42.7634	-2.7806	09109	Ocilla
42.7634	-4.9250	24183	Valcuende
42.7635	-6.6768	24196	Villar de Otero
42.7639	-5.1403	24056	Vidanes
42.7642	-6.9767	27012	Vilarello da Igrexa
42.7642	-8.6732	15074	Seira
42.7643	-4.2014	34135	Rebolledo de la Inera
42.7643	-7.0036	27012	Covas
42.7644	-8.4076	36017	Arnois
42.7644	-2.7557	09109	Golernio
42.7645	-3.2616	09412	Montejo de Cevas
42.7646	-6.5201	24110	Villamartín del Sil
42.7647	-4.6727	34151	Barajores
42.7647	-8.9030	15042	Argalo
42.7648	-8.8493	15042	Lousame
42.7648	-3.2058	09412	Santa María de Garoña
42.7649	-6.5326	24110	Peñadrada
42.7650	-3.2719	09412	Montejo de San Miguel
42.7651	-4.6854	34151	Respenda de la Peña
42.7652	-1.7410	31076	Muru-Astráin
42.7655	-5.6372	24061	Cascantes
42.7656	-4.2371	34135	Villallano
42.7658	-2.1306	31013	Baríndano
42.7659	-7.3172	27055	Lousada
42.7659	-8.9344	15071	Linteiros
42.7661	-4.1849	34135	Báscones de Valdivia
42.7662	-2.8306	09276	La Puebla de Arganzón
42.7663	-7.8588	27003	Santiso
42.7664	-7.2705	27055	San Xil
42.7664	-4.6280	34049	Roscales
42.7665	-3.2197	09412	Garoña
42.7666	-7.1760	27062	Meizarán
42.7667	-7.0000	27012	Vimieiro
42.7667	-7.1000	27037	Vilarín
42.7667	-7.6500	27049	Vilarbasín
42.7667	-7.1333	27037	Vilaesteva
42.7667	-8.5000	15089	Trobe
42.7667	-7.9833	36020	Trabancas
42.7667	-5.0167	24052	Robledo de la Guzpeña
42.7667	-3.6167	09014	Pesadas de Burgos
42.7667	-7.6167	27042	Paradela
42.7667	-7.6000	27042	Paradela
42.7667	-7.5667	27042	Paradela
42.7667	-8.9333	15071	Miñortos
42.7667	-7.7500	27060	Mesonfrío
42.7667	-8.4500	15089	Merín
42.7667	-1.4833	31132	Lizarraga
42.7667	-5.0333	24118	La Llama
42.7667	-9.0833	15053	Gándara
42.7667	-7.4167	27057	Farbán
42.7667	-7.4000	27057	Fafián
42.7667	-3.3667	09102	El Barrio de Arriba
42.7667	-8.3500	36052	Cira
42.7667	-7.5833	27042	Castro
42.7667	-6.1333	24132	Campo de la Lomba
42.7667	-7.5000	27057	Biville
42.7667	-7.4500	27057	Barbadelo
42.7667	-7.3815	27057	Castelo dos Infantes
42.7668	-1.9264	31120	Irujo
42.7669	-2.7246	09109	Arrieta
42.7670	-6.6089	24070	Otero de Naraguantes
42.7670	-1.3509	31158	Meoz
42.7670	-2.1687	31013	San Martín
42.7672	-4.7481	34171	Cornón
42.7673	-7.2987	27055	Montán
42.7673	-3.6925	09014	Huidobro
42.7674	-4.2754	34004	Valoria de Aguilar
42.7674	-8.6838	15074	Oín
42.7675	-3.6526	09014	Villaescusa de Butrón
42.7675	-1.5850	31088	Zolina
42.7675	-3.4959	09328	Herrera de Valdivielso
42.7677	-5.9036	24167	Villaceid
42.7677	-4.4431	34114	Montoto de Ojeda
42.7677	-8.2615	36059	Merza
42.7679	-1.8063	31262	Arraiza
42.7680	-6.6265	24070	Fabero
42.7681	-7.0160	27012	Bazal
42.7682	-3.2348	09412	Pangusión
42.7683	-7.2556	27055	Balsa
42.7684	-8.3669	15012	Vilar
42.7685	-6.2925	24083	Colinas del Campo de Martín Moro
42.7688	-1.6081	31088	Tajonar
42.7688	-6.0362	24132	Rosales
42.7690	-9.0562	15053	Campo das Cortes
42.7690	-7.1237	27037	Sinllán
42.7692	-3.8728	09361	Sargentes de la Lora
42.7694	-7.9176	27003	Amarante
42.7696	-2.1092	31013	Artaza
42.7697	-8.7073	15074	Herbogo
42.7698	-5.3346	24199	Lugán
42.7700	-8.1292	36024	Galegos
42.7700	-2.2950	01056	Kontrasta
42.7704	-7.1108	27037	Sebrás
42.7705	-7.0742	27037	Castelo
42.7707	-7.3562	27057	Perros
42.7707	-3.1785	09412	San Martín de Don
42.7710	-8.8934	15057	Baya
42.7710	-5.7570	24040	Benllera
42.7711	-7.2051	27062	Cancelo
42.7712	-1.3985	31158	Villaveta
42.7713	-0.3345	22204	Sallent de Gállego
42.7713	-2.8768	01046	Antezana de la Ribera
42.7713	-6.0169	24132	Folloso
42.7715	-8.8681	15042	Berrimes
42.7715	-4.1524	34135	Revilla de Pomar
42.7717	-3.3216	09134	Quintanaseca
42.7721	-3.5554	09328	Huéspeda
42.7721	-4.4756	34114	Pisón de Ojeda
42.7722	-5.5107	24076	Matueca de Torío
42.7725	-8.0653	36020	Quintela
42.7726	-7.2258	27062	Santalla
42.7726	-1.7841	31262	Ubani
42.7726	-7.4021	27057	Fontao
42.7728	-1.2516	31241	Epároz
42.7730	-2.1336	31013	Zudaire
42.7730	-4.3631	34004	Vallespinoso
42.7732	-1.4871	31132	Idoate
42.7733	-7.9351	27003	Amarante
42.7734	-8.8945	15057	Bergondo
42.7734	-6.9345	27012	San Robredín
42.7737	-7.3396	27057	Pintín
42.7740	-3.5377	09328	Madrid de las Caderechas
42.7741	-1.3874	31158	Ecay
42.7742	-6.3781	24083	Urdiales de Colinas
42.7744	-4.1676	34135	Pomar de Valdivia
42.7746	-6.9487	27012	Noceda
42.7746	-7.1821	27037	Estacas
42.7747	-3.7673	09905	Valdelateja
42.7747	-1.0932	31111	Uscarrés
42.7748	-5.8869	24167	Soto y Amío
42.7749	-1.8900	31214	Salinas de Oro
42.7750	-7.8242	27032	Frameán
42.7750	-1.6554	31109	Esquíroz
42.7751	-2.7982	09276	Villanueva de la Oca
42.7751	-3.9754	39094	Montecillo
42.7752	-4.9830	24183	Carrizal
42.7753	-5.9245	24132	Oterico
42.7754	-7.0128	27012	Villaspasantes
42.7754	-6.8255	24209	Campo del Agua
42.7754	-5.2290	24068	Palacio de Valdellorma
42.7754	-3.0257	01902	Alcedo
42.7755	-9.0836	15053	Tajes
42.7755	-1.9245	31120	Arguiñano
42.7755	-1.8357	31085	Vidaurreta
42.7756	-7.8466	27003	Casa de Naia
42.7756	-8.6942	15074	O Aido
42.7758	-8.5313	15082	Vilariño
42.7761	-7.3076	27055	Zoó
42.7761	-1.9544	31120	Iturgoyen
42.7761	-2.7299	09109	Doroño
42.7762	-9.0603	15053	Muros
42.7764	-2.2064	31100	Eulate
42.7767	-8.9288	15057	Boa
42.7769	-1.9128	31120	Vidaurre
42.7769	-9.1160	15020	Lariño
42.7770	-7.5215	27057	Pinza
42.7771	-1.7640	31076	Larraya
42.7771	-0.3593	22204	Formigal
42.7774	-1.9938	31154	Lezáun
42.7774	-7.3509	27057	A cal
42.7774	-2.9048	01046	Hereña
42.7776	-7.0328	27037	Busgulmar
42.7776	-4.0766	39094	Revelillas
42.7776	-3.2201	09412	Barcina del Barco
42.7776	-5.9893	24132	La Omañuela
42.7776	-9.0638	15053	Miraflores
42.7777	-2.4217	01037	Musitu
42.7777	-2.1109	31013	Gollano
42.7777	-8.9344	15071	Carreira
42.7777	-3.0458	01902	Bergonda / Bergüenda
42.7779	-6.3390	24083	Los Montes de la Ermita
42.7780	-1.4591	31243	Urroz
42.7781	-5.4117	24151	La Mata de Curueño
42.7782	-8.4764	15089	Vedra
42.7782	-7.5954	27042	Castro
42.7782	-1.7993	31085	Zabalza
42.7783	-2.4983	01037	Azazeta
42.7783	-5.9414	24132	Ceide y Orrios
42.7785	-7.2441	27062	Monte
42.7786	-8.8590	15042	Cruido
42.7786	-3.9917	39094	Sobrepenilla
42.7787	-5.8457	24167	Quintanilla
42.7791	-2.3836	01037	Erroitegi / Róitegui
42.7792	-6.9254	27012	Freita
42.7792	-8.3866	36017	Castro
42.7793	-8.8057	15042	Vilacova
42.7795	-8.2946	36059	Bascuas
42.7797	-8.3766	36017	San Miguel de Castro
42.7797	-2.2568	31143	Larraona
42.7798	-2.2292	31021	Aranarache
42.7799	-6.1082	24132	Marzán
42.7799	-4.0097	34032	Olleros de Paredes Rubias
42.7800	-6.7096	24036	Villarbón
42.7801	-7.5774	27042	Suar
42.7802	-1.8253	31083	Echarri
42.7802	-7.8633	27003	Tierrachá
42.7803	-4.0628	39094	Villamoñico
42.7804	-2.5580	01016	Izartza
42.7805	-5.8582	24167	Bobia
42.7805	-4.0375	34032	Berzosilla
42.7808	-7.6358	27049	Sabadelle
42.7810	-3.2014	09412	Mijaralengua
42.7810	-6.5133	24110	Santa Cruz del Sil
42.7814	-3.4704	09238	Cereceda
42.7815	-7.4143	27057	Sarria
42.7816	-9.0784	15053	Ventín
42.7817	-6.0969	24132	Villaverde
42.7821	-8.5624	15082	Rarís
42.7823	-1.9077	31120	Guembe
42.7823	-7.1379	27037	Villabol
42.7824	-3.3572	09102	El Barrio de Abajo
42.7824	-7.0948	27037	Doncos
42.7824	-1.8654	31120	Izurzu
42.7827	-9.0654	15053	A Virxe Do Camiño
42.7829	-1.5226	31023	Laquidáin
42.7829	-4.6593	34049	Recueva
42.7831	-5.9738	24132	Pandorado
42.7831	-5.0255	24118	Prado de la Guzpeña
42.7831	-7.2191	27062	San Salvador
42.7832	-2.8467	01046	Tuyo
42.7833	-7.5308	27042	Ferreiros
42.7833	-4.7995	34080	Intorcisa
42.7833	-7.1228	27037	Chan de Vilar
42.7833	-4.1833	34135	Villarén
42.7833	-7.0167	27012	Viladeite
42.7833	-8.4333	15089	Vilanova
42.7833	-6.9500	27012	Vega do Seixo
42.7833	-8.5000	15082	Vaamonde
42.7833	-9.0000	15053	Tal
42.7833	-8.3667	36017	Sub-Cira
42.7833	-7.7167	27049	Soengas
42.7833	-7.8667	27003	Senande
42.7833	-8.0667	36020	Santa Comba
42.7833	-7.2500	27062	San Pedro do Ermo
42.7833	-7.6167	27042	Ribas de Miño
42.7833	-8.5500	15082	Reyes
42.7833	-8.4000	15089	Puente-Ulla
42.7833	-4.6833	34171	Pino de Viduerna
42.7833	-8.5333	15082	Oza
42.7833	-7.4500	27057	Ortoá
42.7833	-8.9167	15057	Obre
42.7833	-8.0500	36020	Merlín
42.7833	-7.4667	27057	Meixente
42.7833	-7.1667	27037	Medo
42.7833	-7.4333	27057	Maside
42.7833	-7.3333	27057	Louseiro
42.7833	-7.4833	27057	Leimán
42.7833	-8.6167	15082	Lampay
42.7833	-7.5667	27042	Laje
42.7833	-7.5500	27042	Francos
42.7833	-7.1500	27037	Foioval
42.7833	-7.1833	27037	Folgueiras
42.7833	-7.2333	27062	Encrucilladas
42.7833	-7.8667	27003	Dorra
42.7833	-7.6000	27042	Cortes
42.7833	-5.0000	24118	Cerezal
42.7833	-7.9167	27003	Castro de Amarante
42.7833	-8.0833	36020	Carmoega
42.7833	-5.8000	24167	La Magdalena
42.7833	-7.3667	27057	Camino
42.7833	-7.3500	27057	Calbor
42.7833	0.7000	25059	Bossòst
42.7833	-8.1667	36059	Besejos
42.7833	-7.5000	27057	Belante
42.7835	-6.0802	24132	Cirujales
42.7837	-4.7272	34171	Viduerna
42.7838	-2.1198	31013	Baquedano
42.7841	-9.0658	15053	Portugalete
42.7841	-1.0961	31111	Gallués
42.7842	-4.7559	34171	Villaoliva
42.7842	-7.8015	27032	Sambreixo
42.7843	-4.4921	34114	Amayuelas de Ojeda
42.7845	-1.7903	31085	Otazu
42.7846	-7.3819	27057	O Castro dos Petos
42.7846	-1.0892	31111	Iciz
42.7847	-3.7276	09905	Cortiguera
42.7848	-4.4225	34056	Perazancas
42.7848	-6.9357	27012	Aucella
42.7850	-3.3203	09412	Quintana-María
42.7852	-8.1950	36059	Sabrejo
42.7852	-1.7439	31076	Paternáin
42.7853	-6.6125	24070	Lillo del Bierzo
42.7853	-1.7232	31076	Sagüés
42.7857	-8.9147	15057	Taramancos
42.7858	-6.9634	27012	Chan de Pracía
42.7858	-8.8873	15057	Noia
42.7861	-3.9619	39094	Sobrepeña
42.7861	-7.0026	27012	Ferreiravedés
42.7862	-4.3314	34004	Quintanilla de la Berzosa
42.7863	-4.2390	34004	Camesa
42.7863	-1.3725	31158	Aoiz
42.7863	-8.6458	15065	Cruces
42.7865	-5.4986	24076	Pedrún de Torío
42.7865	-7.4001	27057	Vilar de Sarria
42.7866	-5.9627	24132	Ariego de Abajo
42.7867	-1.6773	31907	Cizur Menor
42.7867	-4.9731	24183	Puente-Almuhey
42.7867	-4.3519	34004	Foldada
42.7868	-5.1257	24056	Sorriba
42.7868	-5.7693	24040	Otero de las Dueñas
42.7870	-4.9398	24183	Cegoñal
42.7870	-5.9176	24167	Lago
42.7872	-1.7705	31076	Eriete
42.7873	-8.9623	15053	Uhía
42.7874	-6.0083	24132	Guisatecha
42.7875	-3.3002	09412	Santocildes
42.7875	-1.6213	31023	Mutilva Baja
42.7876	-3.3642	09394	Palazuelos de Cuesta-Urria
42.7878	-0.5288	22006	Candanchú
42.7879	-6.0457	24132	Vegarienza
42.7880	-1.6906	31907	Zizur Mayor
42.7880	-8.5399	15082	Lucí
42.7880	-9.0722	15053	Serres
42.7881	-1.4947	31156	Lérruz
42.7881	-7.0012	27012	Vilar de Ferreira
42.7882	-7.8212	27032	Sirgal
42.7882	-1.6461	31109	Ventas de Cordovilla
42.7883	-6.9472	27012	San Martín
42.7887	-5.4154	24151	Pardesivil
42.7887	-8.3978	15089	Caldelas
42.7887	-2.9215	01046	Castillo Sopeña
42.7888	-6.6314	24070	Bárcena de la Abadía
42.7889	-8.9794	15053	Creo
42.7891	-8.7301	15074	Leroño
42.7891	-5.9779	24132	Ariego de Arriba
42.7891	-4.0092	34032	Cuillas del Valle
42.7893	-3.0716	01055	Bachicabo
42.7894	-0.9259	31113	Garde
42.7894	-6.1600	24101	Barrio de la Puente
42.7896	-6.0273	24132	El Castillo
42.7897	-4.8482	34080	Guardo
42.7900	-9.0590	15053	Baño
42.7901	-4.9053	24183	La Espina
42.7902	-1.8282	31075	Ciriza
42.7903	-8.9516	15062	Mosteiro
42.7904	-5.1085	24056	Valmartino
42.7906	-1.1724	31241	Adoaín
42.7909	-5.0770	24056	Quintana de la Peña
42.7910	-7.0584	27037	Fonfría
42.7911	-8.6779	15074	Sorribas
42.7915	-8.8944	15057	Barro
42.7916	-8.3379	36059	Gres
42.7916	-8.3880	15012	Donas
42.7916	-1.7171	31193	Gozólaz
42.7916	-7.6817	27049	Bagude
42.7919	-8.8207	15042	Lesende
42.7920	-3.2100	09412	Villaescusa de Tobalina
42.7921	-5.8107	24167	Garaño
42.7922	-8.9764	15053	Esteiro
42.7922	-4.8020	34080	Muñeca
42.7922	-6.9840	27012	Airoá
42.7923	-2.9026	01046	Mimbredo
42.7925	-4.5709	34049	Boedo
42.7925	-7.8342	27032	Monterroso
42.7925	-6.0946	24132	Villar de Omaña
42.7926	-6.7782	24196	Burbia
42.7926	-5.8957	24167	Villayuste
42.7926	-4.7799	34171	Villanueva de Arriba
42.7927	-3.4215	09394	Tartalés de Cilla
42.7927	-6.1823	24101	Torrecillo
42.7928	-7.2289	27062	Toldaos
42.7931	-3.2698	09412	Quintana-Martín Galíndez
42.7933	-8.0146	36020	Cristín
42.7936	-7.1087	27037	Espariz
42.7937	-8.4677	15012	Pazos
42.7937	-8.1318	36059	Toiriz
42.7937	-3.9883	39094	Puente del Valle
42.7938	-4.1409	39094	Santa María de Valverde
42.7938	-3.9312	39094	Rocamundo
42.7939	-7.3661	27057	Ferreiros
42.7939	-6.6719	24036	Lumeras
42.7940	-1.8617	31120	Muniáin
42.7940	-3.9544	39094	Rebollar de Ebro
42.7944	-5.7703	24040	Viñayo
42.7945	-8.5506	15082	Ramallosa
42.7945	-4.2589	34004	Aguilar de Campoo
42.7947	-2.6049	01059	Uribarri Nagusia / Ullibarri de los Olleros
42.7947	-8.8606	15057	Albariza
42.7947	-8.1721	36059	Cruces
42.7948	-8.9884	15053	Solleiros
42.7949	-8.3197	36059	Camanzo
42.7950	-8.5480	15082	Teo
42.7950	-4.5216	34056	Colmenares
42.7951	-7.8430	27032	Esporiz
42.7951	-2.3963	01037	Erroeta / Onraita
42.7954	-3.3119	09412	Lomana
42.7955	-7.1148	27037	Robledo
42.7956	-7.3349	27057	Seteventos
42.7957	-3.9661	39094	Campo de Ebro
42.7957	-5.2270	24068	Fresnedo de Valdellorma
42.7961	-5.7437	24040	Carrocera
42.7962	-4.1252	39094	Castrillo de Valdelomar
42.7963	-4.1688	34135	Helecha de Valdivia
42.7965	-4.1466	39094	San Martín de Valdelomar
42.7965	-7.7923	27046	Pol
42.7966	-4.2182	34135	Porquera de los Infantes
42.7966	-4.9802	24183	Taranilla
42.7967	-5.9614	24132	Socil
42.7968	-6.9131	27012	Deva
42.7969	-7.1298	27037	Quintá
42.7970	-6.4234	24110	Primout
42.7971	-3.9743	39094	Quintanilla de An
42.7973	-3.2308	09412	Gabanes
42.7974	-1.5127	31156	Yelz
42.7975	-6.9775	27012	Folgoso
42.7975	-6.0276	24132	Santibáñez de Arienza
42.7975	-4.5831	34049	Loma de Castrejón
42.7977	-8.4083	15012	Ribadulla
42.7977	-9.0631	15053	Badernado
42.7978	-7.8242	27032	Satrexas
42.7978	-2.8825	01046	Nuvilla
42.7979	-7.4080	27057	Betote
42.7979	-4.0112	34032	Báscones de Ebro
42.7979	-6.1843	24101	Posada de Omaña
42.7979	-5.1875	24068	San Pedro de Foncollada
42.7984	-5.9339	24132	Bonella
42.7984	-6.9348	27012	Pando
42.7985	-1.2384	31241	Ongoz
42.7987	-1.4675	31156	Lizoáin
42.7987	-3.1845	09412	Plágaro
42.7988	-9.1272	15020	Lira
42.7989	-7.7302	27049	O Castro
42.7989	-9.1325	15020	Miñarzo
42.7989	-3.2784	09412	Cormenzana
42.7990	-1.5956	31023	Badostáin
42.7992	-7.0706	27037	Laguna
42.7998	-3.4713	09217	Panizares
42.7998	-3.6911	09905	Cubillo del Butrón
42.8000	-7.7974	27032	A Camba
42.8000	-7.0167	27012	Vilarguite
42.8000	-7.8833	27003	Villapoupre
42.8000	-4.6833	34171	Villalveto
42.8000	-7.3833	27057	Veiga
42.8000	-8.1167	36059	Tuiriz
42.8000	-8.9167	15062	Tavilo
42.8000	-7.8167	27032	Sieteiglesias
42.8000	-8.8833	15057	Sampaio
42.8000	-8.4833	15089	Sales
42.8000	-8.9500	15062	Sabardes
42.8000	-7.3167	27026	Río
42.8000	-8.9500	15062	O Freixo
42.8000	-8.6500	15065	Ribasar
42.8000	-7.4000	27057	Requeixo
42.8000	-7.9333	27003	Reboredo
42.8000	-7.6000	27042	Puertomarín
42.8000	-8.3833	15012	Pousada
42.8000	-3.2000	09412	Pajares
42.8000	-8.3500	15012	Oural
42.8000	-8.0667	36020	Orrea
42.8000	-7.3000	27026	Monseiro
42.8000	-8.5667	15082	Luou
42.8000	-7.6167	27049	Loyo
42.8000	-8.4667	15012	Lestedo
42.8000	-8.3333	36059	Ledesma
42.8000	-8.5000	15089	Illobre
42.8000	-8.7500	15074	Hermedelo
42.8000	-8.4333	15089	Granxa
42.8000	-7.4500	27057	Frades
42.8000	-7.9500	27003	Facha
42.8000	-1.7833	31085	Echauri
42.8000	-7.9500	27003	Cutián
42.8000	-8.7000	15074	Costa
42.8000	-8.4000	15012	Codeso
42.8000	-7.9000	27003	Cervela
42.8000	-8.2333	36059	Carbia
42.8000	-7.2667	27026	Bustelo
42.8000	-8.0833	36020	Brántega
42.8000	-8.0000	36020	Borrajeiros
42.8000	-8.8833	15057	Béjeres
42.8000	-8.0333	36020	Bais
42.8000	-7.4333	27057	Arxemil
42.8000	-7.9167	27003	Árbol
42.8000	-7.8167	27032	Arada
42.8000	-7.9000	27003	Alvidrón
42.8000	-8.7333	15074	Augasantas
42.8000	-7.2500	27026	Acebeiros
42.8000	-5.9833	24132	Abelgas
42.8002	-6.2021	24101	Vegapujín
42.8003	-7.8545	27032	Bidouredo
42.8003	-4.0768	39094	Susilla
42.8007	-5.6663	24134	Sorribos de Alba
42.8007	-1.6177	31023	Mutilva Alta
42.8007	-5.6425	24134	Barrio Debesa
42.8007	-8.8982	15057	Barquiña
42.8008	-5.7368	24040	Santiago de las Villas
42.8008	-9.0153	15053	Bornalle
42.8009	-7.2016	27006	Narón
42.8010	-4.7491	34171	Las Heras
42.8011	-7.1538	27037	Ríomao
42.8012	-5.2080	24068	La Serna
42.8013	-3.7207	09905	Pesquera de Ebro
42.8013	-2.8984	01046	Anuntzeta / Anúcita
42.8013	-8.2663	36059	Piloño
42.8014	-6.0599	24132	Garueña
42.8015	-3.7699	09905	Quintanilla-Escalada
42.8015	-5.6979	24134	Olleros de Alba
42.8017	-4.9519	24183	Soto de Valderrueda
42.8019	-7.0389	27012	Vilar de Cucos
42.8020	-2.9864	01049	Gesaltza Añana / Salinas de Añana
42.8020	-2.9099	01046	Pobes
42.8021	-1.0139	31252	Vidángoz
42.8022	-5.3392	24199	Candanedo de Boñar
42.8022	-3.3899	09394	Trespaderne
42.8023	-7.6523	27049	Belad
42.8024	-7.1244	27037	Vilaicente
42.8024	-4.1577	39094	San Andrés de Valdelomar
42.8026	-7.5687	27043	Grallas
42.8028	-4.4367	34056	Cubillo de Ojeda
42.8029	-3.3263	09412	Lozares de Tobalina
42.8029	-1.7751	31193	Íbero
42.8030	-5.6290	24134	La Robla
42.8030	-1.4352	31156	Beortegui
42.8031	-6.0803	24132	Valbueno
42.8034	-9.1147	15020	Pazo
42.8034	-5.1266	24056	Cistierna
42.8038	-4.0471	39094	Villanueva de la Nía
42.8039	-7.7014	27049	Acevedo
42.8039	-4.3720	34004	Barrio de San Pedro
42.8040	-6.9470	27012	Cela
42.8044	-9.0194	15053	Abelleira
42.8045	-8.1848	36059	Cumeiro
42.8045	-7.2960	27026	Vilouzán
42.8045	-2.6438	01059	Monasterioguren
42.8047	-8.9440	15062	Siavo
42.8049	-2.9326	01046	Arbígano
42.8049	-7.1675	27006	Ferrañol
42.8049	-0.4179	22204	El Portalet
42.8050	-1.1287	31111	Izal
42.8053	-8.6031	15082	Cornide
42.8054	-6.0981	24132	Omañón
42.8054	-9.1139	15020	Sofán
42.8055	-3.3101	09412	Imaña
42.8057	-1.6773	31901	Barañáin
42.8058	-2.6694	01059	Gaztelu / Castillo
42.8058	-8.3170	36059	Añobre
42.8060	-1.5222	31086	Azpa
42.8061	-5.6429	24134	Llanos de Alba
42.8062	-7.6164	27049	Portomarín
42.8062	-1.0947	31111	Güesa
42.8063	-7.7957	27032	Penas
42.8064	-3.9403	39094	Polientes
42.8064	-7.3591	27057	Corvelle
42.8064	-1.5577	31023	Ardanaz
42.8067	-5.2608	24068	La Acisa de las Arrimadas
42.8068	-4.2227	34004	Cabría
42.8069	-5.9866	24132	Villerín de Riello
42.8069	-8.1698	36059	Carballal
42.8071	-5.5866	24134	Brugos de Fenar
42.8071	-8.8841	15057	Orro
42.8072	-6.5510	24110	Sorbeda
42.8072	-2.7776	01059	Subillana Gasteiz / Subijana de Álava
42.8074	-3.6332	09014	Dobro
42.8075	-4.6250	34049	Pisón de Castrejón
42.8076	-5.5049	24098	Pardavé
42.8076	-4.9393	24183	Villacorta
42.8077	-8.6441	15074	Sisto
42.8079	-4.5990	34049	Castrejón de la Peña
42.8080	-8.9179	15062	Serantes
42.8080	-2.7560	01059	Zumeltzu
42.8084	-6.9671	27012	Prados
42.8085	-3.0890	01055	Barrio
42.8085	-9.0968	15020	Mallou
42.8086	-4.5688	34049	Cubillo de Castrejón
42.8087	-6.2244	24101	Fasgar
42.8087	-4.0324	39094	Cubillo de Ebro
42.8087	-8.9365	15062	Catasueiro
42.8088	-3.6779	09014	Porquera del Butrón
42.8088	-3.0465	01055	Espejo
42.8089	-3.2763	09412	Leciñana de Tobalina
42.8089	-8.0041	36020	Vilanova
42.8092	-4.9928	24183	San Martín de Valdetuéjar
42.8092	-7.3460	27057	San Antolín
42.8093	-4.7303	34171	Santibáñez de la Peña
42.8094	-3.5235	09217	Condado
42.8094	-5.4052	24193	Sopeña de Curueño
42.8096	-2.5347	01001	Egileta
42.8097	-3.0251	01055	Tuesta
42.8098	-5.1750	24068	Yugueros
42.8099	-3.3524	09394	Virués
42.8099	-7.1762	27006	Ferreiros de Balboa
42.8100	-7.1073	27037	Los Nogales
42.8100	-0.9561	31210	Roncal
42.8103	-5.5762	24134	Rabanal de Fenar
42.8103	-6.7160	24036	Sorbeira
42.8106	-9.1038	15020	Maceiras
42.8107	-7.2460	27026	Seara
42.8107	-7.3847	27057	Manan
42.8108	0.7105	25121	Les
42.8110	-3.7761	09905	Escalada
42.8110	-5.2843	24068	Barrillos de las Arrimadas
42.8113	-6.5759	24112	Argayo
42.8114	-7.0302	27012	Fuentejuana
42.8115	-5.9930	24132	Robledo de Omaña
42.8115	-3.3344	09412	Bascuñuelos
42.8118	-7.2082	27006	Guilfrei
42.8120	-8.8202	15042	Tojos Outos
42.8125	-8.2927	36059	Brandariz
42.8125	-4.3800	34004	Barrio de Santa María
42.8126	-8.4186	15012	Boqueijón
42.8128	-8.1955	36059	Ferreirós
42.8128	-4.5489	34049	Cantoral
42.8129	-2.7102	01059	Berrostegieta
42.8129	-7.0476	27012	Villasante
42.8129	-1.5981	31086	Sarriguren
42.8129	-7.5511	27043	Vileiriz
42.8130	-8.9642	15062	Lestelle
42.8130	-1.0657	31111	Igal
42.8133	-6.9524	27012	Castelo de Frades
42.8134	-5.8368	24012	Vega de Caballeros
42.8134	-6.6183	24070	San Pedro de Paradela
42.8135	-5.2184	24068	La Ercina
42.8135	-3.2188	09412	Villanueva del Grillo
42.8135	-4.1729	34135	Cezura
42.8137	-7.8645	27032	San Lourenzo
42.8137	-5.2995	24068	El Corral de las Arrimadas
42.8138	-1.4706	31156	Erredin
42.8139	-8.0271	36020	Artoño
42.8139	-6.3753	24110	Salentinos
42.8140	-4.2457	34004	Grijera
42.8142	-9.0467	15053	Fondo
42.8143	-3.2463	09412	Ranedo
42.8146	-8.8555	15057	Roo de Abajo
42.8147	-7.3986	27057	Mato, San Salvador
42.8148	-7.8338	27032	Cumbraos
42.8148	-7.8065	27032	Lavandelo
42.8149	-5.2046	24068	Oceja de Valdellorma
42.8151	-2.4426	01027	Gereñu
42.8152	-2.5225	01027	Erentxun
42.8156	-4.9473	24183	Valderrueda
42.8156	-2.5469	01021	Ixona / Hijona
42.8157	-5.3179	24068	Laiz de las Arrimadas
42.8158	-5.7527	24040	Cuevas de Viñayo
42.8158	-6.0845	24132	Villadepán
42.8158	-5.3060	24068	Santa Colomba de las Arrimadas
42.8160	-3.3662	09394	Santotís
42.8162	-1.8997	31118	Munárriz
42.8164	-1.7479	31193	Ororbia
42.8166	-7.3756	27057	Rubín
42.8166	-5.2349	24068	Sobrepeña
42.8167	-4.3333	34004	Villanueva de Pisuerga
42.8167	-7.0167	27012	Vilanova
42.8167	-8.0833	36020	Val
42.8167	-2.9000	01046	Subijana Morillas
42.8167	-9.0667	15053	Sestayo
42.8167	-8.5000	15089	Sales
42.8167	-7.5833	27043	Ribas de Miño
42.8167	-5.9833	24132	Renedo de Valdetuéjar
42.8167	-8.5500	15082	Recesende
42.8167	-9.0333	15053	Pando
42.8167	-8.9167	15062	Outeiro
42.8167	-1.3667	31158	Orbaitz
42.8167	-1.5833	31086	Olatz Txipia
42.8167	-8.9500	15062	Major
42.8167	-8.8667	15057	Liñayo
42.8167	-7.3000	27026	Lagos
42.8167	-1.7667	31193	Izkue
42.8167	-3.4833	09217	Hoz de Valdivielso
42.8167	-7.4667	27057	Goyán
42.8167	-7.5333	27043	Friolfe
42.8167	-7.2333	27026	Cortella
42.8167	-4.3167	34004	Cenera de Zalima
42.8167	-7.9500	36020	Castro de Amarante
42.8167	-7.2667	27026	Busto
42.8167	-8.9167	15062	Bendimón
42.8167	-8.6667	15013	Bastavales
42.8167	-7.9167	27003	Barreiro
42.8167	-7.2833	27026	Asfarrapa
42.8167	-8.8833	15057	Agrelo
42.8168	-5.9551	24132	La Urz
42.8169	-1.6432	31201	Pamplona
42.8169	-1.7207	31193	Aratzuri
42.8169	-6.7285	24036	Candín
42.8170	-9.0926	15020	Vilar
42.8171	-9.0259	15053	Lestón de Abajo
42.8174	-5.5594	24134	Candanedo de Fenar
42.8175	-7.0209	27012	San Pedro
42.8175	-6.0093	24132	Arienza
42.8176	-7.0518	27012	Fabal
42.8179	-3.9102	39094	Arenillas
42.8181	-7.7426	27049	Narón
42.8184	-7.0947	27037	Vilar
42.8184	-2.8095	01901	Langraiz Oka / Nanclares de la Oca
42.8184	-1.4915	31156	Mendiorotz
42.8184	-2.6525	01059	Mendiola
42.8185	-2.8369	01901	Olabarri / Ollávarre
42.8185	-7.6371	27049	Cortapezas
42.8186	-4.6016	34049	Traspeña
42.8187	-5.3324	24199	Vegaquemada
42.8187	-2.6194	01059	Gamiz
42.8188	-1.7817	31193	Artázcoz
42.8188	-2.6903	01059	Lasarte
42.8190	-7.8652	27032	Pedraza
42.8192	-7.1258	27006	Cormes
42.8193	-8.0638	36020	Baiña
42.8193	-3.5143	09217	Valhermosa
42.8194	-4.5102	34067	Dehesa de Montejo
42.8195	-4.6685	34171	Tarilonte
42.8195	-6.1379	24101	Villanueva de Omaña
42.8195	-1.4545	31156	Ozcáriz
42.8195	-5.6278	24134	Puente de Alba
42.8196	-2.3888	01051	Egileor
42.8197	-6.0490	24132	Manzaneda de Omaña
42.8198	-6.6947	24036	Villasumil
42.8199	-4.1977	34135	Quintanilla de las Torres
42.8201	-7.0600	27012	Santa Justa
42.8202	-8.9081	15062	Rates
42.8202	-8.2282	36059	Ollares
42.8202	-8.2641	36059	Salgueiros
42.8202	-9.0286	15053	Lestón de Arriba
42.8206	-6.4875	24110	Páramo del Sil
42.8206	-3.9182	39094	Ruijas
42.8206	-7.1566	27006	Guillén
42.8208	-5.8456	24012	Mora de Luna
42.8210	-7.0981	27037	San Andrés
42.8212	-6.9280	27012	Cabanas Antiguas
42.8212	-1.5819	31086	Gorraiz
42.8214	-5.2967	24199	La Devesa de Boñar
42.8217	0.8029	25063	San Juan de Torón
42.8217	-8.8843	15062	Ceilán
42.8218	-7.1795	27006	Freijo
42.8218	-8.4583	15012	Quian
42.8219	-4.2794	34004	Corvio
42.8220	-7.3805	27057	Veiga
42.8221	-7.8151	27032	Leborey
42.8221	-2.6781	01059	Gardelegi
42.8223	-3.5620	09217	Toba de Valdivielso
42.8224	-2.4749	01053	Adana
42.8226	-3.5399	09217	Población de Valdivielso
42.8226	-8.9193	15062	Viro
42.8226	-3.0413	01055	Villamaderne
42.8226	-8.5464	15082	Cacheiras
42.8227	-8.9320	15062	Roo de Abajo
42.8228	-7.0644	27012	San Martín de las Cañadas
42.8229	-3.2518	09412	La Revilla de Herrán
42.8230	-3.2844	09412	Parayuelo
42.8231	-4.0765	39094	Coroneles
42.8233	-7.5680	27043	Gondrame
42.8233	-9.0891	15020	Carnota
42.8234	-3.8938	39094	Villota de Ebro
42.8235	-3.2295	09412	Herrán
42.8237	-2.4145	01027	Alaitza
42.8238	-1.7048	31193	Orkoien
42.8238	-3.9703	39094	Arantiones
42.8239	-3.1120	01055	Nograro
42.8239	-8.6701	15013	San Julián de Bastavales
42.8240	-6.9356	27012	Degrada
42.8241	-3.4879	09217	Tartalés de los Montes
42.8242	-7.2605	27026	Saá
42.8244	-5.7776	24040	Piedrasecha
42.8245	-2.4953	01027	Gauna
42.8248	-4.9513	24183	La Sota de Valderrueda
42.8249	-8.8740	15057	Puente de Don Alonso
42.8250	-7.6958	27049	Gonzar
42.8250	-8.0244	36020	Berredo
42.8251	-7.3063	27026	Gallegos
42.8251	-6.7455	24036	Pereda de Ancares
42.8253	-1.8847	31118	Urdánoz
42.8254	-2.9002	01046	Morillas
42.8254	-5.6416	24114	Peredilla
42.8256	-1.6167	31086	Burlata
42.8256	-6.5055	24109	Corbón del Sil
42.8257	-3.5281	09217	Arroyo de Valdivielso
42.8257	-8.3437	36059	Obra
42.8261	-2.5960	01059	Aberasturi
42.8261	-4.8463	34199	Velilla del Río Carrión
42.8262	-7.8232	27032	Vilanova
42.8264	-7.0131	27012	Chandeiro
42.8265	-8.1516	36059	Larazo
42.8265	-5.5473	24134	Solana de Fenar
42.8265	-7.8844	27040	Coence
42.8266	-7.1253	27006	Cela
42.8266	-8.9294	15062	Roo de Arriba
42.8267	-7.1003	27037	Lama da Vila
42.8269	-5.4106	24193	La Cándana de Curueño
42.8269	-7.3041	27026	Vigo de Galegos
42.8271	-7.2012	27006	Armesto
42.8271	-7.0035	27012	Chan de Lagares
42.8272	-6.0378	24132	Cornombre
42.8272	-1.7893	31193	Izu
42.8273	-1.5543	31086	Egues-Ibiriku
42.8274	-2.7320	01059	Gometxa
42.8277	-7.1363	27006	Morcelle
42.8277	-2.3591	01051	Opakua
42.8278	-9.0276	15053	San Julián
42.8278	-8.4908	15078	Susana
42.8278	-4.0305	39094	Otero
42.8280	-2.7542	01059	Ariñiz / Aríñez
42.8280	-7.7952	27032	Novelúa
42.8281	-3.0070	01049	Atiaga / Atiega
42.8282	-2.3721	01051	Arrizala
42.8283	-3.9492	39094	Salcedo
42.8284	-7.3370	27026	Lama
42.8284	-6.1123	24101	Sabugo
42.8286	-7.2320	27026	Vilaesteva de Herdeiros
42.8286	-3.8687	39094	San Martín de Elines
42.8287	-7.1854	27006	Tortes
42.8287	-5.5247	24098	Naredo de Fenar
42.8287	-9.0810	15020	Nóutigos
42.8288	-6.6348	24112	Fresnedelo
42.8292	-5.5391	24098	Robledo de Fenar
42.8293	-7.3214	27026	Vilela de Abaixo
42.8293	-2.6735	01059	Aretxabaleta
42.8294	-8.9880	15053	Silvosa
42.8295	-4.6244	34049	Villanueva de la Peña
42.8296	-7.5496	27043	Aday
42.8296	-7.3514	27026	Mourillón
42.8297	-7.4600	27057	San Miguel de Vilapedre
42.8299	-8.8918	15062	Tarás
42.8299	-3.8330	39094	Villaescusa de Ebro
42.8300	-3.3491	09394	Cadiñanos
42.8301	-7.9227	27040	Pidre
42.8301	-3.5759	09217	Santa Olalla de Valdivielso
42.8301	-8.9143	15062	Brion de Abajo
42.8301	-4.7119	34171	Villafría
42.8301	-5.0160	24183	El Otero de Valdetuéjar
42.8302	-3.4258	09213	Mijangos
42.8303	-0.9462	31245	Urzainqui
42.8303	-5.1803	24137	Olleros de Sabero
42.8303	-7.4868	27043	Saá
42.8304	-1.5909	31122	Huarte
42.8304	-4.1234	39094	San Cristóbal del Monte
42.8304	-3.2950	09412	Hedeso
42.8305	-4.6636	34171	Velilla de Tarilonte
42.8305	-2.5691	01059	Andollu
42.8306	-8.1376	36059	Arnego
42.8306	-7.0317	27012	Lamas
42.8307	-1.6665	31903	Berriozar
42.8307	-7.0359	27012	Horta
42.8308	-3.5970	09217	El Almiñé
42.8309	-3.9879	39094	Quintanas-Olmo
42.8309	-4.2152	34004	Menaza
42.8311	-1.5468	31086	Elcano
42.8314	-7.3210	27026	Vilela de Arriba
42.8315	-8.1531	36059	Loño
42.8316	-7.3642	27057	Fuenteabuín
42.8316	-3.5419	09217	Quecedo
42.8318	-7.0542	27012	Villaján
42.8318	-8.9445	15062	Outón
42.8318	-2.6290	01059	Otazu
42.8318	-7.1077	27037	Villaveje
42.8318	-8.1178	36020	Brocos
42.8318	-7.6294	27049	León
42.8318	-6.0839	24132	Sosas del Cumbral
42.8319	-7.5966	27023	Navallos
42.8319	-2.4764	01027	Azilu
42.8321	-7.4444	27057	Vilapedre
42.8322	-1.7873	31193	Asiáin
42.8323	-7.7089	27049	Castromayor
42.8323	-1.6074	31086	Atarrabia
42.8323	-6.7237	24036	Espinareda de Ancares
42.8323	-8.9212	15062	Brion de Arriba
42.8324	-4.3411	34158	Renedo de Zalima
42.8325	-3.9044	39094	Rúerrero
42.8326	-7.6662	27049	Caborrecelle
42.8328	-1.8749	31118	Aizpún
42.8328	-2.7882	01901	Billoda / Víllodas
42.8328	-2.5378	01021	Añua
42.8329	-3.1387	01055	Quejo
42.8330	-9.0901	15020	Pedrafigueira
42.8330	-7.1416	27006	Ousón
42.8331	-7.1270	27006	Valiña
42.8333	-3.2910	09213	Santa Coloma
42.8333	-5.8095	24012	Portilla de Luna
42.8333	-7.2000	27006	Vilouta de Abajo
42.8333	-4.6167	34049	Villaverde de la Peña
42.8333	-7.4167	27057	Villar
42.8333	-8.7333	15074	Urdilde
42.8333	-7.5167	27043	Torre
42.8333	-7.3500	27026	Souto
42.8333	-5.2000	24137	Sotillos
42.8333	-7.2667	27026	Sobrerriba
42.8333	-8.1000	15079	Sesto
42.8333	-8.4667	15012	Sergude
42.8333	-7.7333	27049	Río
42.8333	-7.1167	27006	Pozacas
42.8333	-8.2833	36059	Nuevefuentes
42.8333	-5.6500	24114	Noceda
42.8333	-8.5000	15078	Marrozos
42.8333	-5.2500	24021	Llama de Colle
42.8333	-5.1667	24137	La Herrera
42.8333	-3.6833	09014	Ahedo de Butrón
42.8333	-8.3500	15085	Fojanes
42.8333	-1.5000	31086	Erantsus
42.8333	-1.2333	31241	Elkoatz
42.8333	-8.0000	36020	Eidián
42.8333	-8.2167	36059	Circes
42.8333	-7.3000	27026	Cedrón
42.8333	-8.8833	15062	Cando
42.8333	-8.5833	15082	Calo
42.8333	-7.9333	27040	Cabana
42.8333	-7.6333	27049	Bedro
42.8333	-1.8500	31118	Azantza
42.8333	-1.6500	31902	Artika
42.8333	-2.7000	01059	Armentia
42.8337	-7.3130	27026	Leirado
42.8338	-8.7331	15074	A Calle
42.8338	-8.6581	15013	Bastavales
42.8339	-8.6647	15013	Soutullos
42.8340	-7.8304	27032	Fufín
42.8340	-5.6605	24114	Nocedo de Gordón
42.8340	-2.9320	01046	Ormijana
42.8341	-7.4047	27057	Lousadela
42.8341	-7.3893	27057	Céltigos
42.8341	-7.3797	27026	Larín
42.8342	-8.0521	15079	Sanjurjo
42.8342	-4.1861	34004	Canduela
42.8344	-5.2710	24021	Veneros
42.8344	-7.7659	27032	Salgueiros
42.8344	-7.2632	27026	Piñeiróa
42.8345	0.7169	25045	Bausén
42.8346	-5.9823	24132	Curueña
42.8346	-1.4501	31156	Zalba
42.8346	-7.8973	27040	Coence
42.8347	-5.1644	24137	Saelices de Sabero
42.8349	-1.1003	31119	Sarriés
42.8349	-1.7699	31193	Lizasoáin
42.8351	-7.2063	27006	Vilouta de Arriba
42.8351	-3.3817	09394	Arroyuelo
42.8353	-3.1953	09192	Villafría de San Zadornil
42.8353	-5.3320	24199	Palazuelo de Boñar
42.8355	-3.7931	09905	Orbaneja del Castillo
42.8355	-3.7589	09905	Turzo
42.8355	-2.4297	01027	Langarika
42.8355	-5.0905	24056	Fuentes de Peñacorada
42.8357	-8.9293	15062	Cures
42.8357	-9.0367	15053	Torea
42.8358	-7.0625	27012	O Mosteiro
42.8359	-2.4555	01053	Txintxetru
42.8359	-4.1460	34004	Navas de Sobremonte
42.8359	-5.1487	24137	Sabero
42.8361	-8.5462	15082	Montouto
42.8361	-3.0704	01055	Villanañe
42.8366	-1.7294	31131	Iza
42.8367	-3.2597	09412	Las Viadas
42.8367	-7.5578	27043	Reascos
42.8368	-4.2626	34004	Matalbaniega
42.8369	-8.6302	15002	Eirapedriña
42.8369	-4.0511	39094	Rasgada
42.8372	-2.9452	01046	Axkoeta / Escota
42.8372	-5.1175	24056	Santa Olaja de la Varga
42.8372	-3.7225	09014	Quintanilla-Colina
42.8374	-5.3167	24199	La Losilla y San Adrián
42.8374	-2.5693	01059	Villafranca
42.8374	-7.8097	27032	Lodoso
42.8375	-5.3486	24199	Llamera
42.8377	-6.7323	24036	Suertes
42.8377	-8.4515	15012	Rodiño-Pequeño
42.8378	-7.3446	27026	Touville
42.8380	-5.5074	24098	Robles de la Valcueva
42.8380	-8.0441	15079	Mourazos
42.8381	-7.5035	27043	Villarmosteiro
42.8384	0.7390	25063	Caneján
42.8385	-5.0476	24183	La Mata de Monteagudo
42.8385	-3.7320	09416	Villanueva-Rampalay
42.8385	-6.3875	24109	Valseco
42.8386	-1.5658	31086	Alzuza
42.8387	-1.1046	31119	Ibilcieta
42.8387	-2.3582	01053	Okariz
42.8391	-4.3566	34158	San Mamés de Zalima
42.8395	-7.1751	27006	Herbón
42.8396	-9.0877	15020	Freán
42.8397	-6.9711	27012	Chao
42.8397	-2.5826	01059	Argandoña
42.8397	-7.5716	27023	Francos
42.8398	-2.7221	01059	Zuhatzu / Zuazo de Vitoria
42.8399	-6.4998	24109	Susañe del Sil
42.8400	-3.8585	39094	Arroyuelos
42.8402	-5.2510	24021	Colle
42.8404	-7.0677	27012	Villafrial
42.8405	-7.3985	27026	Vilambrán
42.8405	-7.4167	27026	Ronfe
42.8406	-8.2029	36059	Insúa
42.8411	-6.9841	27012	Fulgueiroa
42.8412	-2.5118	01001	Dulantzi / Alegría
42.8413	-3.5981	09217	Quintana de Valdivielso
42.8413	-8.6586	15013	Gándara
42.8414	-4.0820	39094	Navamuel
42.8414	-8.8607	15062	Filgueiro
42.8414	-7.0308	27012	Pereira
42.8415	-1.7147	31193	Lotza
42.8416	-3.9271	39094	Población de Abajo
42.8416	-8.9476	15062	Carleo de Abajo
42.8417	-3.2717	09412	La Prada
42.8417	-6.7632	24036	Tejedo de Ancares
42.8418	-7.1369	27006	Horta
42.8420	-3.5815	09217	Puente-Arenas
42.8420	-2.6350	01059	Arkaia
42.8421	-8.6017	15002	Viduido
42.8422	-6.5718	24112	Anllarinos
42.8424	-4.2373	34004	Nestar
42.8424	-8.9111	15062	Sierra de Outes
42.8424	-2.6132	01059	Askartza
42.8425	-3.4183	09213	Nofuentes
42.8425	-6.0199	24132	Salce
42.8426	-4.3090	34004	Matamorisca
42.8427	-8.6704	15013	Perros
42.8427	-8.1748	36059	Dujame
42.8427	-3.8666	39094	Villaverde del Hito
42.8427	-9.0362	15053	Cornes
42.8430	-1.6135	31101	Arre
42.8431	-7.7190	27049	Nespereira
42.8431	-7.7957	27032	Milleirós
42.8431	-3.1582	09192	San Zadornil
42.8432	-5.5911	24114	Llombera
42.8432	-7.8586	27040	Villareda
42.8432	-7.9916	15079	Basadre
42.8433	-5.8240	24012	Sagüera de Luna
42.8435	-7.1155	27006	Torallo
42.8435	-7.0744	27012	Santo Tomé
42.8438	-2.5386	01021	Gazeta
42.8440	-5.8623	24012	Los Barrios de Luna
42.8444	-8.7914	15013	Cornanda
42.8445	-3.8748	39094	Santa María del Hito
42.8446	-8.9495	15062	Carleo de Arriba
42.8446	-6.1156	24101	Rodicol
42.8447	-5.6541	24114	Huergas de Gordón
42.8447	-5.9069	24012	Irede de Luna
42.8448	-8.5771	15002	O Milladoiro
42.8448	-4.9584	24183	Morgovejo
42.8453	-7.2487	27901	Vale
42.8455	-1.6335	31101	Azotz
42.8455	-3.8931	39094	Repudio
42.8456	-9.0839	15020	Canedó
42.8456	-3.6049	09217	Valdenoceda
42.8458	-3.3933	09213	Villapanillo
42.8458	-5.2975	24021	Las Bodas
42.8458	-6.5441	24110	Anllares
42.8459	-5.2334	24021	Felechas
42.8460	-6.8992	27012	Vilarello
42.8460	-2.9678	01046	Artatza / Artaza
42.8461	-3.4535	09213	Urría
42.8462	-2.9926	01046	Barrón
42.8464	-2.7453	01059	Lermanda
42.8470	-5.0018	24183	Villalmonte
42.8471	-2.7851	01901	Trasponte / Trespuentes
42.8471	-2.3561	01053	Munain
42.8472	-7.5242	27043	Piñeiro
42.8472	-3.3098	09213	Extramiana
42.8473	-8.6178	15002	As Buceleiras
42.8474	-7.2860	27901	Berselos
42.8475	-3.1188	01055	Gurendes
42.8477	-8.9855	15062	Terelle
42.8477	-2.4535	01027	Ezkerekotxa
42.8478	-3.0988	01055	Villanueva de Valdegovía
42.8479	-5.1304	24137	Alejico
42.8479	-2.7556	01059	Margarita
42.8480	-1.8104	31194	Eguíllor
42.8480	-6.9167	27012	Robledo
42.8480	-5.4870	24098	Palazuelo de la Valcueva
42.8482	-8.6792	15013	Ángeles
42.8483	-7.0786	27012	Estrada
42.8483	-8.9138	15062	Boel
42.8483	-7.1447	27006	Cruzul
42.8485	-3.3318	09412	La Orden
42.8485	-5.4064	24193	La Vecilla de Curueño
42.8485	-4.4128	34056	Barcenilla
42.8486	-6.4280	24109	Matalavilla
42.8488	-4.1613	34004	Villanueva de Henares
42.8488	-7.0854	27012	Cha
42.8488	-7.5708	27043	Ribera
42.8489	-6.9673	27012	Ardevila
42.8490	-2.4305	01027	Gazeo
42.8491	-9.0891	15020	Piñeiros
42.8493	-5.2766	24021	Grandoso
42.8494	-6.3139	24109	Salientes
42.8495	-9.1259	15020	Caldebarcos
42.8497	-2.5451	01021	Burgelu / Elburgo
42.8498	-9.0375	15053	Vistavós
42.8498	-6.2119	24101	Montrondo
42.8500	-2.6727	01059	Gasteiz / Vitoria
42.8500	-1.4500	31156	Zuntzarren
42.8500	-1.5833	31086	Zabaldika
42.8500	-1.8500	31118	Ultzurrun
42.8500	-8.0667	15079	Sejo
42.8500	-8.3333	36059	Ribeira
42.8500	-8.1000	15079	Ribadulla
42.8500	-7.9167	27040	Repostería
42.8500	-7.9000	27040	Repostería
42.8500	-7.6500	27049	Recelle
42.8500	-7.9667	36020	Ramil
42.8500	-8.0333	15079	Rairiz
42.8500	-8.3833	15085	Prevediños
42.8500	-8.6333	15002	Ortoño
42.8500	-1.7667	31193	Oltza
42.8500	-7.4000	27026	Oleiros
42.8500	-7.4000	27026	Muro
42.8500	-8.7500	15013	Luaña
42.8500	-7.2167	27901	Lejocairo
42.8500	-7.2167	27901	Lejo
42.8500	-8.4500	15012	Lamas
42.8500	-8.9000	15062	Gallardo
42.8500	-8.3500	15085	Fuentes-Rosas
42.8500	-7.2833	27901	Francos
42.8500	-7.6167	27023	Fiz de Rozas
42.8500	-8.2833	36059	Fao
42.8500	-8.9167	15062	Entines
42.8500	-8.3667	15085	Enquerentes
42.8500	-8.5167	15078	Eijo
42.8500	-8.2333	36059	Calvos de Socamino
42.8500	-7.0167	27012	Bustelo
42.8500	-8.6167	15002	Bugallido
42.8500	-8.7167	15013	Boullón
42.8500	-8.1333	36059	Beigondo
42.8500	-8.0333	15079	Arcediago
42.8500	-2.8833	01020	Aprikano
42.8500	-7.8833	27040	Albá
42.8500	-1.6333	31902	Aizoáin
42.8500	-8.0833	15006	Agra
42.8500	-8.4189	15012	Gastrar
42.8502	-7.3584	27026	Armea
42.8502	-5.1262	24060	Aleje
42.8503	-6.1916	24101	Murias de Paredes
42.8504	-2.6414	01059	Elorriaga
42.8505	-4.3778	34158	Salinas de Pisuerga
42.8506	-8.9265	15062	Outes
42.8507	-3.2819	09412	Rufrancos
42.8509	-8.9626	15062	Mirás
42.8509	-2.3355	01053	Bikuña
42.8510	-7.4413	27043	Vilafiz
42.8512	-2.6347	01059	Arkauti / Arcaute
42.8513	-3.7568	09416	Gallejones
42.8516	-2.3912	01051	Agurain / Salvatierra
42.8516	-8.9760	15062	Lestayo
42.8516	-3.3347	09412	Pedrosa de Tobalina
42.8517	-1.9036	31118	Goñi
42.8517	-1.6197	31101	Oricáin
42.8520	-8.6733	15013	Os Anxeles
42.8520	-1.3756	31028	Nagore
42.8521	-3.7150	09014	Tubilleja
42.8521	-3.1391	09192	San Millán de San Zadornil
42.8524	-4.1224	39093	Candenosa
42.8524	-4.0375	39094	Bárcena de Ebro
42.8525	-8.2649	36059	Cornado
42.8525	-8.1800	36059	Portodemouros
42.8526	-5.5424	24098	Orzonaga
42.8528	-5.0275	24183	Las Muñecas
42.8528	-5.3409	24199	La Mata de la Riba
42.8528	-3.1782	09192	Arroyo de San Zadornil
42.8528	-2.5904	01059	Zerio
42.8532	-2.7304	01059	Krispiña / Crispijana
42.8533	-7.0734	27012	Dumia
42.8533	-7.8236	27032	Tarrío
42.8533	-4.0101	39094	Bustillo del Monte
42.8535	-4.4250	34056	Quintanaluengos
42.8535	-3.8806	09011	Presillas
42.8536	-3.0160	01055	Ginea
42.8537	-1.7442	31193	Zuasti
42.8537	-3.7288	09416	Robledo de Zamanzas
42.8538	-7.6070	27023	Piñeiras
42.8539	-4.2579	34004	Villavega de Aguilar
42.8540	-1.7530	31193	Aldaba
42.8541	-4.4816	34067	Vado de Cervera
42.8541	-7.2785	27901	Vilar de Francos
42.8542	-1.0998	31119	Esparza
42.8543	-4.1074	39094	Moroso
42.8547	-7.1088	36020	A Golada
42.8548	-2.7017	01059	Ehari / Ali
42.8548	-9.0913	15020	Vilar
42.8551	-9.0918	15020	Carnota
42.8552	-1.6892	31193	Berriobeiti
42.8556	-9.1338	15020	Panchés
42.8558	-8.9842	15062	Esperante
42.8561	-6.8755	27012	Piornedo
42.8561	-7.1636	27006	Becerreá
42.8562	-3.4061	09213	Villavedeo
42.8562	-6.9213	27012	Vilar
42.8563	-9.0734	15020	Louredo
42.8563	-8.8688	15062	Cuns
42.8565	-6.1643	24101	Lazado
42.8566	-7.0456	27012	Castelo
42.8566	-5.6677	24114	La Pola de Gordón
42.8566	-4.2107	39092	Cuena
42.8566	-5.3951	24179	Otero de Curueño
42.8567	-2.5590	01059	Oreitia
42.8567	-4.4166	34056	Rueda
42.8568	-5.4288	24193	Campohermoso
42.8569	-4.7827	34199	Valcovero
42.8570	-6.6195	24112	Cariseda
42.8572	-1.7297	31193	Larrageta
42.8573	-4.4585	34056	Ligüérzana
42.8573	-8.0118	15079	Barazón
42.8574	-7.6286	27023	Villermao
42.8575	-8.7622	15013	Cristimil
42.8577	-6.9962	27012	Sevane
42.8577	-2.4757	01027	Arrieta
42.8578	-4.2370	34004	Cordovilla de Aguilar
42.8580	-8.6162	15002	Quistiláns
42.8582	-8.3406	15085	Lojo
42.8585	-3.4840	09213	Valdelacuesta
42.8586	-3.7209	09416	Barriolacuesta
42.8588	-7.7788	27032	Ligonde
42.8592	-2.2656	01009	Andoin
42.8593	-7.5090	27043	Neira
42.8594	-5.4432	24179	Aviados
42.8595	-2.5979	01059	Ilarratza
42.8595	-8.9869	15045	San Cristóbal
42.8595	-8.9981	15045	Vilar de Costa
42.8598	-8.6511	15002	Bertamirans
42.8599	-2.7803	01059	Mendoza
42.8599	-6.8967	27012	Donís
42.8601	-8.5267	15078	Angrois
42.8602	-0.9249	31247	Isaba
42.8604	-7.1683	27006	Castelo
42.8605	-8.1159	15079	Visantoña
42.8605	-2.2774	01009	Ibarguren
42.8605	-8.4519	15012	Vigo
42.8607	-7.8633	27040	Marzá
42.8607	-1.6874	31902	Berriosuso
42.8610	-2.5783	01059	Matauko
42.8610	-2.7313	01059	Astegieta
42.8610	-3.0398	01055	Karkamu
42.8612	-8.0301	15079	Quinzán
42.8613	-4.0538	39093	Reocín de los Molinos
42.8613	-3.4213	09213	Cebolleros
42.8616	-4.2787	34027	Cillamayor
42.8617	-8.9024	15062	A seara
42.8618	-7.0345	27012	Villaluz
42.8619	-8.8231	15056	Lueiro
42.8619	-6.9138	27012	Cabanajaraz
42.8621	-4.1519	34004	Quintanas de Hormiguera
42.8621	-1.8701	31194	Arteta
42.8622	-7.1199	27006	Borquería
42.8622	-5.2938	24021	Voznuevo
42.8623	-8.9558	15062	Loyos
42.8623	-6.1403	24101	Villabandín
42.8625	-3.8983	09011	Valderías
42.8626	-7.1630	27006	Saá
42.8627	-2.6551	01059	Betoño
42.8627	-6.5961	24112	Faro
42.8627	-8.9021	15062	Santo Ourente
42.8628	-8.0756	15079	Belmil
42.8629	-2.2942	01009	Urabain
42.8629	-7.2540	27901	Pol
42.8631	-5.1391	24060	Verdiago
42.8632	-7.0826	27006	Barreiro
42.8632	-2.7165	01059	Gobeo
42.8633	-3.7031	09014	Tudanca
42.8635	-8.9292	15062	Lantarou
42.8635	-9.0462	15045	Pajareiras
42.8636	-1.6291	31101	Eusa
42.8638	-2.3537	01053	Mezkia
42.8639	-2.3348	01053	Egilatz / Eguilaz
42.8641	-5.0538	24183	Ferreras del Puerto
42.8641	-4.5294	34056	Ruesga
42.8641	-1.7191	31902	Añézcar
42.8642	-7.3367	27026	Láncara
42.8643	-5.0852	24056	Ocejo de la Peña
42.8644	-7.2916	27901	Lajes
42.8644	-7.0935	27006	Liber
42.8645	-7.1482	27006	Oselle
42.8645	-8.2026	15006	Dombodán
42.8646	-3.4615	09213	Villamagrín
42.8647	-2.3126	01053	Durruma / San Román de San Millán
42.8647	-5.3914	24179	Ranedo de Curueño
42.8648	-2.7482	01059	Estarrona
42.8648	-7.4443	27026	Pobra de San Xulián
42.8648	-7.4594	27043	Moscán
42.8650	-1.3780	31028	Arce
42.8650	-7.2274	27901	Sixirei
42.8650	-8.6738	15013	Lamiño
42.8650	-8.2317	15085	Turces
42.8651	-3.7400	09416	Ailanes
42.8654	-5.6806	24114	Beberino
42.8654	-5.3348	24021	Barrio de las Ollas
42.8656	-5.5203	24098	Matallana de Torío
42.8657	-4.0354	39093	Aroco
42.8659	-3.1248	09050	Valpuesta
42.8660	-8.8952	15062	Esfarrapa
42.8660	-9.1373	15020	Curra
42.8661	-0.8118	22028	Zuriza
42.8662	-7.1709	27006	Cadoalla
42.8662	-4.7331	34199	Valsurbio
42.8663	-7.6011	27023	Mougán
42.8663	-4.2949	34027	Matabuena
42.8665	-5.4096	24179	La Mata de la Bérbula
42.8666	-6.9923	27012	Quindós
42.8666	-3.0746	01055	Caranca
42.8667	-8.1500	15006	Viñós
42.8667	-7.6833	27049	Villajuste
42.8667	-7.6500	27023	Vilamerelle
42.8667	-8.7500	15013	Viceso
42.8667	-7.2333	27901	Vales
42.8667	-8.1833	15006	Tronceda
42.8667	-7.9333	27040	Sambreijo
42.8667	-8.0333	15079	Pezobrés
42.8667	-1.8500	31118	Olloibar
42.8667	-8.0500	15079	Novela
42.8667	-8.0167	15079	Niñodaguía
42.8667	-7.3833	27026	Neira de Cabaleiros
42.8667	-7.5833	27023	Mosteiro
42.8667	-8.5833	15078	Laraño
42.8667	-1.5667	31086	Irotz
42.8667	-1.8333	31118	Iltzarbe
42.8667	-8.8833	15062	Fornos
42.8667	-7.9000	27040	Curbián
42.8667	-8.5500	15078	Conxo
42.8667	-7.5000	27014	Cela
42.8667	-7.8833	27040	Carballal
42.8667	-7.9000	27040	Camino
42.8667	-8.2333	15085	Beseño
42.8667	-4.1919	39092	Bercedo
42.8667	-8.5000	15078	Arines
42.8667	-1.8167	31194	Anotz
42.8667	-9.0046	15045	Corrubedo
42.8668	-4.4980	34056	Cervera de Pisuerga
42.8668	-2.6774	01059	Arriaga
42.8668	-5.3239	24021	Boñar
42.8668	-1.8639	31194	Senosiáin
42.8670	-7.9528	27040	Remonde
42.8671	-3.4960	09213	Quintanalacuesta
42.8672	-6.8512	27012	Suarbol
42.8672	-6.9254	27012	Noudelo
42.8672	-8.6778	15013	Brion
42.8673	-2.5429	01021	Argomaniz
42.8674	-8.2618	15085	Andeade
42.8677	-1.6094	31101	Sorauren
42.8678	-7.5224	27043	Villasante
42.8681	-2.5011	01013	Etxabarri Urtupiña
42.8681	-8.3076	15085	Touro
42.8682	-9.0906	15020	Cornido
42.8683	-7.3055	27901	Covas
42.8686	-7.3734	27026	Carracedo
42.8687	-1.0968	31198	Oronz
42.8687	-8.0349	15079	Serantes
42.8688	-8.6298	15002	Aldea Nova
42.8689	-7.2905	27901	Riba de Neira
42.8689	-5.3976	24179	Valdepiélago
42.8693	-3.2394	01055	Villamardones
42.8693	-7.0626	27012	San Román
42.8693	-3.7823	09416	Báscones de Zamanzas
42.8697	-7.3880	27026	Vilaleo
42.8699	-2.8867	01020	Zuhatzu Kuartango
42.8701	-5.1630	24060	Valdoré
42.8701	-6.8830	27012	Moreira
42.8701	-7.6145	27038	Ourol
42.8704	-2.2630	01009	Egino
42.8705	-3.9182	39094	Ríopanero
42.8705	-3.2921	09213	Quintanilla-Montecabezas
42.8707	-2.6181	01008	Zurbao / Zurbano
42.8707	-5.0257	24183	La Red de Valdetuéjar
42.8707	-2.2295	31073	Ziordia
42.8707	-5.6616	24114	Vega de Gordón
42.8708	-3.3469	09412	Valujera
42.8710	-4.3484	34027	Bustillo de Santullán
42.8712	-2.4115	01053	Zuhatzu Donemiliaga / Zuazo de San Millán
42.8712	-1.7150	31136	Oteiza
42.8713	-6.9080	27012	Castelo
42.8714	-4.0884	39093	Valdeprado del Río
42.8714	-8.8877	15062	Buiste
42.8714	-2.3270	01009	Ametzaga Asparrena
42.8716	-4.3568	34027	Villanueva de la Torre
42.8717	-8.9043	15062	Casais
42.8717	-8.6770	15013	Pedrouzos
42.8718	-2.9160	01020	Jokano
42.8720	-7.1949	27006	Los Prados
42.8721	-7.0460	27012	Sabadelle
42.8721	-7.5143	27014	Cerceda
42.8722	-2.2857	01009	Ilarduia
42.8723	-1.6444	31101	Maquirriain
42.8723	-3.8881	09011	Linares de Bricia
42.8723	-8.4607	15012	Zaramacedo
42.8723	-3.8621	39094	Espinosa de Bricia
42.8725	-9.0533	15045	Gosende
42.8726	-7.2695	27901	Aranza
42.8726	-3.9455	39094	Población de Arriba
42.8726	-7.6994	27023	Lousadela
42.8726	-8.2228	15006	Branzá
42.8727	-4.0235	39094	Loma Somera
42.8727	-2.5950	01059	Jungitu
42.8727	-7.3915	27026	Laxes
42.8730	-2.7119	01059	Lopidana
42.8730	-9.1404	15020	Quilmas
42.8730	-8.4115	15012	Loureda
42.8730	-2.4676	01013	Dallo
42.8730	-8.8996	15062	Baleixo
42.8731	-8.8418	15056	Romaris
42.8732	-7.1744	27006	Cerezal
42.8733	-8.8951	15062	Galteiros
42.8733	-7.8147	27040	Lestedo
42.8736	-7.5506	27043	San Andrés
42.8737	-9.0010	15045	Suevos
42.8738	-7.6467	27023	Santa Eugea
42.8738	-9.0599	15020	Cubelo
42.8739	-8.0550	15079	Santiso
42.8740	-5.5249	24098	Serrilla
42.8741	-5.8897	24012	Mallo de Luna
42.8741	-2.3076	01009	Albeiz / Albéniz
42.8742	-4.4280	34056	Vallespinoso de Cervera
42.8745	-2.3772	01053	Erdoñana / Ordoñana
42.8745	-3.1470	01055	Pinedo
42.8745	-4.1313	39093	Hormiguera
42.8746	-2.0366	31091	Lizarraga
42.8746	-3.3873	09209	Villarán
42.8746	-3.0551	01055	Fresneda
42.8747	-8.9640	15062	Valladares
42.8747	-5.8499	24012	Mirantes de Luna
42.8748	-7.8690	27040	Palas de Rey
42.8749	-4.1628	39092	Mataporquera
42.8749	-8.0833	15079	Pezobre
42.8750	-5.7136	24114	Cabornera
42.8752	-8.9769	15062	Viladomonte
42.8752	-7.2271	27901	Villarpunteiro
42.8753	-6.9530	27034	Penedo
42.8753	-4.3943	34110	Mudá
42.8753	-4.2050	39092	Henestrosa de las Quintanillas
42.8753	-2.7795	01059	Martioda
42.8753	-2.5657	01021	Arbulu
42.8755	-3.2310	01055	Lalastra
42.8756	-5.2283	24021	Vozmediano
42.8756	-4.0474	39093	Arcera
42.8758	-3.5114	09213	Baíllo
42.8758	-5.6356	24114	Santa Lucía
42.8758	-2.1954	31189	Olazagutía
42.8759	-7.0950	27006	Vilar de Cancelada
42.8760	-6.4315	24109	Palacios del Sil
42.8760	-6.9958	27012	Santalla
42.8762	-4.9200	24183	Caminayo
42.8763	-7.3922	27026	Bande
42.8763	-8.8373	15056	Arzón
42.8764	-5.2829	24021	Adrados
42.8764	-1.2809	31028	Azparren
42.8765	-2.6810	01059	Abetxuko
42.8767	-8.6102	15078	Roxos
42.8767	-3.4581	09213	Pradolamata
42.8769	-7.2503	27901	Piñeira
42.8771	-8.6878	15013	A Torre
42.8772	-6.6338	24112	Peranzanes
42.8774	-7.4439	27014	Escoureda
42.8776	-6.9190	27012	Corneantes
42.8776	-4.1154	39093	Sotillo
42.8776	-5.1771	24060	La Velilla de Valdoré
42.8777	-4.3163	34027	Nava de Santullán
42.8778	-3.7265	09409	Vallejo
42.8780	-8.6432	15002	Covas
42.8780	-1.7473	31131	Saratsa
42.8784	-7.4774	27014	Camposo
42.8785	-4.1015	39093	San Vítores
42.8785	-3.9073	39094	Cejancas
42.8786	-2.4419	01013	Heredia
42.8787	-6.9322	27012	Olmos
42.8791	-4.5598	34056	Ventanilla
42.8792	-5.5160	24098	Villalfeide
42.8794	-7.7438	27032	Marzán
42.8795	-4.4746	34056	Valsadornín
42.8796	-1.8149	31131	Atondo
42.8796	-9.0703	15020	Adraño
42.8797	-4.8078	24020	Otero de Guardo
42.8798	-6.8962	27012	Pando
42.8799	-8.9166	15062	Xende
42.8799	-4.2553	34036	Orbó
42.8801	-3.1712	01055	Corro
42.8801	-3.9487	39094	La Serna
42.8801	-4.3484	34027	Verbios
42.8802	-6.2320	24101	Vivero
42.8802	-4.0526	39093	Barrio de Arriba
42.8803	-8.9168	15062	Lourido
42.8803	-1.5661	31098	Zuriáin
42.8804	-3.1875	01055	Tobillas
42.8804	-2.6562	01059	Gamarra Nagusia / Gamarra Mayor
42.8805	-7.3043	27901	Lebrujo
42.8805	-7.0829	27006	Vilachá
42.8805	-8.5457	15078	Santiago de Compostela
42.8808	-7.1432	27006	Montaña de Agra
42.8808	-3.5363	09903	Barruelo
42.8809	-2.7638	01059	Uribarri Dibiña / Ullibarri Viña
42.8811	-2.5799	01059	Lubiano
42.8811	-8.9779	15062	Sendón
42.8815	-2.6195	01008	Arzubiaga
42.8818	-3.3243	09213	Quintana-Entrepeñas
42.8819	-3.3456	09213	Lechedo
42.8822	-3.0877	01055	Estuliz / Astúlez
42.8824	-7.1817	27006	Furco
42.8824	-8.0051	15092	Vimianzo
42.8826	-2.4855	01013	Audikana
42.8826	-7.6170	27023	Grolos
42.8828	-4.2092	39092	La Quintana
42.8828	-6.6428	24112	Trascastro
42.8828	-4.3086	34027	Santa María de Nava
42.8829	-7.0159	27034	Cerredo
42.8831	-9.0634	15045	Vilar
42.8831	-8.5125	15078	Cotaredo
42.8831	-7.0658	27012	Tarnas
42.8831	-7.2358	27901	Gundián
42.8833	-2.9642	01020	Santa Eulalia
42.8833	-8.6000	15078	Villestro
42.8833	-6.9667	27034	Villaver
42.8833	-7.2000	27006	Villarín
42.8833	-1.3833	31028	Uritz
42.8833	-2.0167	31091	Unanu
42.8833	-2.0167	31091	Dorrao
42.8833	-7.9333	27040	Orosa
42.8833	-8.7333	15013	Ons
42.8833	-1.7833	31131	Otxobi
42.8833	-7.5500	27023	Mota
42.8833	-8.0333	15046	Moldes
42.8833	-5.8667	24012	Miñera de Luna
42.8833	-7.9000	27040	Meijide
42.8833	-6.8833	27012	Mazo
42.8833	-7.9333	27040	Mato
42.8833	-8.9333	15062	Matasueiro
42.8833	-8.7833	15056	Liñayo
42.8833	-8.0500	15079	Liñares
42.8833	-1.1333	31134	Ihaurrieta
42.8833	-2.6500	01059	Gamarra Gutxia / Gamarra Menor
42.8833	-7.8333	27040	Fuentecubierta
42.8833	-7.8500	27040	Filgueira
42.8833	-7.5500	27023	Ferroy
42.8833	-7.6667	27023	Ferreira de Pallares
42.8833	-5.8833	24012	Cosera de Luna
42.8833	-1.6667	31101	Zildotz
42.8833	-8.3167	15066	Cebreiro
42.8833	-5.8833	24012	Casasola
42.8833	-8.1667	15006	Brandeso
42.8833	-8.4667	15078	Bando
42.8833	-8.3667	15085	Bama
42.8833	-8.7000	15002	Agrón
42.8835	-3.2423	01055	Lahoz
42.8836	-6.6698	24112	Chano
42.8836	-7.2746	27901	Pousada
42.8836	-8.9358	15062	Famelga
42.8836	-3.3716	09213	Ael
42.8839	-4.4539	34056	Gramedo
42.8839	-7.4493	27014	Maceda
42.8840	-8.2657	15085	Muiña
42.8841	-5.5594	24194	Coladilla
42.8843	-5.7360	24114	Paradilla de Gordón
42.8843	-1.7677	31131	Erice
42.8844	-2.8898	01020	Etxabarri Kuartango
42.8844	-5.3936	24179	Montuerto
42.8845	-7.1014	27006	Pumarín de Abajo
42.8846	-1.6026	31101	Olabe
42.8847	-8.9753	15062	Gendil
42.8852	-5.4539	24179	Correcillas
42.8853	-5.6350	24114	Ciñera
42.8854	-2.3937	01053	Luzuriaga
42.8855	-2.3475	01061	Zalduondo
42.8855	-2.8016	01059	Otobarren / Hueto Abajo
42.8856	-3.8829	09011	Villamediana de Lomas
42.8859	-6.8964	27012	Pradela
42.8861	-7.1453	27006	Vilar de Frades
42.8862	-8.8563	15056	Xallas de Abaixo
42.8862	-8.8976	15062	Banzas
42.8862	-7.4331	27014	Abragán
42.8866	-2.7402	01059	Gereña
42.8869	-2.5370	01013	Mendixur / Mendíjur
42.8869	-8.8972	15062	Vilar
42.8870	-3.6100	09903	Remolino
42.8870	-7.6926	27023	Guntín
42.8870	-8.2494	15085	Oca de Abaixo
42.8871	-5.3053	24021	Cerecedo
42.8873	-7.4830	27014	Lapio
42.8877	-7.0050	27034	Vilela
42.8878	-7.6380	27023	Zolle
42.8878	-8.9567	15062	Gosende
42.8879	-3.4343	09213	San Cristóbal de Almendres
42.8879	-2.5929	01059	Uribarri Arrazua
42.8879	-7.1042	27006	Pumarín de Arriba
42.8880	-9.0129	15045	Manda
42.8881	-7.9666	15046	Leboreiro
42.8881	-5.5355	24194	Vegacervera
42.8881	-2.7259	01059	Andetxa / Antezana
42.8883	-2.7491	01059	Mandojana
42.8883	-2.1367	31240	Urdiáin
42.8884	-2.6998	01059	Arangiz
42.8884	-1.0977	31198	Escároz
42.8886	-5.9787	24164	Abelgas de Luna
42.8892	-2.9087	01020	Sendadiano
42.8893	-6.8049	24036	Balouta
42.8894	-6.9772	27034	Villarín
42.8895	-3.7726	09409	Población de Arreba
42.8897	-3.7574	09409	Arreba
42.8899	-2.1192	31130	Iturmendi
42.8899	-8.6849	15002	Trasmonte
42.8900	-5.4185	24179	Valdorria
42.8906	-2.9814	01020	Luna
42.8906	-7.2761	27901	Basille
42.8907	-2.6395	01008	Durana
42.8907	-7.1944	27006	Fontes
42.8908	-3.0640	01055	Osma
42.8909	-3.7138	09409	Cidad de Ebro
42.8912	-5.5793	24194	Valle de Vegacervera
42.8912	-7.5701	27028	San Román
42.8912	-2.8020	01059	Otogoien / Hueto Arriba
42.8913	-4.6260	34056	Rebanal de las Llantas
42.8913	-2.4913	01013	Etura
42.8914	-4.5930	34056	San Martín de los Herreros
42.8914	-4.2865	34027	Porquera de Santullán
42.8915	-5.5991	24194	Villar del Puerto
42.8916	-8.3956	15066	Pereira
42.8916	-3.1119	01055	Mioma
42.8918	-8.4926	15078	San Marcos
42.8919	-0.9404	31247	Uztarroz
42.8919	-4.2939	34027	Revilla de Santullán
42.8920	-9.0159	15045	Fornís
42.8920	-3.6923	09409	Manzanedillo
42.8921	-7.2549	27901	Baralla
42.8922	-4.2055	39092	Las Quintanillas
42.8922	-3.4137	09213	Almendres
42.8923	-3.8784	09011	Lomas de Villamediana
42.8924	-2.1025	31044	Bakaiku
42.8925	-7.2418	27901	Constantín
42.8925	-4.3107	34027	Villabellaco
42.8926	-4.3872	34160	San Cebrián de Mudá
42.8927	-1.6773	31136	Navaz
42.8928	-3.4991	09213	Paralacuesta
42.8929	-6.8837	27012	Poso
42.8929	-2.5118	01013	Gebara
42.8931	-9.1334	15020	O Pindo
42.8932	-3.4656	09209	Moneo
42.8933	-4.1582	39092	Rebolledo
42.8934	-6.3918	24109	Cuevas del Sil
42.8935	-2.3131	01009	Araia
42.8935	-7.1849	27006	San Pedro
42.8937	-3.1445	01055	Basabe
42.8939	-6.5017	24109	Valdeprado
42.8940	-2.1798	31010	La Estación
42.8942	-9.0056	15045	Coiro
42.8942	-2.5507	01013	Urizar
42.8943	-3.5696	09903	Bisjueces
42.8944	-8.1564	15006	Marojo
42.8944	-6.2081	24101	Los Bayos
42.8944	-3.5916	09903	Incinillas
42.8945	-7.3162	27901	Recesende
42.8946	-4.1651	39092	Camesa
42.8946	-3.8477	09011	Cilleruelo de Bricia
42.8947	-5.1464	24060	Villayandre
42.8947	-8.3868	15066	Lavacolla
42.8947	-5.6839	24114	Buiza
42.8948	-4.9635	24120	Prioro
42.8949	-7.5885	27023	Lousada
42.8950	-5.7691	24114	Geras
42.8950	-2.7379	01059	Legarda
42.8951	-9.1342	15020	O Pindo
42.8952	-8.6549	15002	Quintáns
42.8952	-3.6759	09409	Argés
42.8954	-3.7281	09409	San Miguel de Cornezuelo
42.8954	-4.1470	39092	Matarrepudio
42.8955	-7.0458	27012	Padornelo
42.8955	-8.6877	15002	Piñor
42.8957	-2.5179	01013	Maturana
42.8957	-4.7463	34199	Camporredondo de Alba
42.8958	-1.7370	31136	Arístregui
42.8959	-7.0877	27006	Pando
42.8959	-3.5323	09903	La Aldea
42.8959	-6.3875	24109	Mataotero
42.8959	-7.5293	27023	Tosende
42.8964	-4.4752	34056	Rabanal de los Caballeros
42.8966	-5.7228	24114	Folledo
42.8967	-7.0629	27012	San Martín
42.8967	-6.9572	27012	Chaovillarín
42.8969	-3.8050	09011	Campino
42.8969	-8.7817	15056	Campelo
42.8970	-4.8867	24020	Besande
42.8970	-6.9718	27012	Villarnovo
42.8970	-3.7836	09409	Crespos
42.8974	-7.1956	27006	Nantín
42.8975	-8.0722	15046	Varelas
42.8979	-7.1595	27006	Sarceada
42.8979	-1.6953	31136	Marcaláin
42.8981	-9.0079	15045	Las Bouzas
42.8982	-7.0753	27006	Frayán de Arriba
42.8982	-8.2028	15006	Pantiñobre
42.8984	-7.2704	27901	Ferreiros
42.8985	-3.9129	39094	Rúanales
42.8987	-6.9874	27034	Vallo
42.8989	-3.6918	09409	Manzanedo
42.8989	-6.6909	24112	Guimara
42.8990	-8.7671	15056	Gonte
42.8992	-7.0111	27034	Libre
42.8994	-2.7279	01059	Foronda
42.8994	-4.1952	39092	La Cuadra
42.8995	-2.4458	01013	Zuazola
42.8996	-4.1828	39092	Barriopalacio
42.8997	-9.0834	15045	Cabanude
42.8997	-8.9661	15045	Asenso
42.8999	-2.7027	01059	Mendiguren
42.8999	-9.0723	15045	Xinzo
42.9000	-2.1652	31010	Altsasu
42.9000	-7.8000	27040	Villar de Donas
42.9000	-8.1167	15006	Vilantime
42.9000	-7.3667	27026	Trasliste
42.9000	-7.3333	27026	Toirán
42.9000	-8.0833	15079	San Román
42.9000	-5.8833	24164	San Pedro de Luna
42.9000	-8.4167	15078	Sabugueira
42.9000	-7.4667	27014	Sabarey
42.9000	-8.4833	15078	Reboredo
42.9000	-8.2667	15066	Quion
42.9000	-7.8833	27040	Quindimil
42.9000	-1.3000	31028	Orotz-Betelu
42.9000	-7.7833	27040	Mosteiro
42.9000	-5.9167	24164	Lagüelles
42.9000	-7.0833	27006	Frayán de Abajo
42.9000	-7.5333	27023	Ferroy
42.9000	-8.2333	15085	Ferreiros
42.9000	-7.5000	27014	Farnadeiros
42.9000	-7.2500	27901	Escobio
42.9000	-1.8167	31025	Errotz
42.9000	-1.8667	31025	Ekai
42.9000	-7.7833	27040	Cubelo
42.9000	-7.6000	27023	Castelo
42.9000	-7.7667	27040	Carteire
42.9000	-5.9000	24164	Campo de Luna
42.9000	-7.2667	27901	Calvela
42.9000	-1.4500	31092	Ardaitz
42.9000	-8.3667	15066	Arca
42.9000	-5.8333	24164	Aralla
42.9000	-7.9167	27040	Ambreijo
42.9000	-7.3833	27014	Alto
42.9000	-8.0333	15046	Abeancos
42.9000	-1.2000	31003	Abaurregaina
42.9000	-8.9406	15045	Chacín
42.9001	-9.0918	15045	Reboredo
42.9004	-7.1117	27006	Cantíz
42.9008	-4.4295	34160	Vergaño
42.9015	-7.8519	27040	Salaya
42.9016	-8.8846	15062	Cabanamoura
42.9020	-8.8575	15056	Vilar
42.9020	-2.3830	01009	Gordoa
42.9021	-8.7277	15056	Logrosa
42.9022	-1.5411	31098	Larrasoaña
42.9023	-2.7429	01059	Artatza Foronda
42.9025	-5.1169	24060	Argovejo
42.9027	-9.0792	15045	Curra
42.9029	-3.7102	09409	Cueva de Manzanedo
42.9030	-7.2862	27901	Villartelín
42.9030	-2.6438	01059	Erretana
42.9031	-4.5601	34056	Resoba
42.9031	-6.9557	27012	Villaquinte
42.9032	-8.7895	15056	Aro
42.9032	-7.0525	27012	Vilartatín
42.9032	-7.8778	27040	Laya
42.9036	-5.1437	24060	Crémenes
42.9040	-8.7427	15056	Negreira
42.9042	-3.1542	01055	Acebedo
42.9043	-8.6555	15002	Ames
42.9049	-9.2629	15037	Fisterra
42.9050	-4.3451	34160	Valle de Santullán
42.9052	-7.4308	27028	Marey
42.9053	-9.2684	15037	Insua
42.9053	-3.4206	09213	Valmayor de Cuesta-Urría
42.9054	-1.0911	31093	Ochagavía
42.9055	-8.1697	15006	Pastoriza a Nova
42.9058	-4.0305	39093	Aldea de Ebro
42.9059	-3.4796	09209	Bustillo de Villarcayo
42.9059	-3.2042	01055	Bóveda
42.9059	-7.9615	15046	Meire
42.9059	-4.3684	34160	San Martín de Perapertú
42.9060	-7.2535	27901	Arrojo
42.9064	-4.2859	34027	Barruelo de Santullán
42.9067	-7.9897	15046	Furelos
42.9067	-7.3598	27026	Ribeira de Vilapape
42.9068	-2.6290	01008	Mendibil
42.9072	-1.7674	31131	Larunbe
42.9074	-3.8480	09011	Barrio de Bricia
42.9075	-3.8674	39094	Rucandio
42.9075	-4.0068	39093	Mediadoro
42.9075	-5.3155	24021	Valdecastillo
42.9076	-3.5138	09209	El Vado
42.9077	-3.7173	09409	Peñalba de Manzanedo
42.9077	-7.5236	27014	Quinte
42.9078	-7.9133	27040	Cuiña
42.9079	-2.0647	31084	Echarri-Aranaz
42.9080	-4.0671	39093	Barruelo
42.9082	-9.0572	15045	Figueira
42.9083	-4.7190	34199	Alba de los Cardaños
42.9085	-2.5367	01013	Garaio
42.9085	-5.3491	24021	Oville
42.9087	-2.4134	01053	Narbaiza
42.9088	-1.8325	31025	Estación de Irurzun
42.9088	-5.5616	24194	Valporquero de Torío
42.9088	-4.6082	34056	Santibáñez de Resoba
42.9089	-7.0811	27006	Villaiz
42.9089	-4.1565	39092	La Haya
42.9089	-3.1686	01055	Valluerca
42.9089	-4.0767	39093	Arroyal
42.9091	-2.5596	01021	Azua
42.9095	-3.5833	09903	Villalaín
42.9095	-1.8769	31025	Zuhatzu
42.9095	-9.1009	15020	Fieiro
42.9100	-7.5414	27028	Piñeiro
42.9103	-1.8876	31025	Satrústegui
42.9104	-1.7925	31131	Gulia
42.9105	-7.0188	27034	Son
42.9109	-7.3710	27026	Vilarello
42.9113	-9.1314	15020	O Ézaro
42.9114	-1.5159	31098	Ilárraz
42.9115	-2.4476	01053	Axpuru
42.9117	-2.3904	01009	Arriola
42.9118	-2.8890	01020	Katadiano
42.9122	-8.7650	15056	Zás
42.9122	-4.1746	39092	Castrillo de Haya
42.9123	-3.1869	01055	Quintanilla
42.9125	-8.9789	15045	Godón
42.9127	-5.1742	24060	Corniero
42.9128	-9.0064	15045	Beba
42.9128	-1.5259	31098	Urdániz
42.9129	-3.4450	09209	San Martín de Mancobo
42.9130	-8.6969	15056	Portor
42.9131	-4.0846	39093	San Andrés
42.9132	-3.8694	39094	Soto-Rucandio
42.9133	-8.8764	15056	Castelán
42.9133	-4.2422	34036	Valberzoso
42.9134	-5.0045	24120	Tejerina
42.9134	-5.6567	24114	Villasimpliz
42.9134	-7.1708	27006	Curro
42.9134	-1.8579	31025	Arakil-Etxarren
42.9135	-1.0539	31093	Izalzu
42.9138	-7.2083	27901	San Miguel de Neira de Rei
42.9138	-8.0150	15046	Melide
42.9138	-9.0902	15020	Arcos
42.9140	-7.2646	27901	Teijeira
42.9140	-6.9893	27034	Silvouta
42.9141	-3.7426	09413	Landraves
42.9141	-3.7759	09413	Munilla de Hoz de Arreba
42.9143	-5.0592	24060	Remolina
42.9149	-8.5617	15078	Pardaces de Arriba
42.9150	-1.7180	31136	Nuin
42.9151	-3.8194	09011	Bricia
42.9151	-4.6698	34185	La Lastra
42.9153	-8.3188	15066	Cerceda
42.9154	-2.0392	31027	Arbizu
42.9154	-2.6292	01059	Amarita
42.9156	-7.8421	27040	Pujeda
42.9156	-3.6658	09409	San Martín del Rojo
42.9158	-8.6843	15002	Lens
42.9159	-2.4352	01053	Barría
42.9160	-3.5637	09903	Andino
42.9161	-2.7109	01018	Etxabarri Ibiña
42.9161	-6.3866	24109	Tejedo del Sil
42.9163	-6.3325	24202	Rabanal
42.9163	-1.8965	31025	Arakil-Hiriberri
42.9164	-4.4898	34056	Vañes
42.9167	-2.5500	01013	Zuhatzu Ganboa
42.9167	-8.0667	15046	Vitiriz
42.9167	-3.5333	09903	Villarías
42.9167	-9.0167	15045	Vilar
42.9167	-8.9667	15045	Pino de Val
42.9167	-5.5167	24037	Tabanedo
42.9167	-7.2167	27901	Souto
42.9167	-5.9333	24164	Santa Eulalia de las Manzanas
42.9167	-7.2667	27901	Reguengo
42.9167	-7.3167	27901	Picato
42.9167	-1.6167	31017	Ostitz
42.9167	-7.6333	27023	Monte de Meda
42.9167	-2.6667	01059	Miñao Gutxia / Miñano Menor
42.9167	-2.6500	01059	Miñao / Miñano Mayor
42.9167	-7.8833	27040	Maceda
42.9167	-8.1500	15006	Lema
42.9167	-5.9167	24164	Láncara de Luna
42.9167	-7.1500	27006	Lago
42.9167	-1.8333	31904	Irurtzun
42.9167	-8.9833	15045	Ínsua
42.9167	-8.2333	15066	Ferreiros
42.9167	-7.5000	27014	Farnadeiros
42.9167	-1.5167	31098	Esquíroz
42.9167	-1.6833	31136	Eguarats
42.9167	-6.9333	27012	Coruxedo
42.9167	-8.3833	15066	Castrofeito
42.9167	-8.0167	15046	Castro
42.9167	-8.1000	15006	Castañeda
42.9167	-8.4333	15078	Carballal
42.9167	-7.9000	27040	Carballal
42.9167	-7.5500	27028	Campo
42.9167	-8.2167	15006	Burres
42.9167	-8.0833	15006	Boente
42.9167	-7.8000	27040	Berbetoros
42.9167	-8.0500	15046	Barreiro
42.9167	-2.6167	01008	Arroiabe
42.9167	-7.4500	27014	Anseán
42.9167	-1.4167	31028	Aintzioa
42.9167	-1.2167	31003	Abaurrepea
42.9170	-6.2463	24202	Villar de Santiago
42.9170	-9.1466	15023	Gures
42.9172	-2.4781	01013	Hermua
42.9174	-4.3683	34160	Perapertú
42.9175	-8.9424	15045	Viojo
42.9175	-3.4806	09209	Villacomparada
42.9176	-4.1217	39092	Pozazal
42.9176	-7.1114	27006	Villamane
42.9177	-5.5389	24037	Felmín
42.9178	-3.0606	09050	Berberana
42.9179	-4.2038	39092	Reinosilla
42.9181	-1.9172	31025	Yábar
42.9182	-8.7479	15056	Covas
42.9184	-2.8954	01020	Anda
42.9184	-6.7693	33028	Buso
42.9187	-3.3301	09209	Criales
42.9188	-5.9293	24164	Pobladura
42.9189	-5.9534	24164	Arévalo
42.9190	-6.7658	33028	Luiña
42.9190	-3.1187	09908	Hozalla
42.9195	-9.2731	15037	San Martiño de Arriba
42.9198	-7.3310	27901	Sobrado
42.9200	-7.2032	27901	Puente de Neira
42.9200	-7.3064	27901	Pacios
42.9201	-1.6395	31186	Anocíbar
42.9202	-7.6876	27023	Villameá
42.9204	-8.6631	15002	Mámoa
42.9208	-8.4899	15078	Formarís
42.9209	-1.3913	31028	Saragüeta
42.9209	-3.8613	39094	Quintanilla-Rucandio
42.9210	-3.3054	09908	Quintanilla la Ojada
42.9210	-4.7640	34199	Cardaño de Abajo
42.9211	-7.8699	27040	Ulloa
42.9211	-7.0302	27034	Robledo de Son
42.9212	-9.0937	15045	Enxilde
42.9212	-7.7972	27040	Ribeira
42.9215	-8.0312	15046	Sancibrao
42.9215	-2.5757	01008	Langara Ganboa / Nanclares de Ganboa
42.9216	-9.1048	15045	Santa Uxía
42.9216	-1.9664	31123	Huarte-Araquil
42.9217	-8.8854	15056	Campolongo
42.9219	-2.0016	31037	Arruazu
42.9220	-1.7280	31136	Beorburu
42.9220	-3.9901	39093	Bustidoño
42.9224	-3.4883	09209	Santa Clara
42.9224	-6.9792	27034	Acebedo
42.9224	-5.5036	24037	Rodillazo
42.9225	-2.0234	31138	Lakuntza
42.9226	-3.5530	09903	Santa Cruz de Andino
42.9226	-2.9083	01020	Andagoia
42.9227	-8.5539	15078	Peregrina
42.9228	-8.8862	15056	A Igrexa
42.9229	-1.9460	31127	Irañeta
42.9229	-1.8419	31025	Etxeberri
42.9230	-2.8434	01063	Aperregi
42.9231	-8.7354	15007	Ceilán
42.9231	-7.5264	27028	Ribas de Miño
42.9232	-3.8233	09011	Villanueva-Carrales
42.9234	-3.8393	39094	Renedo de Bricia
42.9234	-9.2046	15028	Redonda
42.9235	-4.0141	39093	Laguillos
42.9236	-7.2319	27901	Matela
42.9237	-8.0860	15006	Figueroa
42.9239	-7.0918	27006	Casares
42.9243	-3.6966	09409	Villasopliz
42.9246	-4.6813	34185	Triollo
42.9246	-1.3709	31028	Arrieta
42.9247	-5.8942	24164	La Vega de Robledo
42.9247	-7.2765	27901	Villachambre
42.9248	-1.8634	31025	Egiarreta
42.9251	-8.9507	15045	Lamasapín
42.9251	-8.2834	15066	A Salceda
42.9251	-7.6143	27023	Constante
42.9252	-4.4469	34056	San Felices de Castillería
42.9254	-7.1130	27006	Murias
42.9258	-2.5420	01013	Marieta
42.9259	-6.7753	33028	Villares de Abajo
42.9261	-3.7499	09413	Pradilla de Hoz de Arreba
42.9261	-2.5384	01013	Larrintzar
42.9263	-7.1749	27901	Vilares
42.9264	-7.4720	27014	Manán
42.9264	-6.7762	33028	Villares de Arriba
42.9265	-3.9998	39093	Malataja
42.9266	-6.8723	27034	Murias
42.9266	-7.8998	27040	Moredo
42.9271	-2.8061	01063	Domaikia
42.9274	-3.3633	09209	Betarres
42.9275	-8.6764	15002	Oca
42.9279	-4.4116	34056	Herreruela de Castillería
42.9279	-4.4749	34056	Estalaya
42.9280	-7.0046	27034	Villaverde
42.9280	-7.0332	27034	Arcón
42.9281	-8.1641	15006	Arzúa
42.9281	-1.6370	31186	Ciáurriz
42.9282	-9.0051	15045	Vilariño
42.9282	-9.2786	15037	Castro
42.9282	-5.8058	24901	Cubillas de Arbas
42.9283	-3.0598	09190	Múrita
42.9284	-3.5735	09903	Horna
42.9285	-7.2009	27901	Mazos
42.9285	-1.7759	31131	Cía
42.9287	-9.0929	15045	Gian
42.9289	-5.4252	24177	Valdeteja
42.9289	-2.8894	01054	Abornikano
42.9291	-5.9527	24164	Sena de Luna
42.9291	-6.9380	27034	Moya
42.9291	-5.8662	24164	Caldas de Luna
42.9292	-3.1294	09908	Mambliga
42.9294	-7.2040	27901	San Martín de Neira de Rei
42.9294	-3.4880	09209	Medina de Pomar
42.9295	-4.8417	24020	Valverde de la Sierra
42.9295	-6.7606	33028	Fresno
42.9296	-3.8827	39094	Allén del Hoyo
42.9298	-6.3220	24202	Llamas de Laciana
42.9299	-5.1918	24129	Primajas
42.9302	-8.6078	15002	Figueiras
42.9303	-7.1248	27006	Donín
42.9304	-1.5695	31017	Esáin
42.9307	-7.0715	27006	Buisán
42.9310	-5.9745	24164	Rabanal
42.9313	-3.2880	09908	San Pantaleón de Losa
42.9313	-1.5034	31098	Zubiri
42.9318	-7.7218	27023	Sirvián
42.9318	-8.4640	15078	Enfesta
42.9318	-8.8156	15056	Pena
42.9321	-5.5562	24037	Gete
42.9321	-4.1534	39092	San Martín de Hoyos
42.9321	-8.6100	15002	Ameijenda
42.9323	-2.8569	01063	Lukiano
42.9323	-6.2886	24202	Ríoscuro
42.9324	-3.7232	09413	Cubillos del Rojo
42.9325	-3.4017	09209	Bóveda de la Ribera
42.9325	-8.7924	15056	Broño
42.9326	-9.0275	15045	Cives de Arriba
42.9326	-2.5954	01008	Landa
42.9326	-4.2017	39092	Santa Olalla
42.9327	-7.3967	27014	Gomeán
42.9328	-7.1497	27006	Fontarón
42.9332	-7.5833	27028	Castro Alfonsín
42.9333	-8.5138	15078	Balsoma
42.9333	-8.7329	15007	Monte
42.9333	-2.7500	01018	Zaitegi
42.9333	-7.0167	27012	Villameixide
42.9333	-3.4667	09209	Villamar
42.9333	-9.2167	15023	Vilar
42.9333	-7.2000	27901	Veiga
42.9333	-8.6500	15002	Tapia
42.9333	-3.4667	09209	San Miguel
42.9333	-1.6333	31017	Erripa
42.9333	-9.2000	15028	Quenje
42.9333	-8.6500	15002	Piñeiro
42.9333	-8.8833	15056	Pesadoira de Abaixo
42.9333	-8.7833	15056	Ordoeste
42.9333	-9.2000	15028	Oliveira
42.9333	-7.9667	15083	Oleiros
42.9333	-7.6333	27028	Monte de Meda
42.9333	-7.8667	27040	Merlán
42.9333	-9.1667	15023	A Ameixenda
42.9333	-7.7833	27023	Gende
42.9333	-1.2333	31112	Garaioa
42.9333	-7.3333	27014	Folgosa
42.9333	-7.3000	27901	Folgosa
42.9333	-7.8167	27040	Ferreira
42.9333	-7.8833	27040	Felpós
42.9333	-1.4167	31028	Esnotz
42.9333	-9.2833	15037	Duyo
42.9333	-9.2667	15037	Duyo
42.9333	-7.3833	27014	Castrillón
42.9333	-7.2000	27009	Carballedo
42.9333	-5.3000	24021	Campillo
42.9333	-8.7667	15007	Barcala
42.9333	-8.7333	15007	Barcala
42.9333	-8.1500	15006	Arzúa
42.9333	-8.0167	15046	Ánxeles
42.9333	-9.2333	15037	Amarela
42.9333	-8.0667	15046	Agrón
42.9334	-6.1486	24029	Peñalba de los Cilleros
42.9334	-7.6849	27023	Lamela
42.9336	-7.1037	27006	Sevane
42.9336	-7.3594	27014	Monte da Silva
42.9337	-8.1019	15006	Sedor
42.9337	-8.6939	15007	Fiopáns
42.9337	-8.1136	15006	Pena
42.9337	-4.2180	39092	Mata de Hoz
42.9339	-3.3097	09908	Castriciones
42.9340	-8.8950	15045	Pesadoira de Arriba
42.9340	-8.8955	15045	Cuiña
42.9340	-4.1200	39027	Fombellida
42.9340	-7.4440	27014	Chamoso
42.9343	-2.6414	01008	Luko
42.9347	-7.0631	27034	Arrojiña
42.9348	-7.4738	27014	Manán
42.9348	-9.0269	15045	Cives de Abajo
42.9350	-7.2774	27901	Guimarey
42.9351	-9.2574	15037	Mallas
42.9352	-5.1043	24060	Las Salas
42.9352	-9.0160	15045	Choupana
42.9353	-3.0881	09190	Villalba de Losa
42.9354	-4.0314	39065	Bustasur
42.9357	-6.7534	33028	Fondodevilla
42.9358	-3.5084	09209	Villanueva la Lastra
42.9359	-8.3328	15066	O Pino
42.9361	-9.1051	15034	San Crimenso
42.9361	-5.3271	24021	Valdehuesa
42.9362	-4.8952	24020	Siero de la Reina
42.9362	-4.3083	34036	Brañosera
42.9363	-7.7715	27023	Villamayor de Negral
42.9366	-7.3764	27014	Franqueán
42.9367	-1.7489	31126	Músquiz
42.9367	-6.8798	27034	Coro
42.9368	-7.6382	27028	Monte de Meda
42.9369	-9.0604	15045	Vilarcovo
42.9369	-5.5415	24037	Getino
42.9371	-9.2826	15037	Denle
42.9371	-7.9951	15046	Abeancos
42.9373	-8.8766	15056	Albite
42.9373	-3.8995	09011	Montejo de Bricia
42.9375	-5.6866	24901	Rodiezmo
42.9375	-1.6847	31040	Aróstegui
42.9379	-2.6079	01008	Uribarri Ganboa
42.9380	-1.8768	31025	Madotz
42.9380	-5.9150	24164	Robledo de Caldas
42.9380	-7.4855	27042	Paradela
42.9380	-6.9727	27034	Ribón
42.9383	-6.9911	27034	Virigo
42.9383	-9.0776	15045	Castrelo
42.9383	-2.5124	01013	Elgea
42.9383	-4.2048	39092	La Loma
42.9384	-7.5778	27028	Saá
42.9385	-3.5733	09903	Villarcayo
42.9386	-5.6567	24901	Villamanín
42.9390	-8.2345	15033	Dodro
42.9390	-2.6648	01008	Betolaza
42.9392	-5.7779	24901	Casares de Arbas
42.9393	-5.1492	24060	Valbuena del Roblo
42.9393	-4.1792	39092	Olea
42.9393	-6.3194	24202	Villablino
42.9393	-4.5289	34134	Polentinos
42.9396	-6.7087	33028	Llanelo
42.9397	-6.5694	33022	Degaña
42.9403	-1.6057	31017	Etuláin
42.9403	-8.9719	15045	Mazaricos
42.9404	-2.2669	20025	Otsaurte
42.9404	-9.2390	15037	Sardiñeiro de Abajo
42.9405	-5.3713	24177	La Braña
42.9406	-6.8720	27034	Robledo
42.9408	-7.0579	27034	Peñamil
42.9410	-6.7434	33028	Tormaleo
42.9410	-4.1480	39092	Hoyos
42.9413	-6.2758	24202	Robles de Laciana
42.9413	-3.4353	09209	Rosales
42.9413	-3.4778	09209	Pomar
42.9416	-7.6696	27023	Gomelle
42.9417	-6.3325	24202	Villager de Laciana
42.9417	-4.2718	34036	Salcedillo
42.9417	-7.8970	27040	Casacamiño
42.9418	-8.9117	15045	Eirón
42.9419	-3.9086	09012	Higón
42.9420	-3.5989	09903	Cigüenza
42.9422	-8.9813	15045	Outeiro
42.9424	-7.9328	15083	Vilouriz
42.9425	-3.6179	09903	Tubilla
42.9425	-4.6642	34185	Vidrieros
42.9425	-6.8349	27034	Peliceira
42.9427	-4.4617	34056	Verdeña
42.9427	-9.1049	15034	Covas
42.9428	-7.1284	27006	Souto
42.9429	-6.3291	24202	San Miguel de Laciana
42.9434	-7.9589	15046	Vilamor
42.9435	-8.0486	15046	Zas de Rei
42.9438	-2.6376	01058	Urbina
42.9439	-5.1811	24129	Viego
42.9439	-7.4121	27014	Serín
42.9440	-3.1529	09908	Fresno de Losa
42.9441	-9.1926	15028	Corcubión
42.9442	-3.5448	09903	Quintanilla de los Adrianos
42.9443	-6.6071	33022	Rebollar
42.9443	-7.4314	27014	Corgo
42.9444	-2.8042	01063	Jugo
42.9446	-8.7894	15007	Cotovao De Arriba
42.9446	-7.5997	27028	Bazar
42.9447	-5.2856	24021	Vegamián
42.9447	-3.5836	09903	Quintanilla-Socigüenza
42.9448	-6.2508	24202	Villaseca de Laciana
42.9448	-1.5026	31098	Saigós
42.9449	-6.9586	27034	Quintá
42.9450	-6.0138	24145	Truébano
42.9451	-1.7839	31126	Zarrantz
42.9451	-7.2191	27901	Penarrubia
42.9452	-4.4319	34056	Celada de Roblecedo
42.9453	-9.1290	15034	Miñóns
42.9454	-9.1656	15023	Berroge
42.9454	-3.1708	09908	Villalambrús
42.9455	-9.2142	15023	Estorde
42.9456	-3.4661	09209	Torres
42.9457	-1.2303	31256	Villanueva de Aézcoa
42.9457	-1.4909	31098	Agorreta
42.9460	-7.6260	27028	Lamas
42.9461	-5.1319	24060	Salamón
42.9461	-2.9157	01054	Abezia
42.9462	-8.8201	15056	Landeira
42.9463	-5.7232	24901	San Martín de la Tercia
42.9463	-9.1586	15023	Fadibón
42.9464	-2.2758	01009	Aritzalde
42.9465	-6.1388	24029	Mena
42.9466	-7.0953	27006	Quintá
42.9466	-7.2962	27011	O Páramo
42.9466	-6.4896	33022	Cerredo
42.9466	-7.2094	27901	Val
42.9468	-6.0744	24145	Ríolago
42.9469	-8.0222	15046	Gondollín
42.9469	-7.1568	27006	Regosmil
42.9469	-4.1039	39027	Celada-Marlantes
42.9472	-5.0176	24130	Carande
42.9472	-3.5752	09903	Villacanes
42.9473	-5.3631	24177	Arintero
42.9474	-5.9828	24145	Villafeliz
42.9475	-5.6370	24901	Velilla de la Tercia
42.9481	-6.9326	27034	Ventosa
42.9481	-7.1743	27901	Castrolanzán
42.9482	-1.2862	31115	Garralda
42.9484	-7.2859	27011	Arrubial
42.9487	-7.1185	27006	Castelmaría
42.9488	-5.1989	24129	Reyero
42.9492	-6.9850	27034	Sevane
42.9494	-8.9301	15045	Mámoas
42.9495	-6.3002	24202	Sosas de Laciana
42.9495	-3.2754	09908	Río de Losa
42.9498	-7.1458	27004	Gasalla
42.9498	-6.3970	24202	Caboalles de Arriba
42.9499	-5.5140	24037	Lavandera
42.9500	-1.8060	31126	Eraso
42.9500	-1.8360	31126	Goldáraz
42.9500	-8.1667	15006	Viladavil
42.9500	-7.5333	27028	Ventosinos
42.9500	-5.4333	24177	Valverde de Curueño
42.9500	-8.6667	15007	Troitosende
42.9500	-9.2500	15037	Sardiñeiro
42.9500	-9.0000	15045	Sanfoga
42.9500	-7.7333	27023	Retorta
42.9500	-8.1333	15006	Rendal
42.9500	-5.2833	24021	Quintanilla de Vegamián
42.9500	-5.7167	24901	Poladura de la Tercia
42.9500	-7.2167	27901	Pena
42.9500	-7.9833	15083	Ordes
42.9500	-8.2500	15006	Oinés
42.9500	-8.4833	15078	Nemenzo
42.9500	-1.6500	31186	Latasa
42.9500	-7.2500	27011	Latadal
42.9500	-7.4833	27014	Lajosa
42.9500	-8.5500	15078	Grijoa
42.9500	-8.1000	15046	Golán
42.9500	-7.0167	27034	Freixís
42.9500	-7.3667	27014	Fonteita
42.9500	-8.0000	15046	Folladela
42.9500	-7.5500	27028	Fijós
42.9500	-8.6000	15002	Fecha
42.9500	-6.8833	27034	Faquís
42.9500	-1.4500	31092	Erroibar
42.9500	-6.6833	33028	Corralín
42.9500	-7.5333	27028	Coeses
42.9500	-7.4333	27014	Chamoso
42.9500	-7.2333	27901	Cernadas
42.9500	-7.5667	27028	Castro
42.9500	-7.6167	27028	Calde
42.9500	-8.3833	15066	Budiño
42.9500	-9.1833	15023	Brens
42.9500	-7.3833	27014	Bergazo
42.9500	-8.5000	15078	Berdía
42.9500	-1.2500	31034	Aribe
42.9500	-7.8500	27040	Aguas Santas
42.9500	-9.1661	15023	Raso
42.9501	-6.7239	33028	Villaoril
42.9502	-2.8278	01063	Bitoriano
42.9502	-2.8541	01063	Gillerna
42.9507	-2.2251	20043	Etxegarate
42.9507	-5.5283	24037	Pedrosa
42.9507	-4.1398	39027	Sopeña
42.9508	-1.8716	31144	Odériz
42.9513	-7.7930	27020	Pacio
42.9514	-5.5458	24037	Valverdín
42.9516	-6.1910	24029	Piedrafita de Babia
42.9517	-6.8708	27034	Rao
42.9518	-3.5567	09903	Villacomparada de Rueda
42.9519	-6.7092	33028	Villarmeirín
42.9520	-8.9444	15045	Fojas
42.9522	-5.5596	24037	Almuzara
42.9524	-8.0706	15046	Maceda
42.9524	-6.0203	24145	Villasecino
42.9524	-6.3701	24202	Caboalles de Abajo
42.9525	-5.6535	24901	Golpejar de la Tercia
42.9525	-5.4937	24037	Genicera
42.9528	-1.2658	31033	Aria
42.9529	-5.7447	24901	Viadangos de Arbas
42.9531	-7.0020	27034	Vilarpandín
42.9533	-8.4645	15078	Marantes
42.9534	-8.7080	15007	Lañas
42.9534	-6.1485	24029	Cabrillanes
42.9535	-9.0318	15045	Colúns
42.9537	-3.0950	09190	Zaballa
42.9541	-6.6148	33022	Fondovegas
42.9541	-2.9026	01054	Izarra
42.9544	-7.0920	27006	Tucende
42.9545	-2.6528	01058	Urrunaga
42.9545	-7.4925	27028	Santa Comba
42.9546	-1.8228	31126	Latasa
42.9546	-6.6751	33028	El Bao
42.9547	-9.1880	15023	Cee
42.9556	-2.7103	01018	Eribe
42.9556	-8.5309	15086	Chayán
42.9557	-4.1474	39027	Cervatos
42.9560	-3.9519	09012	Santa Gadea
42.9560	-9.0587	15045	Campelo
42.9563	-3.3570	09209	Gobantes
42.9563	-9.2680	15037	Buján
42.9564	-6.0928	24029	Huergas
42.9564	-7.3200	27011	Agustín
42.9566	-8.8164	15007	Corneira
42.9567	-6.6652	33028	Sisterna
42.9567	-8.9186	15045	Santa Marina
42.9567	-5.2230	24129	Pallide
42.9568	-6.1624	24029	Las Murias
42.9569	-2.8194	01063	Murgia
42.9569	-8.8442	15056	Bugallido
42.9570	-9.0893	15034	Jestosa
42.9571	-3.0804	09190	Mijala
42.9571	-7.0314	27034	Pin de Abajo
42.9573	-7.0476	27034	Pin de Arriba
42.9574	-2.7357	01018	Ondategi
42.9578	-6.1346	24029	San Félix de Arce
42.9581	-3.6325	09903	Escaño
42.9581	-6.7754	33028	Torga
42.9583	-3.7050	09216	Leva
42.9586	-3.8364	09413	Bezana
42.9586	-3.1886	09908	San Martín de Losa
42.9586	-5.5735	24037	Cármenes
42.9587	-7.6057	27028	Santa Eufemia
42.9588	-6.9603	27034	Largentes
42.9589	-3.3175	09209	Pérex
42.9590	-8.3098	15066	Gonzar
42.9590	-3.7911	09413	Torres de Abajo
42.9592	-8.9512	15045	Gueima
42.9593	-3.6112	09903	Casillas
42.9594	-2.8913	01054	Beluntza
42.9594	-6.7282	33028	Taladrid
42.9594	-6.6472	33022	Tablado
42.9597	-7.9719	15083	Mangüeiro
42.9597	-2.8420	01063	Ametzaga
42.9599	-8.4392	15078	Barciela
42.9599	-7.4266	27014	Piedrafita
42.9600	-3.2637	09908	Villaluenga
42.9600	-2.6705	01058	Nafarrate
42.9603	-9.0030	15045	Corzón
42.9606	-7.2092	27901	Vilachá
42.9614	-3.4725	09209	Villamezán
42.9615	-5.6690	24901	Villanueva de la Tercia
42.9618	-8.7578	15007	A Baña
42.9620	-7.5245	27028	Villalvite
42.9622	-8.9743	15045	Lago
42.9624	-7.9555	15083	Monte
42.9625	-8.9116	15045	Maroñas
42.9626	-4.1671	39099	Villaescusa
42.9627	-7.2826	27011	Furís de Abajo
42.9627	-6.8915	27034	Becerral
42.9627	-5.1458	24060	Ciguera
42.9627	-7.2204	27901	Camporredondo
42.9627	-1.5152	31098	Urtasun
42.9629	-7.1375	27004	Vilanova
42.9630	-3.5742	09903	La Quintana de Rueda
42.9632	-1.4367	31092	Linzoáin
42.9633	-7.6883	27028	Bacurín
42.9633	-3.4463	09209	Villatomil
42.9634	-3.3811	09209	Villate
42.9634	-1.6192	31017	Olagüe
42.9635	-5.2377	24021	Orones
42.9638	-2.7294	01018	Gopegi
42.9641	-9.0045	15045	Busto
42.9641	-3.9618	09012	Quintanilla de Santa Gadea
42.9641	-4.0470	39065	La Aguilera
42.9642	-9.1978	15023	Toba
42.9642	-9.1471	15034	Carboal
42.9643	-9.0904	15034	Anseán
42.9644	-9.2205	15023	Sembra
42.9645	-4.4977	34904	San Salvador de Cantamuda
42.9646	-2.7857	01063	Zarate
42.9649	-9.1920	15023	Lagarteira
42.9651	-3.8967	09413	Arnedo
42.9653	-8.4480	15078	Sigüeiro
42.9657	-2.7546	01018	Manurga
42.9658	-2.8255	01063	Sarria
42.9658	-2.2960	20025	Idiakaitz
42.9661	-2.1551	20016	Aia
42.9661	-7.0662	27034	Mazaira
42.9662	-6.8375	33028	Arandojo
42.9662	-6.9136	27034	Aigas
42.9663	-3.8730	09413	Quintanilla de San Román
42.9664	-5.4033	24177	Tolibia de Abajo
42.9665	-7.3231	27011	Miranda
42.9667	-4.1667	39027	Villanueva
42.9667	-3.8833	09413	Villamediana de San Román
42.9667	-1.6500	31236	Urritzola
42.9667	-1.8333	31144	Urritza
42.9667	-9.2167	15023	Toba de Arriba
42.9667	-9.2167	15023	Toba de Abajo
42.9667	-3.2000	09908	Teza
42.9667	-9.2000	15023	Son
42.9667	-8.7833	15007	San Salvador
42.9667	-8.6500	15088	San Román
42.9667	-4.9667	24020	Salio
42.9667	-7.7333	27028	Retorta
42.9667	-9.0333	15034	Puente-Olveira
42.9667	-7.6667	27028	Poutomillos
42.9667	-8.6333	15088	Portomouro
42.9667	-5.6500	24901	Pontedo
42.9667	-7.5000	27028	Pena
42.9667	-1.7500	31049	Oskotz
42.9667	-8.0833	15046	Orois
42.9667	-7.0000	27034	Navia de Suarna
42.9667	-7.9833	15083	Monte
42.9667	-7.7167	27028	Mera
42.9667	-8.1333	15006	Mella
42.9667	-8.8167	15007	A Riba
42.9667	-6.8667	27034	Lajo
42.9667	-8.0333	15046	Xubial
42.9667	-1.5500	31017	Iragi
42.9667	-7.0333	27034	Iglesia
42.9667	-8.5667	15086	Fecha
42.9667	-7.9167	15083	Esperante
42.9667	-2.2833	20025	Eguzkitza
42.9667	-1.5667	31017	Egozkue
42.9667	-7.2500	27011	Couso
42.9667	-7.4500	27014	Chamoso
42.9667	-8.4167	15078	César
42.9667	-8.2167	15006	Calvos de Sobre Camiño
42.9667	-8.5000	15078	Busto
42.9667	-9.1167	15034	Bujantes
42.9667	-3.6667	09216	Brizuela
42.9667	-1.7167	31236	Beuntza
42.9667	-7.2333	27004	Barrosa
42.9667	-2.8833	01054	Astitz
42.9667	-7.8000	27020	Apregación
42.9667	-7.2500	27011	Abelleira
42.9667	-9.0333	15034	Abeleiras
42.9667	-9.0399	15034	Olveiroa
42.9667	-6.7620	33028	Villarín
42.9668	-5.0736	24130	Anciles
42.9668	-7.3074	27011	Mirandela
42.9670	-7.5540	27028	Soñar
42.9671	-6.1278	24029	La Riera
42.9673	-1.2421	31196	Orbara
42.9674	-1.4170	31092	Viscarret-Guerendiáin
42.9674	-2.6208	01058	Larrabea
42.9675	-7.8117	27020	Apregación
42.9677	-5.3208	24021	Rucayo
42.9678	-7.4473	27014	Argemil
42.9680	-3.1229	09908	Villaño
42.9682	-7.3483	27011	Tórdea
42.9682	-7.1781	27901	Biduedo
42.9682	-3.7429	09413	Villabáscones de Bezana
42.9684	-5.4459	24177	Llamazares
42.9684	-9.1072	15034	Filgueira
42.9684	-7.0854	27006	Bullán
42.9685	-4.5276	34904	Lebanza
42.9686	-1.6860	31236	Lizaso
42.9686	-7.6451	27028	Burgo
42.9688	-3.8187	09413	Montoto
42.9688	-7.0266	27034	Trigal
42.9689	-3.1659	09908	Villacián
42.9691	-6.9729	27034	Muñís
42.9691	-6.9435	27034	Trabadelo
42.9691	-6.9981	27034	Barcia
42.9691	-7.1257	27004	Villardoy
42.9692	-3.2417	09908	San Llorente
42.9692	-3.5472	09903	Bocos
42.9693	-6.3546	24202	Orallo
42.9693	-1.7909	31126	Etxaleku
42.9694	-9.1350	15034	Busto
42.9694	-2.2437	20043	Urtsuaran
42.9694	-6.9847	27034	Villarantón
42.9695	-3.5637	09903	Mozares
42.9695	-8.0332	15046	Pedrouzos
42.9696	-2.9879	01002	Delika
42.9698	-6.7220	33028	Villardecendías
42.9701	-1.6761	31236	Guerendiáin
42.9701	-8.8523	15077	Fontecada
42.9701	-9.2532	15037	Padris
42.9703	-6.2131	24029	La Vega de los Viejos
42.9703	-3.7864	09413	Soncillo
42.9707	-2.5781	20068	Iñurrieta
42.9707	-4.7571	34199	Cardaño de Arriba
42.9709	-3.7204	09216	Villavés
42.9711	-3.7601	09413	San Cibrían
42.9712	-7.2805	27011	Furís de Arriba
42.9713	-5.4609	24177	Redilluera
42.9714	-7.1340	27004	Córneas
42.9716	-6.0008	24145	San Emiliano
42.9717	-3.4006	09209	Villamor
42.9718	-6.8769	27034	Asar
42.9718	-3.1378	09908	Barriga
42.9719	-7.0366	27034	Piñeiro
42.9721	-7.1160	27004	Rebedul
42.9722	-8.1200	15046	Baltar
42.9725	-3.4270	09209	La Cerca
42.9726	-6.0527	24145	Cospedal
42.9727	-8.7412	15007	Barro
42.9727	-5.4123	24177	Lugueros
42.9727	-5.3826	24177	Tolibia de Arriba
42.9729	-4.0542	39065	Arroyo
42.9729	-4.9242	24020	Boca de Huérgano
42.9729	-7.1484	27004	Pereira
42.9730	-2.3994	20059	Begiolatza
42.9731	-9.2264	15023	Cabaleriza
42.9731	-7.2674	27011	Pereira
42.9734	-3.8489	09413	Cilleruelo de Bezana
42.9734	-9.1170	15034	Figueiroa
42.9735	-3.5166	09903	Céspedes
42.9735	-2.7130	01018	Okoizta / Acosta
42.9740	-4.0329	39065	Las Rozas
42.9741	-7.1811	27004	Villarín
42.9742	-1.8257	31049	Udabe
42.9744	-9.0333	15034	Lucín
42.9745	-2.2726	20025	Untzurruntzagagoena
42.9745	-3.6858	09216	Puentedey
42.9746	-8.3703	15060	Cardama
42.9746	-3.9016	09413	Herbosa
42.9747	-6.0741	24145	Robledo
42.9747	-6.8037	33028	Busante
42.9747	-2.3031	20025	Arrieta
42.9748	-8.0947	15046	Carballás
42.9749	-6.2194	24029	Meroy
42.9749	-3.6576	09215	Nela
42.9750	-7.4725	27028	Coeo
42.9753	-2.6793	01058	Elosu
42.9755	-2.7359	01018	Murua
42.9756	-2.2909	20025	Zegama
42.9758	-2.8160	01063	Markina
42.9759	-2.9552	01054	Untza
42.9760	-2.8688	01063	Altube
42.9761	-3.2122	09908	Lastras de Teza
42.9761	-8.8780	15077	Barbeira
42.9762	-4.1872	39032	La Izara
42.9762	-7.0518	27034	Villargüide
42.9764	-4.0018	39065	Renedo
42.9765	-9.2395	15023	Tedín
42.9767	-7.5369	27028	Cuiña
42.9767	-7.4205	27014	Aday
42.9768	-3.6183	09903	Salazar
42.9769	-7.2201	27004	Quintá
42.9769	-4.9120	24020	Villafrea de la Reina
42.9770	-5.0035	24130	Riaño
42.9770	-4.5085	34904	El Campo
42.9774	-7.4399	27014	Boelle
42.9775	-2.9189	01054	Goiuri
42.9778	-6.7463	33028	Omente
42.9779	-3.0233	01002	Tertanga
42.9779	-6.9366	27034	Envernallúas
42.9780	-2.6424	01058	Legutio
42.9780	-2.1817	20015	San Gregorio
42.9781	-6.9886	27034	Mera
42.9782	-6.9038	27034	Prebello
42.9782	-7.3332	27011	Uriz
42.9783	-1.6963	31236	Larráinzar
42.9790	-3.3500	09209	Momediano
42.9790	-7.5154	27028	Conturiz
42.9791	-7.9515	15083	Paradela
42.9793	-2.3989	20059	Arantzazu
42.9797	-8.9359	15045	Espigas
42.9797	-4.1100	39027	Quintanilla
42.9797	-4.0930	39027	Horna
42.9798	-2.2923	20025	Beruntza
42.9798	-3.9293	09413	San Vicente de Villamezán
42.9799	-6.9553	27034	Tabillón
42.9799	-3.3695	09209	Návagos
42.9800	-4.2092	39032	Suano
42.9802	-3.2861	09209	Robredo de Losa
42.9802	-1.8233	31049	Beramendi
42.9803	-7.7328	27020	Villafiz
42.9804	-4.4616	34904	Tremaya
42.9805	-6.0248	24145	La Majua
42.9806	-7.4852	27028	Recimil
42.9808	-7.2965	27011	Ríomol
42.9812	-3.4798	09209	Santurde
42.9813	-9.1804	15023	Lobelos
42.9813	-7.3542	27011	Goy
42.9814	-8.7113	15015	Cabanas
42.9814	-7.0742	27042	Paradela
42.9815	-3.8328	09413	Virtus
42.9816	-5.9795	24145	Pinos
42.9817	-3.4186	09209	Salinas de Rosío
42.9817	-5.2603	24121	Camposolillo
42.9818	-4.1493	39027	Matamorosa
42.9818	-7.3903	27014	Queizán
42.9819	-8.1133	15046	Grobas
42.9823	-3.1019	09908	Llorengoz
42.9825	-3.1750	09908	Villota
42.9825	-3.6543	09215	Sobrepeña
42.9825	-3.7309	09216	Quintanabaldo
42.9826	-2.2772	20025	Zuloaga
42.9828	-5.2337	24121	Solle
42.9829	-3.2547	09908	Calzada
42.9829	-3.7660	09413	Argomedo
42.9830	-3.8139	09413	Quintanaentello
42.9832	-5.1466	24060	Lois
42.9833	-5.5833	24037	Villanueva del Pontedo
42.9833	-7.5333	27028	Tolda de Castilla
42.9833	-8.1667	15010	Sendelle
42.9833	-7.8167	27020	Santa Eufemia
42.9833	-5.2500	24121	San Cibrián de la Somoza
42.9833	-7.6667	27028	Prógalo
42.9833	-8.6167	15088	Portomeiro
42.9833	-9.0000	15045	Pazos
42.9833	-8.6833	15088	Páramos
42.9833	-8.4333	15060	Oroso
42.9833	-1.2333	31195	Orbaizta
42.9833	-5.4833	24177	Nocedo de Curueño
42.9833	-5.6333	24901	Millaró
42.9833	-8.2667	15066	Medín
42.9833	-8.7500	15007	Marcelle
42.9833	-5.0000	24130	La Puerta
42.9833	-7.7667	27020	Guimarey
42.9833	-8.4167	15060	Gándara
42.9833	-1.5000	31098	Eugi
42.9833	-1.3667	31092	Aurizberri
42.9833	-2.2833	20025	Santalde
42.9833	-8.0667	15010	Corneda
42.9833	-1.4667	31092	Zilbeti
42.9833	-7.9833	15083	Capela
42.9833	-8.2167	15006	Campo
42.9833	-5.6833	24901	Camplongo
42.9833	-5.7000	24901	Busdongo
42.9833	-1.3333	31115	Auritz
42.9833	-7.6833	27028	Bóveda
42.9833	-2.7000	01018	Auza
42.9833	-1.6167	31017	Aritzu
42.9833	-8.3167	15066	Ángeles
42.9833	-7.6167	27028	Alto
42.9833	-8.9500	15045	Alborés
42.9834	-9.2338	15023	Ruibo
42.9835	-2.9819	01002	Artomaña
42.9840	-7.2576	27011	Pousada
42.9842	-4.1151	39027	Retortillo
42.9845	-9.0763	15034	Hospital
42.9846	-3.6711	09215	Quintanilla-Valdebodres
42.9846	-6.2585	24202	Lumajo
42.9848	-7.1299	27004	Fontecavada
42.9848	-2.7243	01018	Etxaguen
42.9848	-6.8325	33028	La Sierra
42.9851	-7.4523	27014	Segovia
42.9852	-8.3049	15066	Lardeiros
42.9855	-5.9985	24145	Candemuela
42.9856	-8.5265	15086	Vilouchada
42.9858	-8.2924	15066	Marquiño
42.9860	-7.3199	27011	Pumarega
42.9861	-7.1804	27004	Albaredo
42.9861	-2.9260	01054	Oiardo
42.9862	-6.6383	33011	La Viliella
42.9863	-6.6304	33011	Larón
42.9865	-7.1164	27004	Villagarcía
42.9868	-9.2485	15023	Canosa
42.9868	-2.5685	20068	Leintz-Gatzaga
42.9869	-5.5287	24037	Canseco
42.9869	-9.0332	15034	Olveira
42.9870	-4.2378	39032	La Población de Suso
42.9871	-3.5161	09903	Barriosuso
42.9872	-7.2334	27004	Vilar
42.9873	-1.8073	31049	Ihaben
42.9873	-6.8091	33028	San Clemente
42.9877	-6.7760	33028	Alguerdo
42.9878	-3.5860	09903	Villanueva la Blanca
42.9879	-3.8057	09413	Riaño
42.9883	-6.9818	27034	Abrente
42.9884	-8.8798	15077	Pragais
42.9885	-7.5708	27028	Piugos
42.9886	-4.1253	39027	Bolmir
42.9887	-3.5422	09903	Fresnedo
42.9888	-3.9876	39065	Llano
42.9888	-9.2229	15023	Lagoa
42.9888	-6.8543	33028	Folgueiras de Boiro
42.9888	-7.2875	27011	Vilacote
42.9890	-1.9056	31144	Iribas
42.9890	-6.1999	24029	Cacabillo
42.9893	-3.2426	09908	Quincoces de Yuso
42.9893	-5.5796	24037	Campo
42.9894	-3.3303	09209	Paresotas
42.9895	-4.4490	34904	Redondo
42.9896	-7.7896	27020	Condes
42.9898	-3.5630	09903	Torme
42.9898	-4.8991	24020	Los Espejos de la Reina
42.9900	-1.9233	31144	Baráibar
42.9900	-3.1902	09908	Baró
42.9901	-3.4027	09209	Rosío
42.9901	-8.4954	15086	Berreo
42.9902	-1.8957	31144	Alli
42.9902	-2.4568	20059	Uriarte
42.9905	-7.0400	27034	Vilarguende
42.9906	-3.7482	09216	San Martín de las Ollas
42.9907	-2.4528	20059	Jausoro
42.9909	-4.4345	34904	Santa María de Redondo
42.9913	-2.4597	20059	Aizkorbe
42.9913	-1.8219	31049	Itsaso
42.9913	-4.4774	34904	Los Llazos
42.9913	-7.3463	27011	Espasande
42.9914	-9.1148	15034	Figueiroa
42.9914	-7.0627	27034	Cabanela
42.9915	-3.4430	09209	La Riba
42.9916	-6.9571	27034	Envernallas
42.9918	-7.1637	27004	Fontela
42.9918	-2.4538	20059	Araotz
42.9919	-6.9495	27034	Balsa
42.9920	-8.9339	15045	Rivadeza
42.9923	-6.8401	33028	Santa Comba
42.9925	-2.4524	20059	Ugaran
42.9925	-4.4900	34904	Areños
42.9925	-8.9746	15045	Niñán
42.9926	-7.3255	27011	Cellán de Mosteiro
42.9930	-8.8736	15077	Pereiriña
42.9930	-7.1437	27004	Surriba
42.9930	-8.5663	15086	Xavestre
42.9931	-4.8913	24020	Barniedo de la Reina
42.9935	-2.4474	20059	Zubia
42.9935	-3.9450	09025	Arija
42.9939	-1.6731	31236	Iráizoz
42.9940	-8.7592	15007	Suevos
42.9943	-3.0097	48074	Urduña / Orduña
42.9945	-2.4347	20059	Madina
42.9949	-3.7958	09413	Castrillo de Bezana
42.9951	-2.5667	20034	Marulanda
42.9953	-6.1875	24029	Quejo
42.9954	-3.6607	09215	Cogullos
42.9955	-6.8124	33028	Bustelo
42.9956	-7.1417	27004	Vilela
42.9958	-5.9862	24145	Villargusán
42.9960	-2.9816	01002	Aloria
42.9960	-8.6354	15088	Vilariño
42.9961	-7.2782	27011	Masoucos
42.9961	-7.4958	27028	Bóveda
42.9963	-8.9130	15045	Antes
42.9964	-2.4599	20059	Agirre
42.9965	-9.2091	15023	Pereiriña
42.9966	-2.9431	01054	Uzkiano
42.9969	-7.0268	27034	Queizán
42.9972	-7.2450	27004	Valdería
42.9972	-2.4519	20059	Araotzurruti
42.9975	-9.2448	15023	Lires
42.9981	-4.1550	39027	Nestares
42.9985	-8.3621	15060	Senra
42.9985	-1.7747	31049	Garzarón
42.9988	-6.8509	33028	Boiro
42.9993	-1.7665	31049	Erbiti
42.9993	-9.0662	15034	Paradela
42.9996	-4.1380	39059	Reinosa
42.9996	-7.6297	27028	Veral
42.9999	-5.4243	24177	Cerulleda
43.0000	-1.6781	31236	Ulzama
43.0000	-7.6448	27028	Alta
43.0000	-8.3833	15060	Villarromarís
43.0000	-7.6667	27028	Vilachá de Mera
43.0000	-7.4500	27014	Vilachá
43.0000	-1.6333	31017	Arraitz
43.0000	-7.2833	27011	Trascastro
43.0000	-2.4667	20059	Santikurutz
43.0000	-6.8333	33028	San Esteban
43.0000	-7.5667	27028	Saamasas
43.0000	-8.0667	15010	Rodeiros
43.0000	-7.5667	27028	Puente
43.0000	-7.4167	27011	Piñeiro
43.0000	-8.2500	15066	Pastor
43.0000	-7.5333	27028	Muja
43.0000	-2.8833	01063	Mugiro
43.0000	-9.1833	15023	Morancelle de Arriba
43.0000	-9.1833	15023	Morancelle de Abajo
43.0000	-1.6167	31140	Lantz
43.0000	-1.8000	31049	Jauntsarats
43.0000	-1.7333	31049	Ilarregi
43.0000	-7.2000	27004	Gestoso
43.0000	-6.4167	33011	El Puerto
43.0000	-8.0833	15010	Dormeá
43.0000	-8.6667	15088	Coucieiro
43.0000	-8.3333	15060	Calvente
43.0000	-8.6167	15088	Buján
43.0000	-8.1667	15010	Buazo
43.0000	-8.1833	15010	Brates
43.0000	-7.9333	15083	Brañas
43.0000	-8.1333	15010	Boimorto
43.0000	-7.3000	27011	Barreiros
43.0000	-9.0000	15034	Baos
43.0000	-2.8500	01063	Arruitz
43.0000	-8.1000	15006	Ánxeles
43.0000	-1.6667	31236	Alkotz
43.0004	-9.2206	15023	Porcar
43.0004	-3.4526	09209	Recuenco
43.0004	-3.3159	09209	Oteo
43.0004	-3.5874	09215	Butrera
43.0005	-8.7876	15007	Ermida
43.0005	-1.8926	31908	Lekunberri
43.0010	-4.2073	39032	Villacantid
43.0015	-1.5165	31098	Casas de Echeverri
43.0018	-2.5900	20034	Marin
43.0019	-3.4806	09214	Quintanilla de Pienza
43.0020	-7.0663	27034	Figueira
43.0020	-7.2356	27004	Corveira
43.0021	-7.1239	27018	Castosa
43.0027	-9.0217	15034	Touzas
43.0027	-5.5846	24037	Piornedo
43.0027	-5.2552	24121	Redipollos
43.0027	-1.6481	31236	Arraiz-Orquín
43.0028	-3.6546	09215	Haedo de Linares
43.0029	-5.3934	24177	Villaverde de la Cuerna
43.0029	-4.1176	39027	Requejo
43.0029	-9.1793	15023	Codesos
43.0033	-3.7427	09216	Santelices
43.0035	-2.5274	20034	Bolibar-Ugazua
43.0035	-2.5641	20034	Zarimutz
43.0037	-7.3151	27011	Cellán de Calvos
43.0038	-8.9665	15093	Borreiros
43.0038	-4.2715	39032	Mazandrero
43.0046	-8.3194	15060	Pasarelos
43.0047	-8.9284	15093	Quintans
43.0051	-7.3354	27011	Pereiramá
43.0052	-7.5964	27028	Orbazay
43.0058	-6.0100	24145	Genestosa
43.0060	-8.9186	15093	Acalabanda
43.0061	-2.1766	20015	San Martin
43.0061	-2.1766	20015	Ataun
43.0061	-5.9950	24145	Torrebarrio
43.0063	-4.0663	39017	Orzales
43.0064	-4.0071	39017	Bustamante
43.0064	-7.2899	27011	A Frairía
43.0064	-7.0018	27034	Monasterio
43.0065	-7.2626	27004	Puñago
43.0065	-1.9616	31144	Errazkin
43.0065	-7.8208	27020	Torre de San Paio
43.0067	-8.9886	15045	Castrarón
43.0068	-3.4935	09214	Bárcena de Pienza
43.0069	-4.1681	39032	Salces
43.0069	-5.2739	24121	Puebla de Lillo
43.0070	-7.4043	27011	Paderne
43.0070	-7.1068	27018	Redrollán
43.0070	-5.6840	24901	Tonín
43.0070	-3.4360	09189	Cubillos de Losa
43.0071	-8.9648	15093	Pedrouzos
43.0074	-3.5204	09214	Gayangos
43.0075	-9.1870	15052	Sinagoga
43.0075	-2.2540	20070	Segura
43.0075	-8.4180	15060	Deijebre
43.0076	-9.1060	15034	Cheo
43.0077	-8.9592	15093	Currais
43.0077	-3.7567	09216	Cidad de Valdeporres
43.0081	-7.2381	27004	Valín
43.0081	-4.2308	39032	Barrio
43.0082	-5.0042	24130	Escaro
43.0083	-1.9358	31144	Albiasu
43.0084	-9.1133	15034	Dumbría
43.0090	-3.7423	09216	Pedrosa
43.0090	-8.3291	15060	Garabanja
43.0091	-7.1868	27004	Pandelo
43.0092	-9.0283	15034	Regoelle
43.0093	-4.2800	39032	Entrambasaguas
43.0093	-1.8600	31144	Aldatz
43.0094	-5.5942	24037	Piedrafita
43.0095	-7.1483	27018	Castelo
43.0099	-7.5560	27028	Lugo
43.0099	-9.1565	15034	Bustelo
43.0099	-8.9240	15093	Brandomil
43.0102	-2.5164	20034	Eraña
43.0103	-7.3639	27011	Monte
43.0104	-1.8766	31144	Etxarri
43.0104	-9.1176	15034	Buján
43.0106	-6.8581	33028	Rellán
43.0109	-6.4668	33011	Corros
43.0110	-8.7350	15077	Freijeiro
43.0110	-8.7839	15077	Ser
43.0111	-6.4452	33011	Brañas de Arriba
43.0111	-4.0183	39017	Villasuso
43.0111	-9.2312	15052	Frije
43.0111	-8.9356	15093	Limideiro
43.0112	-1.7836	31049	Aizároz
43.0113	-3.2683	09908	Lastras de la Torre
43.0113	-3.4586	09189	Tabliega
43.0113	-4.2878	39032	La Lomba
43.0116	-7.7324	27020	Serén
43.0117	-2.2716	20026	Lasurtegi
43.0119	-2.2336	20043	Idiazabal
43.0119	-7.0678	27034	Freijeiro
43.0121	-8.4258	15060	Vilar de Abajo
43.0121	-7.0671	27034	Freixeiro
43.0123	-4.0363	39017	Monegro
43.0124	-2.2726	20026	Zerain
43.0124	-7.2549	27004	Pradeda
43.0129	-5.4439	24177	Redipuertas
43.0129	-2.5580	20034	Mazmela
43.0129	-5.8968	33033	El Campo
43.0130	-1.7576	31049	Orokieta
43.0130	-2.3339	20051	Guriditegi
43.0131	-7.7123	27020	Acevedo
43.0131	-3.0338	48074	Lendoño de Abajo
43.0134	-3.9931	39017	Quintanamanil
43.0135	-8.8300	15077	Alón
43.0137	-3.4826	09214	Revilla de Pienza
43.0137	-6.6083	33011	Gédrez
43.0137	-3.8099	09216	Robredo de las Pueblas
43.0138	-7.0178	27034	Signada
43.0138	-1.9956	31020	Intza
43.0140	-4.0476	39017	Quintana
43.0140	-7.6920	27028	Torible
43.0142	-7.4747	27028	Carballido
43.0145	-3.7560	09216	Dosante
43.0149	-6.1869	24029	La Cueta
43.0150	-8.8759	15077	Ribeiro
43.0151	-7.1309	27018	Pereirúa
43.0151	-7.0361	27034	Linares
43.0153	-3.5757	09215	Pereda
43.0154	-4.4882	34904	Camasobres
43.0154	-2.4232	20059	Uribarri
43.0156	-2.5003	20034	Mendiola
43.0156	-5.7849	33033	San Miguel del Río
43.0157	-3.9655	39017	La Riva
43.0158	-4.2524	39032	Celada de los Calderones
43.0158	-3.5476	09215	Bedón
43.0158	-2.4480	20059	Urrexola
43.0161	-3.5960	09215	Hornillayuso
43.0161	-7.2459	27004	Cádabo
43.0162	-4.0011	39017	La Costana
43.0163	-7.3514	27011	Recesende
43.0163	-4.2447	39032	Naveda
43.0166	-9.1954	15052	Buiturón
43.0167	-8.5333	15086	Trazo
43.0167	-8.4500	15060	Trasmonte
43.0167	-9.1333	15034	Senra
43.0167	-1.3167	31058	Orreaga
43.0167	-7.4167	27028	Romeán
43.0167	-7.8167	27020	Prado
43.0167	-8.0167	15080	Nogueira
43.0167	-8.5000	15086	Morlán
43.0167	-7.0000	27034	Marcelín
43.0167	-8.8833	15077	Mallón
43.0167	-8.2333	15038	Ledoira
43.0167	-6.8667	33028	Lagüeiro
43.0167	-7.8333	27020	Xiá
43.0167	-8.2500	15038	Gafoy
43.0167	-1.7167	31236	Eltzaburu
43.0167	-6.6167	33011	El Pueblo
43.0167	-8.4667	15086	Castelo
43.0167	-8.1500	15010	Cardeiro
43.0167	-6.8500	33028	Carbueiro
43.0167	-8.9667	15093	Brandoñas
43.0167	-8.1167	15010	Boimil
43.0167	-8.3833	15059	Beán
43.0167	-8.2667	15038	Aiazo
43.0167	-2.5167	20034	Areitio
43.0167	-7.3833	27011	Arcos
43.0167	-8.2000	15038	Añá
43.0167	-7.6000	27028	Aday
43.0168	-8.0579	15080	Carelle
43.0169	-6.8548	33028	Cadagayoso
43.0170	-7.1839	27004	Vilar dos Adrios
43.0171	-9.0286	15092	Manlle
43.0171	-2.4873	20013	Areantza
43.0171	-4.1865	39032	Fontibre
43.0174	-8.0174	15080	Pousada
43.0174	-4.1436	39027	Fresno del Río
43.0174	-3.4168	09209	Angosto
43.0175	-7.3227	27011	Cubelas
43.0177	-8.9031	15077	Armán
43.0177	-6.4530	33011	Brañas de Abajo
43.0180	-4.0877	39027	Aldueso
43.0181	-5.7728	33033	Payares
43.0181	-2.4780	20013	Goroeta
43.0182	-2.3035	20026	Bengoetxea
43.0182	-4.2908	39032	Abiada
43.0183	-2.5260	20034	Eskoriatza
43.0185	-8.8358	15077	Esmorode
43.0186	-7.7506	27020	Guldriz
43.0187	-4.1191	39027	Cañeda
43.0187	-4.2818	39032	La Hoz de Abiada
43.0190	-5.8389	33033	Traslacruz
43.0190	-8.9255	15093	Pudenza
43.0191	-7.4450	27028	Bascuas
43.0192	-2.3354	20051	Brinkola
43.0194	-6.6045	33011	Piedrafita
43.0195	-6.4917	33011	Ríomolín
43.0195	-8.8722	15077	Oreo
43.0195	-8.9935	15092	Orbellido
43.0196	-6.5938	33011	Jalón
43.0197	-4.2645	39032	Villar
43.0197	-6.9125	33028	Santiso
43.0197	-7.3650	27011	Souto de Torres
43.0201	-9.1758	15034	Salgueiros
43.0202	-2.4139	20059	Lezesarri
43.0202	-3.7336	09216	San Martín de Porres
43.0204	-8.3104	15038	Moar
43.0205	-9.1830	15052	Caberta
43.0205	-9.0232	15092	Santa Comba
43.0206	-6.8588	33028	Cecos
43.0206	-3.3981	09189	Villalacre
43.0206	-5.8794	33033	Ríospaso
43.0207	-2.2993	20026	Goikoetxeata
43.0208	-7.3783	27011	Moreira
43.0209	-4.1615	39032	La Miña
43.0209	-8.5937	15086	Benza
43.0209	-9.2721	15052	Nemiña
43.0211	-4.0719	39017	Villapaderne
43.0211	-2.0094	31020	Gaínza
43.0211	-4.2258	39032	Espinilla
43.0211	-2.9964	01002	Lekamaña
43.0212	-2.3023	20026	Goikoetxegoikoa
43.0217	-6.8023	33028	Centenales
43.0221	-3.3552	09189	Villaventín
43.0222	-9.0825	15034	Albarellos
43.0223	-3.6851	09215	Villamartín de Sotoscueva
43.0223	-2.5052	20013	Arkarazo
43.0223	-4.5127	34904	Casavegas
43.0224	-7.7155	27020	Santa Marta
43.0226	-3.5081	09214	Baranda
43.0226	-7.2989	27011	Vilalle
43.0226	-6.9434	27034	Salvador
43.0227	-7.2582	27004	Perrelos
43.0228	-9.2477	15052	Vilela
43.0229	-2.2726	20057	Mutiloa
43.0229	-7.4224	27028	Gondar
43.0231	-5.8704	33033	La Cruz
43.0233	-5.8450	33033	Telledo
43.0233	-9.2412	15052	Loalo
43.0234	-6.8464	33028	Villarcebollín
43.0237	-8.8891	15077	Grijoa
43.0239	-9.1056	15034	Sábade
43.0240	-5.9064	33033	Tuiza de Abajo
43.0240	-2.6876	48088	Ubide
43.0240	-9.2096	15052	San Tirso
43.0242	-6.8914	33028	Linares
43.0243	-3.0107	01002	Saratxo
43.0244	-2.0069	31020	Uztegi
43.0246	-5.8639	33033	Armada
43.0248	-7.3388	27011	Camino
43.0248	-5.0753	24001	Liegos
43.0249	-5.0512	24025	Burón
43.0249	-8.6636	15088	Bembibre
43.0252	-5.9137	33033	Tuiza
43.0253	-7.2540	27004	Vilaselle
43.0253	-6.5508	33011	Gillón
43.0254	-9.1421	15052	Trasufre
43.0254	-2.2665	20026	Liernia
43.0254	-2.1035	20001	Larraitz
43.0256	-1.9803	31055	Betelu
43.0256	-2.4869	20013	Aozaratza
43.0258	-2.9275	01002	Astobitza
43.0259	-5.7025	24901	Pendilla
43.0260	-3.3314	09908	Castresana
43.0262	-1.8264	31049	Beruete
43.0263	-5.7848	33033	Villar
43.0264	-6.2284	33068	El Puerto de Somiedo
43.0267	-5.9196	33033	Tuiza de Arriba
43.0269	-7.1503	27018	Freijo
43.0270	-5.8333	33033	La Cortina
43.0270	-3.4416	09189	Villatarás
43.0270	-3.7319	09216	Rozas
43.0270	-7.0815	27018	Villabol de Abajo
43.0272	-8.9496	15093	Abellas
43.0273	-2.2035	20058	Olaberria
43.0273	-3.8011	09216	Ahedo de las Pueblas
43.0273	-3.6274	09215	Cornejo
43.0274	-9.0154	15092	Outeiro
43.0276	-7.5914	27028	Meilán
43.0276	-3.4819	09214	Barcenillas del Ribero
43.0278	-6.5796	33011	Ríotorno
43.0280	-2.9726	01002	Lezama
43.0283	-6.9803	33028	Valdeferreiros
43.0283	-4.0076	39017	Servillejas
43.0285	-4.2344	39032	Ormas
43.0289	-3.9907	39017	Servillas
43.0290	-2.3889	20059	Olabarrieta
43.0290	-1.9326	31144	Azpiroz
43.0291	-6.5701	33011	Vidal
43.0291	-9.0177	15092	Baíñas
43.0291	-9.1545	15052	Agar
43.0293	-2.3390	20051	Telleriarte
43.0294	-6.4631	33011	Trascastro
43.0295	-9.1822	15052	Montesiños
43.0295	-4.2537	39032	Proaño
43.0296	-7.1765	27004	Pasada
43.0299	-3.9463	39017	La Población
43.0300	-4.1335	39027	Aradillos
43.0300	-3.2986	09908	Villabasil
43.0301	-3.5930	09215	Hornillalastra
43.0302	-7.3243	27011	Castroverde
43.0304	-6.6113	33011	San Martín de Eiros
43.0305	-2.5236	20034	Apotzaga
43.0307	-7.0320	27018	Río de Bangos
43.0307	-2.1275	20049	Saturdia
43.0307	-5.2684	24121	Cofiñal
43.0308	-4.1491	39027	Fontecha
43.0308	-4.2142	39032	La Serna
43.0309	-3.0460	48074	Belandia
43.0310	-3.5153	09214	Quintanaedo
43.0310	-4.3580	39032	Brañavieja
43.0310	-5.7809	33033	Flor de Acebos
43.0311	-4.2001	39032	Argüeso
43.0313	-7.3256	27011	Villarino
43.0318	-3.0295	48074	Mendeika
43.0318	-1.7859	31049	Igoa
43.0320	-6.4876	33011	Villar de Roguero
43.0321	-7.7951	27020	Friol
43.0322	-9.1388	15052	Calo
43.0323	-8.9525	15093	Couto
43.0324	-2.1862	20049	Lazkao
43.0326	-6.6271	33011	Moncó
43.0326	-9.2178	15052	Bardullas
43.0326	-2.4100	20059	Oñati
43.0329	-7.0986	27018	Ferreiros
43.0331	-8.8093	15077	Santa Comba
43.0331	-4.2245	39032	Soto
43.0332	-6.8742	33028	Cuantas
43.0333	-6.8500	33028	Villamayor
43.0333	-7.1500	27018	Vilanova
43.0333	-7.1167	27018	San Pedro
43.0333	-8.5833	15086	Restande
43.0333	-9.2667	15052	Queiroso
43.0333	-8.0167	15080	Porta
43.0333	-2.6500	48072	Otxandio
43.0333	-8.6333	15088	Niveiro
43.0333	-8.9500	15093	Muiño
43.0333	-8.4167	15059	Montaos
43.0333	-8.3333	15060	Marzoa
43.0333	-8.4667	15084	Leobalde
43.0333	-7.1500	27018	Iglesia
43.0333	-8.0833	15080	Folgoso
43.0333	-7.7500	27020	Devesa
43.0333	-7.9833	15080	Codesoso
43.0333	-8.2000	15038	Céltigos
43.0333	-2.4167	20059	XXX
43.0333	-7.8500	27020	Carballo
43.0333	-8.4833	15086	Campo
43.0333	-7.1000	27018	Buisán
43.0333	-8.1833	15047	Boado
43.0333	-9.1167	15034	Berdeogas
43.0333	-2.5500	01003	Azkoaga
43.0333	-8.1667	15010	Arceo
43.0333	-8.1167	15010	Andabao
43.0333	-7.5500	27028	Albeiros
43.0334	-6.4692	33011	Arbás
43.0335	-2.3108	20038	Aztiria
43.0335	-2.3108	20051	Santa Marina
43.0336	-7.2005	27004	Fontaneira
43.0339	-4.3568	39032	Brañavieja
43.0339	-3.7819	09216	Busnela
43.0340	-2.1708	20049	Lazkaomendi
43.0340	-4.1718	39032	Camino
43.0341	-2.5046	20013	Aretxabaleta
43.0342	-7.5307	27028	A Campiña
43.0343	-6.4682	33011	Vegameoro
43.0344	-7.4113	27011	Barredo
43.0348	-2.4740	20013	Larrino
43.0348	-3.0721	01010	Agiñaga
43.0349	-9.1760	15052	Sorna
43.0350	-7.2661	27004	Aldegunde
43.0350	-9.0077	15092	Cabazas
43.0351	-7.3533	27011	Rebordaos
43.0353	-6.9945	27034	Lencias
43.0354	-5.0124	24025	Vegacerneja
43.0356	-2.0092	31020	Azcárate
43.0357	-7.8187	27020	Ramelle
43.0358	-3.4454	09189	Colina
43.0359	-7.6723	27028	Outeiro
43.0361	-7.8966	27020	Silvela
43.0362	-6.9133	33028	Castaosa
43.0363	-8.7784	15077	Montouto
43.0365	-9.0700	15034	Boudañeira
43.0368	-7.2522	27004	Golpilleira
43.0369	-9.1682	15052	Coucieiro
43.0370	-7.0178	27034	San Esteban
43.0371	-4.4572	34904	Piedrasluengas
43.0371	-2.4947	20013	Oro
43.0372	-2.1506	20078	Zaldibia
43.0372	-7.0685	27018	Ribón
43.0372	-5.8353	33033	Reconcos
43.0373	-1.8043	31049	Arrarás
43.0374	-3.1719	09410	Haedo de Angulo
43.0375	-1.9851	31020	Arribe
43.0375	-7.1241	27018	Sudros
43.0378	-9.1028	15034	Pedriña
43.0381	-8.8235	15077	Santa Catalina de Armada
43.0382	-9.2708	15052	Touriñán
43.0383	-3.4835	09214	El Ribero
43.0385	-6.8738	33028	San Antolín
43.0387	-2.5528	01003	Zabola
43.0388	-8.8494	15077	Arán
43.0388	-8.0278	15080	Sobrado
43.0391	-9.2793	15052	Campos
43.0393	-8.8768	15077	Vilar de Céltigos
43.0393	-9.0150	15092	Sixto
43.0397	-4.8497	24020	Portilla de la Reina
43.0397	-5.1160	24001	Acebedo
43.0397	-3.6674	09215	Cueva
43.0398	-2.5752	01003	Uribarri
43.0399	-5.0935	24025	Lario
43.0401	-7.6099	27028	Bocamaos
43.0402	-3.4971	09214	Villalázara
43.0402	-9.1462	15052	Senande
43.0402	-9.0805	15092	Grijoa
43.0404	-1.9181	31144	Uitzi
43.0406	-3.9722	39017	Lanchares
43.0406	-7.1595	27018	Arco
43.0406	-2.5286	20034	Gellao
43.0409	-3.3874	09189	Castrobarto
43.0410	-3.8950	39017	Corconte
43.0411	-7.3270	27011	Bolaño
43.0415	-7.5019	27028	Pedreda
43.0415	-7.2589	27004	Barcias
43.0415	-9.0112	15092	Vilanova
43.0416	-2.5363	01003	Untzilla
43.0416	-5.7899	33033	Llanos de Somerón
43.0417	-4.0650	39077	Somballe
43.0419	-4.5616	39050	Caloca
43.0421	-2.5086	20013	Izurieta
43.0423	-8.8607	15077	Mallón
43.0424	-9.1776	15052	Villarmid
43.0430	-7.6537	27028	Camoira
43.0431	-3.5225	09214	Cuestaedo
43.0434	-2.9828	01002	Larrinbe
43.0434	-2.2567	20062	Ormaiztegi
43.0437	-2.5814	01003	Arexola
43.0437	-3.6972	09215	La Parte de Sotoscueva
43.0440	-2.5219	20013	Galartza
43.0444	-9.1521	15052	Agrodosío
43.0448	-7.7210	27020	Cotá
43.0448	-6.2503	33068	La Peral
43.0448	-3.0826	01010	Madaria
43.0451	-6.4753	33011	San Xulianu
43.0451	-9.2471	15052	Viseo
43.0453	-2.4833	20055	Bedoña
43.0455	-9.0379	15092	Padreiro de Abajo
43.0455	-7.0637	27018	Barcela
43.0457	-9.1924	15052	Santa Marina
43.0458	-6.5582	33011	Trasmonte de Abajo
43.0458	-3.6898	09215	Vallejo
43.0459	-3.4370	09189	Las Eras
43.0461	-7.0324	27018	Veiga de Donas
43.0462	-6.9692	27034	Coea
43.0462	-9.2107	15052	Prado
43.0466	-6.0489	24145	Torrestío
43.0466	-7.0004	27034	Castañedo
43.0467	-7.2627	27004	Pereira
43.0467	-6.9903	27034	Covas
43.0468	-2.5660	01003	Zalgo
43.0469	-6.6160	33011	Vega de Rengos
43.0470	-2.5587	01003	Barajuen
43.0471	-9.0774	15092	Romar
43.0471	-6.6406	33011	Moal
43.0471	-3.6000	09215	Hornillatorre
43.0472	-9.2322	15052	Morquintián
43.0473	-2.6311	01003	Oleta
43.0474	-6.4717	33011	Miravalles
43.0474	-2.1053	20001	Abaltzisketa
43.0476	-3.6826	09215	Quintanilla-Sotoscueva
43.0477	-6.5591	33011	Trasmonte de Arriba
43.0478	-7.3566	27011	Serés
43.0480	-6.4644	33011	Vallado
43.0481	-2.0854	20008	Amezketa
43.0482	-6.8341	33028	Andeo
43.0482	-8.8764	15077	Cícere
43.0484	-2.5822	01003	Arriola
43.0485	-7.4630	27028	Labio
43.0487	-7.1316	27018	Ferreira de Abajo
43.0488	-9.1585	15052	Villastose
43.0488	-7.7991	27020	Lamas
43.0490	-2.9209	01002	Baranbio
43.0490	-6.8762	33028	Folgoso
43.0493	-9.1534	15052	Grixa
43.0493	-7.1601	27018	Travesas
43.0493	-2.2796	20038	Gabiria
43.0494	-2.5389	01003	Suña
43.0494	-7.0767	27018	Aldobrén
43.0494	-8.7291	15077	Villamayor
43.0494	-6.5842	33011	Noceda
43.0495	-9.0081	15092	Subeiro
43.0495	-8.4625	15084	Numide
43.0497	-4.0823	39077	Lantueno
43.0498	-8.9256	15093	Langueirón
43.0498	-6.7577	33028	Valdebueyes
43.0498	-2.5659	01003	Ibarra
43.0499	-2.0404	20071	Bedaio
43.0499	-5.1773	24096	Maraña
43.0500	-5.7732	33033	La Romía Riba
43.0500	-8.2333	15038	Vitre
43.0500	-7.6833	27020	Villalvite
43.0500	-8.0500	15090	Vilariño
43.0500	-2.9667	01002	Ugarte
43.0500	-6.5000	33011	Tablado
43.0500	-7.8500	27020	Rocha
43.0500	-7.9667	15080	Roade
43.0500	-8.6667	15088	Rial
43.0500	-8.0833	15090	Présaras
43.0500	-8.4000	15059	Pereira
43.0500	-6.9167	33028	Peneda
43.0500	-7.7667	27020	Narla
43.0500	-7.5167	27028	Muja
43.0500	-6.9833	27034	Mosteirín
43.0500	-8.5833	15086	Monzo
43.0500	-7.8333	27020	Madelos
43.0500	-7.8167	27020	Lea
43.0500	-7.6333	27028	Hombreiro
43.0500	-8.3333	15038	Galegos
43.0500	-7.1167	27018	Ferreira de Arriba
43.0500	-8.0000	15080	Cumbraos
43.0500	-7.1667	27018	Couto
43.0500	-6.8833	33028	Caldevilla
43.0500	-7.3833	27011	Barredo
43.0500	-1.9833	31020	Atallu
43.0500	-7.0500	27018	Arrojó
43.0500	-8.6500	15088	Arabejo
43.0500	-3.0000	01002	Amurrio
43.0500	-9.2333	15052	Aboy
43.0501	-8.2939	15038	Frades
43.0502	-2.2009	20019	Beasain
43.0502	-3.6633	09215	Quisicedo
43.0503	-7.1837	27004	Lastra
43.0504	-5.7726	33033	La Romía Baxo
43.0504	-6.8146	33028	Pradiás
43.0504	-3.6717	09215	Villabáscones
43.0506	-6.6146	33011	La Muriella
43.0507	-1.9552	31144	Gorriti
43.0507	-6.8622	33028	Piñeira
43.0512	-9.1326	15052	Cibrán
43.0513	-8.6453	15088	Erviñóu
43.0514	-3.2225	09908	San Miguel de Relloso
43.0515	-6.9517	33028	Sena
43.0517	-3.0589	01010	Maroño
43.0519	-3.4336	09189	Lastra de las Eras
43.0522	-8.9180	15093	Vila
43.0525	-8.8460	15077	Arantón
43.0527	-2.1329	20037	Gaintza
43.0528	-3.0892	01010	Salmantón
43.0531	-2.2621	20005	Alegia
43.0532	-2.3369	20051	Legazpi
43.0533	-6.6125	33011	Posada de Rengos
43.0533	-7.0990	27018	Villadrid
43.0535	-5.8239	33033	Piñeda de Abajo
43.0537	-5.8208	33033	Piñeda de Arriba
43.0538	-9.1815	15052	Morpeguite
43.0538	-4.0255	39070	San Miguel de Aguayo
43.0541	-7.2633	27004	Carraceira
43.0541	-2.1763	20076	Ordizia
43.0543	-4.8003	24020	Llánaves de la Reina
43.0545	-2.0472	20008	Ezkelberro
43.0546	-5.0970	24025	Polvoredo
43.0547	-5.5458	33002	La Casa Corral
43.0548	-5.5502	33002	Ruayer
43.0548	-7.0501	27018	Villamayor
43.0549	-8.5314	15084	Castenda
43.0550	-6.4463	33011	Llamera
43.0554	-5.3256	24121	Isoba
43.0555	-7.2596	27004	San Mamed
43.0555	-5.7645	33033	Naveo
43.0558	-4.6379	39096	Cucayo
43.0560	-7.5225	27028	Quintián
43.0561	-6.6062	33011	Caldevilla de Rengos
43.0566	-7.3882	27011	Vilafrío
43.0566	-6.9082	33028	Busto
43.0570	-2.1959	20019	Erauskin
43.0570	-7.2767	27004	Vilares
43.0570	-3.6246	09215	Quintanilla del Rebollar
43.0570	-9.0850	15092	Berdoyas
43.0572	-4.5446	39050	Vendejo
43.0572	-7.2088	27004	Villarín
43.0578	-7.5538	27028	Mazoy
43.0579	-6.6454	33011	Oballo
43.0580	-2.5891	01003	Etxaguen
43.0581	-6.4848	33011	Otero
43.0582	-8.9480	15093	Meanos
43.0582	-3.2343	09908	Relloso
43.0585	-2.3395	20051	Bikuña
43.0591	-3.1335	01010	Añes
43.0592	-6.4756	33011	Lindota
43.0593	-7.6500	27039	Parada
43.0596	-7.0756	27018	Lamas de Moreira
43.0598	-4.9517	24025	Casasuertes
43.0600	-7.2235	27004	Trembedo
43.0600	-3.4990	09214	Loma de Montija
43.0601	-8.8555	15077	Travesas
43.0601	-6.8219	33028	Seroiro
43.0603	-2.2378	20019	Arriaran
43.0603	-3.1229	01010	Lexartzu
43.0604	-8.1339	15090	Mezonzo
43.0604	-8.9658	15093	Roma
43.0607	-7.1021	27018	Sambreijo
43.0608	-2.4394	20059	Zubillaga
43.0608	-3.6208	09215	El Rebollar
43.0610	-3.5920	09215	Barcenillas de Cerezos
43.0610	-7.4009	27011	Meda
43.0614	-4.0835	39077	Santiurde de Reinosa
43.0615	-3.0369	01010	Izoria
43.0619	-8.9946	15092	Quitiande
43.0620	-6.4931	33011	Caldevilla de Arbás
43.0621	-6.8458	33028	Dou
43.0623	-9.1797	15052	Añobres
43.0623	-7.3212	27011	O Albaredo
43.0624	-8.9854	15092	Comareiro
43.0624	-7.0473	27018	Novío
43.0625	-5.8277	33033	Espinedo
43.0627	-8.1364	15090	Faxilde
43.0628	-7.1219	27018	Vilar de Sucarral
43.0630	-6.5076	33011	La Linde
43.0630	-7.2202	27004	Cubilledo
43.0632	-9.0480	15092	Cerbán
43.0633	-2.1654	20012	Arama
43.0635	-2.5304	20055	Gesalibar
43.0637	-8.9001	15093	Rial de Arriba
43.0641	-7.3377	27011	Pena
43.0643	-8.9114	15093	Froján
43.0643	-5.1376	24001	La Uña
43.0644	-5.3894	33002	Puerto de San Isidro
43.0644	-7.0158	27018	Sancedo
43.0644	-2.4898	20055	Arrasate / Mondragón
43.0647	-6.5233	33011	Villacibrán
43.0647	-9.0947	15092	Boallo
43.0647	-2.1540	20906	Altzaga
43.0648	-2.5845	01003	Gantzaga
43.0650	-5.3693	24121	San Isidro
43.0651	-9.0504	15092	Lavandeira
43.0652	-6.3963	33011	Genestoso
43.0653	-6.5429	33011	Naviego
43.0654	-3.6075	09215	Redondo
43.0655	-8.9882	15092	Serramo
43.0655	-3.4742	09214	Villasante
43.0657	-7.2639	27004	Fonteo
43.0658	-3.3072	09410	Quintanilla de Siones
43.0660	-3.1618	09410	Oseguera
43.0660	-4.4960	39050	Cueva
43.0662	-4.9891	24025	Cuénabres
43.0663	-6.4532	33011	Regla de Cibea
43.0666	-5.8219	33033	Carraluz
43.0667	-2.9667	01002	Zabalibar
43.0667	-9.2000	15052	Vilariño
43.0667	-6.6000	33011	Venta Nueva
43.0667	-7.5833	27028	Tirimol
43.0667	-3.8667	39039	Sel de Manzano
43.0667	-7.5000	27028	Rubiás
43.0667	-7.8333	27020	Roimil
43.0667	-9.2000	15052	Risamonde
43.0667	-8.3833	15059	Poulo
43.0667	-7.5667	27028	Pías
43.0667	-8.4500	15059	Parada
43.0667	-8.2667	15038	Papucín
43.0667	-8.3000	15038	Mesós
43.0667	-5.6167	33002	Llananzanes
43.0667	-8.1833	15047	Lanzá
43.0667	-3.7167	09215	Entrambosríos
43.0667	-4.6333	39096	Dobres
43.0667	-7.1667	27004	Degolada
43.0667	-9.2500	15052	Cuño
43.0667	-8.1667	15047	Castro
43.0667	-9.0500	15092	Castrelo
43.0667	-8.1500	15090	Barbeito
43.0667	-8.3333	15059	Barbeiros
43.0667	-8.0833	15090	Armental
43.0667	-2.6500	48072	Andaparaluzeta
43.0669	-7.0063	27018	Gegunde
43.0671	-6.2566	33068	Caunedo
43.0672	-1.3058	31248	Gañecoleta
43.0675	-9.1645	15052	Fumiñeo
43.0676	-8.8534	15077	Busto
43.0680	-2.0834	20008	Ugarte
43.0684	-9.1347	15052	Agranzón
43.0686	-3.3034	09410	El Vigo
43.0686	-7.6121	27039	Guillar
43.0688	-8.7286	15077	Bazar
43.0689	-3.0726	01010	Menoio
43.0691	-2.1646	20047	Itsasondo
43.0692	-5.0321	24025	Retuerto
43.0693	-2.1278	20904	Baliarrain
43.0694	-5.8435	33033	Las Monas
43.0695	-9.0458	15092	Roalo
43.0695	-5.5723	33002	La Paraya
43.0695	-3.8608	39039	Resconorio
43.0695	-6.4489	33011	Sorrodiles
43.0695	-3.0135	01010	Olabezar
43.0698	-2.7473	48024	Ipiñaburu
43.0699	-2.5212	20055	Garagartza
43.0699	-6.9706	27018	Vilar da Cuiña
43.0699	-7.0917	27018	Moreira
43.0700	-4.6916	39096	Ledantes
43.0701	-9.0846	15092	Bouza
43.0701	-5.7686	33033	Puente de los Fierros
43.0702	-4.0316	39070	Santa Olalla de Aguayo
43.0706	-2.9023	01002	Maltzarraga
43.0706	-3.5840	09124	Para
43.0707	-2.9189	48075	Arbaitza
43.0708	-3.3267	09410	Vallejuelo
43.0709	-4.0371	39070	Santa María de Aguayo
43.0709	-7.3011	27011	Teijeda
43.0709	-4.6161	39096	Bárago
43.0711	-8.1216	15090	Vilasantar
43.0715	-8.7895	15077	Padreiro
43.0715	-9.0653	15092	Vilaseco
43.0716	-3.0895	01010	Ozeka
43.0719	-5.7276	33033	Navidiello
43.0722	-6.8829	33028	Villajane
43.0722	-2.2590	20035	Itsaso
43.0722	-6.8277	33028	Folgueiras da Bionga
43.0725	-6.1993	33068	Valle de Lago
43.0725	-9.0311	15092	Piñeiros
43.0726	-7.8685	27020	Nodar
43.0726	-7.0274	27018	Estoupelo
43.0727	-3.4638	09214	Quintanilla-Sopeña
43.0730	-7.1056	27018	Vilafrime
43.0731	-7.1216	27018	San Mamed
43.0731	-4.6774	39096	Barrio
43.0731	-7.2753	27004	Abrairas
43.0731	-6.5516	33011	Regla de Naviego
43.0731	-3.3501	09410	Cadagua
43.0731	-7.1508	27018	Chaín
43.0732	-4.5240	39050	Avellanedo
43.0732	-9.1861	15052	Armear
43.0735	-7.0532	27018	Cereijido
43.0736	-3.3349	09410	Sopeñano
43.0739	-8.9944	15092	Casas Novas
43.0742	-5.7398	33033	San Andrés
43.0742	-9.1400	15052	Castelo
43.0745	-3.5641	09124	Santa Olalla
43.0746	-1.3084	31248	Archurieta
43.0748	-3.5040	09214	Hedesa
43.0749	-7.2669	27004	Millares
43.0750	-9.0836	15092	Pedra do Frade
43.0750	-4.4946	39050	Valdeprado
43.0752	-6.6203	33011	Larna
43.0752	-7.0099	27018	Villabol
43.0755	-3.1137	01010	Erbi
43.0757	-3.0254	01010	Murga
43.0758	-8.9067	15093	Rial de Abajo
43.0759	-3.5150	09124	Quintana de los Prados
43.0759	-5.7505	33033	Parana
43.0759	-5.7668	33033	Las Puentes
43.0760	-7.6930	27039	Vicinte
43.0761	-2.2986	20035	Aeta
43.0762	-6.5377	33011	Villar de Naviego
43.0763	-6.6582	33011	Vega de Tallo
43.0763	-9.0412	15092	Sanfins
43.0765	-8.8467	15077	Santa Sabina
43.0765	-8.4090	15059	Ordes
43.0766	-4.5374	39013	Pesaguero-La Parte
43.0773	-9.1653	15052	Cebráns
43.0773	-3.0732	01010	Kexaa / Quejana
43.0775	-3.5537	09124	Espinosa de los Monteros
43.0776	-3.1998	09410	Santa Olaja
43.0777	-7.5806	27039	Silvarrey
43.0778	-6.8522	33028	Uría
43.0778	-2.5125	20055	Udala
43.0779	-9.1220	15052	Vilarbello de Suxo
43.0781	-3.0971	01010	Luxo / Lujo
43.0781	-2.2260	20019	Garin
43.0784	-3.0434	01010	Arespalditza / Respaldiza
43.0788	-7.1708	27018	Paradavella
43.0788	-9.2123	15052	Jurarantes
43.0789	-4.0941	39077	Ríoseco
43.0790	-2.1120	20905	Orendain
43.0791	-1.3169	31248	Gaindola
43.0799	-4.4581	39053	Salceda
43.0802	-6.2369	33068	Coto de Buenamadre
43.0803	-9.1853	15052	Labejo
43.0804	-6.2607	33068	Gúa
43.0805	-2.2753	20035	Ezkio
43.0810	-5.5781	33002	Casomera
43.0811	-6.8998	33028	Marentes
43.0811	-2.7377	48024	Undurraga
43.0812	-4.6840	39096	Villaverde
43.0812	-6.9898	27018	Miñide
43.0816	-8.9924	15092	Areosa
43.0816	-9.2081	15052	Moraime
43.0816	-9.2284	15052	Lourido
43.0817	-5.7692	33033	Buellas
43.0819	-9.1123	15052	Pedreira
43.0821	-1.9520	31031	Areso
43.0822	-4.0793	39051	Pesquera
43.0823	-3.5058	09214	Montecillo
43.0824	-6.5517	33011	Puntarás
43.0826	-3.3425	09410	Lezana de Mena
43.0829	-2.2393	20019	Astigarreta
43.0830	-8.4919	15084	Gorgullos
43.0831	-7.0362	27018	Souto
43.0831	-2.9356	01002	Urrexola
43.0831	-4.6311	39096	Soberado
43.0833	-7.1097	27018	Vieiro
43.0833	-7.1833	27018	Villauriz
43.0833	-4.6667	39096	Vada
43.0833	-2.7333	48024	Urrekotxi
43.0833	-7.4833	27028	Teixeiro
43.0833	-9.2000	15052	Serantes
43.0833	-7.0667	27018	Santa Juliana
43.0833	-7.2000	27004	San Paio
43.0833	-6.9333	33028	Ríodeporcos
43.0833	-7.1333	27018	Pedrouzos
43.0833	-7.7167	27020	Ousá
43.0833	-9.2167	15052	Oruxo
43.0833	-3.2667	09410	Mediavilla
43.0833	-1.9167	31149	Leitza
43.0833	-8.2333	15047	Juanceda
43.0833	-7.9833	15080	Grixalba
43.0833	-1.8167	31102	Ezkurra
43.0833	-1.8000	31090	Eratsun
43.0833	-8.1667	15047	Cumbraos
43.0833	-8.0333	15090	Cidadela
43.0833	-8.5500	15084	Cabaleiros
43.0833	-8.3833	15059	Buscás
43.0833	-7.5000	27039	Benade
43.0833	-1.7500	31137	Labaien
43.0833	-2.7500	48024	Altzuaga
43.0833	-7.8833	27020	Anafreita
43.0833	-8.2000	15047	Albixoi
43.0833	-8.3167	15038	Abellá
43.0834	-7.5453	27039	Aguiar
43.0834	-5.8205	33033	Acedo de los Caballeros
43.0835	-6.4775	33066	Siero
43.0835	-9.1888	15052	Molinos
43.0838	-9.1569	15052	Ozón
43.0840	-9.1524	15052	Quintáns
43.0840	-7.8289	27020	Carlín
43.0844	-7.0656	27018	Cuiñas
43.0846	-2.1502	20052	Legorreta
43.0847	-3.3019	09410	Vallejo de Mena
43.0847	-3.8918	39039	Bollacín
43.0847	-7.3260	27011	Montecubeiro
43.0848	-9.1673	15052	San Martiño de Ozón
43.0848	-3.4517	09214	Bercedo
43.0849	-6.6050	33011	La Pescal
43.0849	-2.2833	20035	Bizkardo
43.0851	-9.0791	15092	Santa Cristina
43.0852	-3.3165	09410	Villasuso de Mena
43.0853	-5.5720	33002	Villar
43.0854	-5.9045	33053	Lindes
43.0856	-7.0815	27018	Fumayor
43.0858	-7.2673	27004	Braña
43.0859	-6.1886	33068	La Llamera
43.0862	-7.6208	27039	Robra
43.0862	-4.4279	39053	Tresabuela
43.0864	-6.1412	33068	Saliencia
43.0864	-6.9075	33028	Calabreo
43.0864	-4.5530	39050	Barreda
43.0865	-8.7768	15077	Castriz
43.0865	-7.6370	27039	Martul
43.0867	-5.8298	33033	Sotiello
43.0868	-3.4693	09214	Villasorda
43.0869	-6.5646	33011	Folguerajú
43.0871	-7.0252	27018	Eirejín
43.0872	-4.5678	39050	Lomeña-Basieda
43.0879	-7.5543	27039	Mosteiro
43.0882	-6.2366	33068	Urria
43.0884	-2.8447	48075	Urigoiti
43.0884	-4.6639	39096	Pollayo
43.0885	-6.5474	33011	Bustiello
43.0886	-2.3141	20080	Zumarraga
43.0886	-1.7795	31213	Saldías
43.0888	-4.4438	39053	Santa Eulalia
43.0889	-3.0750	01010	Beotegi
43.0891	-6.6625	33011	Lartosa
43.0892	-7.6729	27039	Aspay
43.0892	-2.7343	48024	Kalearte
43.0893	-6.9254	27035	Pena da Nogueira
43.0893	-3.8726	39039	Carrascal de Cocejón
43.0895	-7.2810	27004	San Román
43.0895	-6.3368	33068	Villar de Vildas
43.0895	-2.7483	48024	Arrikibar
43.0897	-6.2830	33068	Perlunes
43.0898	-6.8136	33028	Valvaler
43.0900	-7.2307	27004	Castrelo
43.0901	-4.4572	39053	Cotillos
43.0902	-8.9346	15093	Loroño
43.0904	-8.9238	15093	Castro
43.0905	-4.7008	39096	Vejo
43.0907	-6.7053	33011	Combo
43.0909	-5.8492	33033	Zureda
43.0910	-2.3170	20077	Urretxu
43.0915	-3.1009	01010	Retes Llanteno
43.0915	-3.2589	09410	Ovilla
43.0915	-7.1697	27018	Rieiro
43.0915	-3.4804	09214	Noceco
43.0915	-3.1228	01010	Soxo / Sojo
43.0917	-4.4022	39053	Uznayo
43.0918	-7.4399	27010	Orizón
43.0919	-6.5934	33011	Pandiello
43.0919	-1.6061	31050	Almándoz
43.0921	-6.1568	33068	Éndriga
43.0923	-3.3537	09410	Vivanco de Mena
43.0923	-8.3539	15059	Carballedo
43.0926	-3.4022	09410	Leciñana de Mena
43.0927	-3.9283	39039	Selviejo
43.0927	-9.2113	15052	Figueiras de Abaixo
43.0928	-3.9182	39039	Carrascal de San Miguel
43.0928	-6.5302	33011	Bimeda
43.0929	-6.2563	33068	Pola de Somiedo
43.0930	-8.8981	15093	Follente
43.0930	-8.9700	15092	Treos
43.0931	-7.1657	27018	Pastoriza
43.0933	-7.1806	27018	Bruicedo
43.0934	-6.4812	33011	Ladrero
43.0938	-2.0112	20060	Orexa
43.0939	-9.1414	15052	Pardiñas
43.0939	-6.8323	33028	Morentán
43.0940	-3.3893	09410	Irús
43.0940	-8.1551	15090	Currás
43.0940	-7.5045	27039	Paz
43.0941	-9.0460	15092	Cambeda
43.0941	-7.8310	27020	Bra
43.0941	-9.1282	15052	Ríotorto
43.0943	-7.0065	27018	Restromeiro
43.0944	-2.1237	20044	Ikaztegieta
43.0945	-2.8613	48075	Ibarra
43.0946	-4.6662	39096	Bores
43.0948	-3.9251	39039	San Miguel de Luena
43.0949	-2.8547	48075	Zaloa
43.0950	-9.1559	15052	Sendón
43.0950	-3.1843	09410	Santiago de Tudela
43.0953	-5.7679	33033	Congostinas
43.0956	-2.2876	20035	Mendietxea
43.0958	-7.0232	27018	Naraja
43.0958	-5.8561	33033	Valle
43.0959	-9.0348	15092	Rasamonde
43.0959	-9.2034	15052	Chorente
43.0965	-3.1716	09410	Araduenga
43.0967	-9.0477	15092	Ogas
43.0968	-5.5792	33002	Río Mañón
43.0969	-5.8004	33033	La Frecha
43.0969	-3.5655	09124	Bárcenas
43.0969	-8.9415	15093	Baizana
43.0970	-2.5751	48091	Artekale
43.0970	-3.0707	01010	Menagarai
43.0970	-9.1529	15052	Nosa Señora do O
43.0970	-6.7265	33011	Monasterio del Coto
43.0971	-8.6118	15084	Villadabad
43.0971	-2.8703	48075	Aranguren
43.0972	-6.5830	33011	Vega del Castro
43.0972	-5.9108	33053	Cortes
43.0973	-2.3800	20011	Antzuola
43.0973	-7.3337	27011	Berlán
43.0974	-6.8934	27035	Santalla
43.0974	-7.2751	27004	Retizós
43.0975	-4.6798	39096	Enterrías
43.0976	-5.8321	33033	Tíos
43.0980	-7.1317	27018	Montouto
43.0981	-6.4568	33011	Fuentes de Corbero
43.0983	-6.1986	33068	Villarín
43.0986	-3.2637	09410	Covides
43.0987	-2.7718	48024	Uribe
43.0988	-2.2373	20019	Iguzaga
43.0988	-8.9156	15093	Zas
43.0989	-2.7496	48024	Plaza
43.0990	-4.5594	39050	Lerones
43.0991	-3.4531	09214	Agüera
43.0992	-6.5205	33011	Villar de Bimeda
43.0992	-7.0569	27018	Aldomán
43.0993	-9.1782	15052	Merejo
43.0993	-2.8371	48075	Gallartu
43.0993	-5.7894	33033	Casorvía
43.0996	-3.1380	09410	Cirión
43.0996	-4.6466	39096	La Vega
43.0996	-9.0953	15092	Devesa
43.0997	-2.0834	20071	Altzo Muño
43.0997	-6.0591	33072	La Focella
43.0997	-2.5753	48091	Barrenkale
43.0998	-6.4917	33011	Villarmental
43.0998	-1.6839	31081	Berráu
43.1000	-3.0500	01010	Zuhatza / Zuaza
43.1000	-8.3333	15059	Villamaior
43.1000	-7.0667	27018	Villagocende
43.1000	-1.3000	31248	Luzaide
43.1000	-1.7000	31244	Malerreka-Urrotz
43.1000	-2.6333	48001	Urkiola
43.1000	-7.8000	27020	Trasmonte
43.1000	-7.3667	27046	Suegos
43.1000	-6.5833	33011	Sestorraso
43.1000	-7.1000	27018	Pacios de Rebolín
43.1000	-8.9667	15092	Outeiro
43.1000	-2.7500	48024	Otzerinmendi
43.1000	-8.3000	15047	Olás
43.1000	-8.2667	15047	Mesia
43.1000	-5.8167	33033	Herías
43.1000	-7.2167	27004	Fórneas
43.1000	-8.0000	15032	Fojado
43.1000	-8.1000	15032	Fisteus
43.1000	-7.4500	27010	Duancos
43.1000	-2.7500	48024	Zeanuri
43.1000	-7.4167	27046	Carazo
43.1000	-7.2000	27018	Cabreira
43.1000	-7.1167	27018	Brañela
43.1000	-7.5833	27039	Bonge
43.1000	-7.8333	27022	Anxeriz
43.1000	-2.7500	48024	Altzusta
43.1002	-3.2825	09410	Villasana de Mena
43.1002	-2.5818	48091	Arrazola
43.1007	-6.0423	33072	Páramo
43.1008	-4.4137	39053	Lombraña
43.1009	-8.4252	15059	Mercurín
43.1010	-2.0964	20005	Alegia
43.1011	-6.9422	27035	Gamalleira
43.1011	-9.0267	15092	Sansobre
43.1016	-7.0900	27018	Lladairo
43.1016	-2.9973	01010	Luiaondo
43.1016	-6.1823	33068	Arbeyales
43.1017	-6.9140	27035	Ouviaño
43.1018	-3.3015	09410	Villanueva de Mena
43.1020	-7.6150	27039	Outeiro de Rei
43.1020	-5.9794	33053	Bucida
43.1021	-2.9030	48075	Beraza
43.1024	-2.0349	20054	Lizartza
43.1025	-3.3487	09410	Concejero
43.1025	-4.6935	39096	Dobarganes
43.1027	-3.1033	01010	Opellora / Costera
43.1028	-3.9057	39039	Los Pandos
43.1031	-4.0751	39046	Mediaconcha
43.1035	-3.3216	09410	Barrasa
43.1036	-6.2142	33068	Veigas
43.1039	-6.6796	33011	Vega de Hórreo
43.1039	-5.5083	33002	Felechosa
43.1040	-8.9000	15093	Mira
43.1040	-3.0981	01010	Chabarri
43.1041	-9.2179	15052	Mugia
43.1043	-2.8802	48075	Albizuelexaga
43.1044	-8.9652	15092	Sandrejo
43.1047	-7.0781	27018	Castro
43.1047	-1.5899	31050	Berroeta
43.1049	-5.8271	33033	Cotorraso
43.1051	-5.8180	33033	Campomanes
43.1053	-8.9399	15093	Artón
43.1055	-6.0394	33072	Villa de Sub
43.1055	-3.3638	09410	Arceo
43.1057	-5.7705	33033	Linares
43.1058	-4.6676	39096	Toranzo
43.1058	-8.8897	15093	Teixidón
43.1059	-2.0900	20071	Altzoazpi
43.1060	-6.5863	33011	Agüera de Castañedo
43.1061	-7.1792	27018	Goje
43.1063	-5.5729	33002	Llamas
43.1063	-6.2729	33068	Aguino
43.1063	-7.6324	27039	Caboy
43.1063	-6.6359	33011	Santiago Peña
43.1063	-5.5193	33002	El Pino
43.1065	-2.1746	20066	Argisain (Santa Marina)
43.1065	-7.1027	27018	Villardongo
43.1069	-3.4349	09214	San Pelayo
43.1070	-5.7999	33033	Malvedo
43.1070	-3.2529	09410	Medianas
43.1071	-6.4517	33011	Valmayor
43.1071	-1.6764	31081	Arce
43.1071	-2.9115	48075	Zubiaur
43.1074	-4.4453	39053	Belmonte
43.1075	-7.4142	27046	Fraialde
43.1076	-3.3391	09410	Hoz de Mena
43.1077	-2.1336	20071	Aldaba
43.1079	-2.2422	20035	Aratz-Matxinbenta
43.1081	-8.5716	15084	Tordoya
43.1084	-2.0960	20005	Auzotxikia
43.1085	-8.9992	15092	Castro
43.1086	-7.3807	27046	Cirio
43.1086	-4.5870	39013	Los Cos
43.1086	-3.3273	09410	Taranco
43.1086	-3.0951	01010	Llanteno
43.1087	-7.1831	27018	Piñeira
43.1087	-7.2952	27046	Mirón
43.1087	-4.4961	39013	Lamedo
43.1090	-7.0656	27018	Vilapiñol
43.1091	-4.4193	39053	Callecedo
43.1092	-3.0972	01010	Lanteno / Llanteno
43.1092	-6.3204	33068	Corés
43.1093	-4.7282	39015	Cosgaya
43.1094	-3.8896	39039	Llano
43.1094	-2.5843	48091	Santiago
43.1095	-8.9987	15092	Salto
43.1096	-7.1470	27018	Ferreirola
43.1096	-8.8874	15093	Piedramayor
43.1097	-1.2823	31248	Arneguy
43.1098	-4.4045	39053	Puente Pumar
43.1098	-3.7916	39071	Bustaleguín
43.1099	-9.0335	15092	Vimianzo
43.1099	-7.2054	27018	Silvadrosa
43.1099	-5.5902	33002	Conforcos
43.1101	-6.5891	33011	Castañedo
43.1101	-6.9175	27035	Tallobre
43.1103	-8.9584	15093	Villar
43.1103	-6.8961	27035	Vilaseca
43.1104	-5.2268	33015	Tarna
43.1104	-4.6186	39096	Tollo
43.1104	-2.5993	48091	Olazabal
43.1105	-6.6319	33011	Peñas
43.1107	-8.9738	15092	Tines
43.1108	-9.0465	15092	Pasantes
43.1110	-1.6685	31081	Igurin Auzoa
43.1110	-8.9018	15093	Gontalde
43.1114	-3.2502	09410	Carrasquedo
43.1115	-6.0895	33072	Torce
43.1115	-3.2045	09410	Ventades
43.1116	-5.9756	33053	Ricabo
43.1117	-1.6737	31081	Donamaría
43.1121	-3.1277	01004	Soxoguti / Sojoguti
43.1121	-1.5814	31050	Aniz
43.1123	-3.6119	09124	Rioseco
43.1123	-7.4000	27046	Lea
43.1124	-6.6630	33011	La Viña
43.1129	-3.3019	09410	Caniego
43.1129	-6.5172	33011	Piñera
43.1129	-7.4981	27010	Cornide
43.1130	-4.4354	39053	San Mamés
43.1130	-7.0529	27018	Rozabragada
43.1131	-5.6541	33002	Santibáñez de Murias
43.1131	-6.5368	33011	Morzó
43.1132	-2.5286	48032	Iguria
43.1135	-8.6656	15084	Angeriz
43.1135	-2.4716	20074	Angiozar
43.1138	-5.5295	33002	Pola de Pino
43.1138	-6.5237	33011	Fondos de Villa
43.1140	-4.7287	39015	Areños
43.1140	-4.5782	39013	Ubriezo
43.1143	-7.1498	27018	Brañas
43.1145	-7.1758	27018	Golpilleiras
43.1146	-3.1684	01004	Erretes Tudela / Retes de Tudela
43.1146	-9.1125	15092	Carnés
43.1148	-4.7692	39015	Las Ilces
43.1151	-2.4175	20074	Bergara
43.1151	-6.6287	33011	Los Llanos
43.1151	-9.0366	15092	Casais
43.1151	-8.4997	15024	Campo-Xesteda
43.1151	-3.8186	39071	San Pedro del Romeral
43.1155	-9.1074	15092	Montecelos
43.1156	-8.8592	15093	Vilar Ramiro
43.1156	-9.1552	15052	Leis
43.1157	-3.8411	39071	Bustiyerro
43.1157	-9.0469	15092	A Toxa
43.1158	-6.9807	27018	Monteseiro
43.1158	-6.4885	33011	Carballo
43.1159	-3.2648	09410	Entrambasaguas
43.1159	-6.6421	33011	Luberio
43.1160	-2.5986	48091	Axpe
43.1162	-2.0244	20907	Gaztelu
43.1164	-6.2212	33068	La Falguera
43.1164	-3.1879	09410	Artieta
43.1165	-6.0997	33072	Barrio
43.1166	-9.0468	15092	Valiña
43.1166	-4.5493	39013	Perrozo
43.1166	-8.9352	15093	Penedo
43.1167	-2.7667	48093	Areatza
43.1167	-7.1833	27018	Vilares
43.1167	-7.2833	27046	Ver
43.1167	-7.8167	27020	Seijón
43.1167	-3.2333	09410	Santa Cruz de Mena
43.1167	-6.5667	33011	San Esteban
43.1167	-7.7333	27007	Pena
43.1167	-2.4667	20074	Partagoitia
43.1167	-1.6833	31187	Oitz
43.1167	-2.7500	48024	Ogaragoitia
43.1167	-7.9000	27022	As Negradas
43.1167	-7.4500	27010	Mondriz
43.1167	-7.2667	27004	Moíña
43.1167	-7.8333	27020	Miraz
43.1167	-7.4333	27010	Ludrio
43.1167	-8.1500	15090	Lourdes
43.1167	-8.4500	15059	Lesta
43.1167	-8.4000	15059	Leira
43.1167	-2.7667	48026	Lamindao
43.1167	-7.3167	27046	Gondel
43.1167	-7.1167	27018	Gestoso de Palfito
43.1167	-7.7167	27022	Gaioso
43.1167	-7.4167	27046	Frayalde
43.1167	-7.6667	27039	Francos
43.1167	-7.4833	27010	Dumpín
43.1167	-5.5667	33002	Cuevas
43.1167	-6.8833	27035	Cancio
43.1167	-8.1833	15047	Cabrui
43.1167	-2.9000	48075	Bengoetxea
43.1167	-1.4667	31050	Beartzun
43.1167	-8.2167	15047	Bascoi
43.1167	-8.5333	15084	Bardaos
43.1167	-1.6667	31081	Askarraga Auzoa
43.1167	-8.3667	15059	Ardemil
43.1167	-5.8000	33033	Alcedo
43.1167	-7.5333	27039	Aguiar
43.1170	-7.6171	27056	Rábade
43.1172	-7.6524	27007	Uriz
43.1172	-6.5708	33011	Berguño
43.1175	-3.3586	09410	Campillo de Mena
43.1178	-7.0777	27018	Padrón
43.1179	-4.5364	39013	San Andrés
43.1180	-5.9152	33053	Las Llanas
43.1181	-7.0365	27018	San Martín de Suarna
43.1181	-6.6371	33011	Agüera del Coto
43.1183	-2.3238	20080	Aginaga
43.1184	-7.2329	27004	Mendreiras
43.1185	-6.5580	33011	Combarru
43.1185	-9.0049	15092	Reboredo
43.1187	-1.5715	31050	Ziga
43.1188	-4.5811	39013	Piasca
43.1188	-9.1295	15092	Tufiones
43.1189	-3.9067	39039	Tablado
43.1195	-7.0032	27018	Penamayor
43.1196	-5.5427	33002	Llanos
43.1196	-4.5107	39013	Buyezo
43.1202	-4.6106	39096	Tudes
43.1202	-2.5304	48032	Urkizuaran
43.1202	-6.4649	33011	Corbero
43.1206	-5.5687	33002	Cuérigo
43.1207	-7.3018	27046	Pacios
43.1209	-9.0442	15092	Bribes
43.1211	-1.6565	31081	Gaztelu
43.1213	-8.8829	15093	Carreira
43.1214	-4.6546	39096	Campollo
43.1215	-3.1297	01004	Artziniega
43.1215	-6.9002	27035	Pieiga
43.1216	-4.6293	39096	Naroba
43.1216	-6.5038	33011	Tremado de Carballo
43.1216	-6.8130	33001	Villalaín
43.1217	-4.7268	39015	Treviño
43.1218	-8.9658	15093	Pazos
43.1218	-2.5855	48091	Martzaa
43.1219	-2.0543	20050	Leaburu
43.1219	-3.2502	09410	Menamayor
43.1223	-6.5928	33011	Otás
43.1226	-9.1125	15092	Mouzo
43.1228	-6.5778	33011	Cibuyo
43.1228	-2.6151	48001	Sagasta
43.1230	-3.3634	09410	Las Bárcenas
43.1234	-8.1161	15032	Pena
43.1235	-5.5639	33002	Collanzo
43.1235	-1.5989	31050	Barrio Zozaia Auzoa
43.1236	-4.0643	39010	Pie de Concha
43.1237	-9.0384	15092	Irroa
43.1237	-8.1482	15032	Curtis
43.1238	-6.1030	33072	Cuña
43.1239	-1.5586	31050	Barrio Zigaurre
43.1239	-6.4821	33011	Las Tiendas
43.1240	-7.0679	27018	Fonsagrada
43.1240	-5.0490	24106	Pío
43.1242	-6.9737	27018	Armilda
43.1242	-1.9802	20022	Berastegi
43.1244	-5.6599	33002	Villar
43.1247	-5.5600	33002	Santibáñez de la Fuente
43.1247	-1.7422	31263	Zubieta
43.1249	-2.7763	48023	Biteri
43.1250	-1.6565	31054	barrio Santalokadia auzoa
43.1251	-3.9012	39039	Bustasur
43.1252	-3.1865	09410	Berrandulez
43.1255	-5.7966	33033	Felgueras
43.1256	-4.0864	39010	Pujayo
43.1257	-5.6960	33002	Los Tornos
43.1258	-4.0566	39010	Bárcena de Pie de Concha
43.1259	-6.9183	27035	Bustelo
43.1262	-2.9299	48908	Murueta
43.1264	-2.5239	48032	Gazeta
43.1264	-3.9215	39039	Urdiales
43.1265	-7.0889	27018	Carracedo
43.1265	-7.3494	27046	Luaces
43.1268	-8.9593	15093	Quintáns
43.1270	-5.8167	33033	Vega del Rey
43.1270	-6.0633	33072	Fresnedo
43.1274	-4.7934	39015	Pido
43.1274	-4.0624	39046	Cobejo
43.1275	-6.5720	33011	San Esteban de Cibuyo
43.1275	-3.2643	09410	Maltrana
43.1276	-2.9794	48075	Gardea
43.1277	-5.8035	33033	El Palacio
43.1277	-2.7781	48023	Ugarte
43.1278	-9.1238	15092	Vilar
43.1279	-5.9710	33053	Ronderos
43.1279	-4.7864	39015	Espinama
43.1279	-1.7118	31129	Latsaga
43.1280	-7.5876	27039	Matela
43.1282	-6.3408	33068	La Rebollada
43.1282	-7.0209	27018	Vieiro
43.1282	-5.5548	33002	La Fuente
43.1282	-7.2400	27004	Coroto
43.1282	-7.0418	27018	Llencias
43.1284	-3.3361	09410	Burceña
43.1285	-4.0373	39046	Casares
43.1285	-5.6993	33002	La Carrera
43.1287	-2.6043	48001	Irazola
43.1289	-3.8495	39071	La Sota
43.1290	-1.7071	31129	Ituren
43.1292	-2.5406	48032	Elorrio
43.1292	-6.4986	33011	Cuadriellas de Villaláez
43.1293	-6.8732	27035	Vilaugín
43.1293	-2.1365	20004	Albiztur
43.1294	-7.2754	27046	Aldea
43.1295	-5.8149	33033	La Cobertoria
43.1296	-4.7456	39015	Pembes
43.1296	-8.9696	15092	Cheis
43.1297	-7.3636	27046	Eiras
43.1297	-1.6449	31054	Legasa
43.1297	-7.6915	27007	Donalbay
43.1298	-7.3531	27046	Mosteiro
43.1300	-4.7202	39015	Besoy
43.1300	-3.2068	09410	Viérgol
43.1301	-1.5373	31050	Gartzain
43.1301	-7.3033	27046	Caraño
43.1302	-2.6319	48001	Mendiola
43.1302	-2.9379	48075	Aiazatza
43.1303	-2.7854	48023	Esparta
43.1305	-5.6720	33002	Murias
43.1306	-3.3175	09410	Hornes
43.1307	-7.2786	27046	Milleirós
43.1307	-2.5846	48091	Apatamonasterio
43.1311	-9.1817	15016	Camariñas
43.1312	-1.5476	31050	Irurita
43.1313	-2.0649	20042	Ibarra
43.1315	-6.6219	33011	Villar de Bergame
43.1316	-5.9689	33053	Nimbra
43.1316	-2.5634	48032	San Agustin
43.1316	-6.0757	33072	Alesga
43.1317	-8.9645	15093	Bamiro
43.1317	-5.6993	33002	Fresnadiello
43.1323	-3.8680	39071	Aldano
43.1328	-2.2736	20018	Aratzerreka
43.1328	-2.4245	20074	San Anton
43.1328	-7.1596	27018	Leituego
43.1330	-1.7203	31129	Aurtitz
43.1332	-5.0448	24106	Vierdes
43.1332	-5.9609	33053	Villagime
43.1333	-2.7789	48023	Calleja
43.1333	-3.7667	39097	Yera
43.1333	-8.3000	15047	Visantoña
43.1333	-7.9000	27022	Vilar
43.1333	-8.8833	15093	Vilaestévez
43.1333	-7.5500	27039	Vilela
43.1333	-2.7833	48023	Bildosola
43.1333	-6.8667	27035	Vilar
43.1333	-4.6324	39096	Valmeo
43.1333	-7.5333	27039	Sobrada
43.1333	-8.9667	15092	Seone
43.1333	-1.6667	31221	Doneztebe-Santesteban
43.1333	-2.7833	48023	Herriko Plaza
43.1333	-7.8333	27022	Parga
43.1333	-1.6667	31221	Oteitza
43.1333	-3.1278	01004	Mendieta
43.1333	-2.8333	48025	Gezala
43.1333	-8.5000	15024	Xesteda
43.1333	-7.6667	27007	Gayoso
43.1333	-7.5667	27039	Folgueira
43.1333	-6.8833	27035	Fojo
43.1333	-8.6833	15019	Entrecruces
43.1333	-2.6500	48001	Etxano
43.1333	-1.5000	31050	Barrio Etxaide
43.1333	-7.4833	27010	Duarría
43.1333	-8.8333	15029	Cuns
43.1333	-9.1167	15016	Cereijo
43.1333	-7.7000	27007	Cerdeiras
43.1333	-7.6500	27007	Carral
43.1333	-9.1833	15016	Buria e Camariñas
43.1333	-8.2000	15902	Borrifáns
43.1333	-1.5000	31050	Barrio Berro Auzoa
43.1333	-7.0833	27018	Bastida
43.1333	-6.8833	27035	Barcela
43.1333	-2.7500	48026	Aroztegieta
43.1333	-7.5000	27010	Arcos
43.1333	-2.9333	48075	Anuntzibai
43.1333	-8.5667	15084	Andoyo
43.1335	-8.8801	15093	Gándara
43.1337	-8.9335	15093	Lamas
43.1337	-1.6284	31054	Narbarte
43.1337	-1.5258	31050	Ariztegi Auzoa
43.1338	-2.5250	48032	Aldape
43.1339	-2.2000	20020	Beizama
43.1339	-6.2566	33068	El Castro
43.1341	-4.8882	24116	Santa Marina de Valdeón
43.1341	-7.3773	27046	Arcos
43.1342	-2.1081	20071	Urkizu
43.1342	-4.5472	39013	Torices
43.1343	-6.0737	33072	San Salvador
43.1343	-2.2324	20018	Nuarbe
43.1344	-4.5763	39013	Cabezón de Liébana
43.1344	-2.4604	20074	Ubera
43.1345	-7.7118	27007	Pena
43.1346	-5.9317	33053	Cienfuegos
43.1346	-6.8944	27035	Negueira
43.1348	-7.0569	27018	Paradanova
43.1348	-9.0473	15092	Calo
43.1348	-2.0780	20071	Tolosa
43.1348	-4.7125	39015	Bárcena
43.1349	-2.7899	48023	Madariaga
43.1349	-6.5698	33011	Caldevilla de Acio
43.1350	-4.0295	39046	Uldá
43.1352	-7.2798	27046	Landriz
43.1352	-6.5966	33011	Rebollas
43.1352	-5.8309	33033	Sorribas
43.1353	-4.0402	39046	San Martín
43.1354	-8.9154	15093	Castro
43.1354	-7.7666	27022	Pedrafita
43.1357	-4.7305	39015	Llaves
43.1357	-6.8070	33001	Fonteta
43.1359	-2.0516	20021	Belauntza
43.1361	-4.0255	39046	Pando
43.1367	-5.0379	24106	Oseja de Sajambre
43.1367	-4.0472	39046	Santa Olalla
43.1369	-5.9660	33053	Rodiles
43.1369	-6.3300	33068	Pigüeña
43.1370	-7.2256	27004	Murias
43.1370	-2.4886	20033	Elgeta
43.1373	-1.6181	31054	Oieregi
43.1373	-9.0934	15092	Carantoña
43.1373	-4.0332	39046	Vallejo
43.1374	-6.5805	33011	Vega de Pope
43.1374	-2.5238	48032	Berrio
43.1379	-9.1374	15016	Dor
43.1379	-8.7795	15029	Couso
43.1380	-2.5363	48032	Zenita
43.1382	-2.6610	48059	Mañaria
43.1383	-6.5957	33011	Vega Perpera
43.1383	-3.1580	01004	Santa Koloma
43.1383	-4.7120	39015	Los Llanos
43.1384	-4.7278	39015	Vallejo
43.1385	-2.0643	20071	Izaskun
43.1385	-9.1262	15016	O Allo
43.1386	-1.6866	31087	Elgorriaga
43.1386	-1.6087	31050	Oronoz-Mugairi
43.1387	-2.7197	48026	Oba
43.1388	-5.6969	33002	Cabo
43.1388	-8.0362	15032	Teixeiro
43.1388	-8.9979	15092	Reparada
43.1388	-6.5260	33011	Puenteciella
43.1389	-2.7552	48026	Olazabal
43.1392	-6.2763	33068	Pineda
43.1392	-9.1895	15016	Rías
43.1393	-7.0832	27018	Puebla de Burón
43.1393	-4.6004	39013	Lubayo
43.1394	-2.3457	20017	Aizpurutxo
43.1395	-5.8250	33033	Vega del Ciego
43.1397	-3.3041	09410	Ribota de Ordunte
43.1397	-2.3608	20074	Elosua
43.1397	-2.1596	20024	Bidania
43.1400	-6.6368	33011	Escrita
43.1401	-3.1076	01004	Ureta
43.1401	-8.9284	15093	Bermello
43.1402	-2.0010	20031	Elduain
43.1402	-3.2324	09410	Opio
43.1403	-7.1399	27018	Pacios
43.1403	-1.5645	31050	Arraioz
43.1405	-6.2209	33068	Villamor
43.1405	-4.7176	39015	Sebrango
43.1405	-8.5286	15024	Rodís
43.1405	-5.6109	33002	Bello
43.1407	-7.2982	27046	Fontao
43.1408	-7.5549	27039	Castelo
43.1409	-8.8703	15093	Sisto
43.1409	-7.5104	27010	Riberas de Lea
43.1410	-5.8325	33033	Mamorana
43.1411	-7.2106	27053	Barangón
43.1411	-4.6744	39015	Bodia
43.1412	-3.2653	09410	Ungo
43.1412	-7.9070	27022	Mariz
43.1413	-8.9198	15093	Daneiro
43.1414	-4.9383	24116	Caldevilla
43.1416	-6.4143	33011	Parada La Vieja
43.1416	-6.0882	33072	Coañana
43.1420	-5.5785	33002	Entrepeñas
43.1420	-5.8336	33033	Otero
43.1421	-6.1401	33072	Vigidel
43.1422	-9.1881	15016	Mourín
43.1423	-5.9704	33053	Villamarcel
43.1425	-2.4318	20074	Basalgo
43.1426	-5.8792	33033	Tablado
43.1426	-2.1673	20024	Goiatz
43.1427	-6.4844	33011	Brañameana
43.1428	-2.6032	48001	Andra Maria
43.1429	-5.8185	33033	Columbiello
43.1429	-6.4741	33011	Castilmoure
43.1429	-2.7224	48026	Emaldia
43.1431	-7.2829	27046	Susá
43.1431	-4.8124	39015	Fuente Dé
43.1431	-4.1933	39086	Bárcena Mayor
43.1432	-2.9620	01036	Laudio / Llodio
43.1433	-2.7516	48026	Ugarana
43.1434	-7.0205	27018	Vilarín de Arriba
43.1435	-5.0541	24106	Ribota
43.1435	-7.6325	27007	O Mato
43.1439	-4.0358	39046	Santián
43.1441	-6.7953	33001	Villanueva
43.1444	-2.5598	48032	Berriozabaleta
43.1444	-6.5829	33011	Regla de Perandones
43.1446	-6.0713	33072	Carrea
43.1446	-7.2921	27046	Outeiro
43.1446	-2.4718	20074	Arantzeta
43.1447	-3.9266	39039	Sel de la Carrera
43.1451	-9.1500	15016	Javiña
43.1452	-2.0262	20023	Berrobi
43.1452	-6.0862	33072	Riello
43.1453	-2.0127	20022	Eldua
43.1454	-8.9040	15093	Pazos
43.1456	-2.9387	48005	Areta
43.1457	-4.9341	24116	Soto de Valdeón
43.1457	-9.0478	15092	Pasarela
43.1457	-4.7101	39015	Mogrovejo
43.1457	-8.2755	15902	Filgueira de Traba
43.1458	-2.6526	48050	Ortuzar
43.1459	-3.8996	39039	La Ventona
43.1460	-6.8880	27035	Seira
43.1460	-6.6245	33011	Casares
43.1461	-9.1571	15016	Crucero
43.1461	-5.7012	33002	La Enfestiella
43.1462	-4.2849	39086	Saja
43.1463	-7.2478	27004	San Bernabé
43.1464	-6.7701	33001	Trabaces
43.1464	-1.5397	31050	Lekaroz
43.1465	-9.0959	15092	Braño
43.1472	-1.5523	31050	Arrazcazán
43.1474	-7.2929	27046	Balonga
43.1475	-8.8829	15093	Sobreira
43.1476	-3.2844	09410	Partearroyo
43.1476	-6.5497	33011	Moral
43.1477	-4.9143	24116	Prada
43.1479	-9.0442	15092	Penedo
43.1480	-8.9612	15093	Baio Grande
43.1481	-6.5236	33011	Villarino de Limés
43.1481	-4.0173	39046	Silió
43.1482	-2.8508	48025	Zubialde
43.1483	-1.5178	31050	Elizondo
43.1484	-2.0678	20071	Santa Lutzia
43.1484	-7.0015	27018	Fonfría
43.1485	-6.8331	27035	Escanlar
43.1486	-6.6130	33011	San Damías
43.1487	-4.5936	39013	Frama
43.1488	-2.7892	48006	Olarra
43.1488	-2.7405	48026	Bikarregi
43.1489	-2.6301	48027	Santi Kurutz
43.1489	-7.3302	27046	Pol
43.1491	-2.5525	48032	Leiz-Miñota
43.1492	-6.1417	33072	Villanueva
43.1494	-1.5129	31050	Elbete
43.1494	-5.2552	33015	Pendones
43.1494	-5.7167	33002	Rueda
43.1494	-6.3351	33068	Robledo
43.1495	-6.2517	33068	Villaux
43.1497	-4.0424	39046	Molledo
43.1497	-8.9654	15093	Baio
43.1498	-6.3144	33068	Pigüeces
43.1499	-9.1517	15016	Pedrouzo
43.1499	-5.2793	33015	La Foz
43.1499	-5.9621	33053	Santa Marina
43.1500	-7.7000	27007	Virís
43.1500	-7.1667	27053	Vilares
43.1500	-3.8000	39097	Viaña
43.1500	-7.6667	27007	Valdomar
43.1500	-7.5667	27039	Taboy
43.1500	-6.9333	33027	Silvallana
43.1500	-2.6667	48026	Santa Luzia
43.1500	-7.2000	27053	Santalla
43.1500	-6.2500	33068	San Pedro
43.1500	-7.6333	27007	Saavedra
43.1500	-6.4333	33011	Rañeces de Sierra
43.1500	-8.4667	15024	Queixas
43.1500	-9.1167	15016	Puerto
43.1500	-8.9833	15093	Piroxa
43.1500	-7.0500	27018	Pereira
43.1500	-6.9333	33027	Peñafurada
43.1500	-5.7000	33002	Otero
43.1500	-3.8167	39097	Ornedillo
43.1500	-2.5333	48032	Mendraka
43.1500	-5.6833	33002	Mediavilla
43.1500	-7.4667	27010	Loentia
43.1500	-2.6333	48050	Izurtza
43.1500	-9.0833	15092	Figaredo
43.1500	-6.8500	27035	Entralgo
43.1500	-6.6667	33011	Defradas del Coto
43.1500	-7.5833	27039	Cela
43.1500	-7.7167	27007	Castro
43.1500	-8.3667	15047	Bruma
43.1500	-4.4500	39063	Bielba
43.1500	-6.9167	33027	Armilda
43.1500	-2.9333	48005	Elexalde
43.1500	-4.5167	39013	Aniezo
43.1500	-8.6000	15019	Aldemunde
43.1500	-6.5058	33011	Fonceca
43.1504	-4.3817	39089	La Lastra
43.1506	-4.5633	39013	Cambarco
43.1507	-7.3542	27046	Silva
43.1508	-4.6938	39015	Camaleño
43.1508	-8.3846	15059	O Mesón do Vento
43.1510	-5.2912	33015	Bezanes
43.1511	-4.7085	39015	Redo
43.1511	-2.6094	48001	Abadiño
43.1512	-9.1528	15016	Gándara
43.1512	-4.6766	39015	La Frecha
43.1512	-7.6864	27007	Begonte
43.1512	-6.4567	33011	La Nisal
43.1512	-6.5971	33011	El Valle
43.1513	-5.8470	33033	Palacios
43.1513	-5.6625	33002	El Torno
43.1515	-6.5376	33011	Limés
43.1515	-8.2164	15902	Os Peteiros
43.1515	-4.9210	24116	Posada de Valdeón
43.1517	-6.6897	33011	Fuentes de las Montañas
43.1517	-6.0829	33072	Berrueño
43.1518	-6.4000	33011	Los Llanos
43.1518	-5.3740	33015	La Felguerina
43.1518	-6.2204	33068	Las Orderías
43.1518	-5.6021	33002	Levinco
43.1518	-9.0590	15092	Magro
43.1518	-6.6212	33011	Abanceña
43.1518	-3.8977	39039	La Garma
43.1519	-4.6406	39015	Mieses
43.1520	-5.5822	33002	Pelúgano
43.1520	-4.3726	39089	Tudanca
43.1521	-5.7272	33002	San Miguel
43.1522	-9.0015	15092	Señoráns
43.1523	-5.9377	33053	Murias
43.1525	-5.9540	33053	Rano
43.1527	-5.8510	33033	Piedraceda
43.1527	-7.1829	27053	Outariz
43.1528	-8.7788	15029	Ferreira
43.1529	-6.2352	33068	Las Morteras
43.1532	-4.6821	39015	Baró
43.1533	-7.0204	27018	Barbeitos
43.1536	-7.1014	27018	Peinzáis
43.1538	-9.0097	15040	Viqueira
43.1540	-7.0808	27018	San Pedro
43.1542	-4.5390	39013	Luriezo
43.1542	-4.2678	39086	Colsa
43.1544	-6.1408	33072	Quintanal
43.1545	-2.0852	20041	Hernialde
43.1546	-3.2707	09410	Nava de Ordunte
43.1546	-4.9162	24116	Los Llanos
43.1546	-4.6205	39055	Potes
43.1548	-4.2535	39086	Los Tojos
43.1549	-2.5870	48001	Aresti
43.1550	-3.2246	09410	Bárcenas
43.1551	-6.4784	33011	Linares del Acebo
43.1551	-9.0066	15040	Rens
43.1551	-6.5305	33011	Castro de Limés
43.1553	-9.1368	15016	Brea
43.1555	-3.2370	09410	Santecilla
43.1555	-6.8049	33001	San Salvador
43.1556	-5.6082	33002	Vega
43.1556	-2.4068	20074	Osintxu
43.1560	-4.6613	39015	Congarna
43.1560	-6.4271	33011	Cerezaliz
43.1561	-5.9238	33053	Llanuces
43.1561	-5.3042	33015	Sobrecastiellu
43.1562	-7.2938	27046	Rixoán
43.1563	-4.6844	39015	San Pelayo
43.1563	-6.7921	33001	Collada
43.1565	-7.2027	27004	Piquín
43.1566	-3.4341	39083	El Prado
43.1566	-5.4119	33015	Caleao
43.1566	-5.8745	33033	Armada
43.1569	-3.7832	39097	Vega de Pas
43.1570	-4.6697	39015	Beares
43.1571	-4.0361	39046	Helguera
43.1571	-7.5769	27015	Sisoy
43.1572	-6.1381	33072	La Torre
43.1573	-2.7919	48006	Zelaia
43.1574	-5.9734	33053	Bárzana
43.1575	-3.7982	39097	Candolias
43.1576	-6.0840	33072	Sobrevilla
43.1577	-6.2602	33068	Las Viñas
43.1577	-2.2446	20018	Urrestilla
43.1578	-6.6686	33011	San Félix
43.1579	-8.6719	15019	Rus
43.1579	-4.7082	39015	Tanarrio
43.1580	-3.1027	01010	San Vicente
43.1583	-5.9853	33053	Coañana
43.1583	-8.9430	15093	Pombal
43.1584	-7.2651	27046	Orán
43.1584	-6.5621	33011	Llano
43.1584	-4.6488	39015	Turieno
43.1589	-8.2233	15902	Castillo
43.1590	-8.9385	15093	O Allo
43.1590	-7.8544	27022	Becín
43.1591	-4.2846	39086	El Tojo
43.1594	-6.4751	33011	Bornazal
43.1594	-2.6464	48050	Bitaño
43.1594	-5.8175	33033	El Valle
43.1596	-6.8554	27035	Ernes
43.1597	-2.2625	20018	Oñatz
43.1598	-7.7325	27007	Bóveda
43.1598	-6.2618	33068	La Riera
43.1599	-7.1358	27018	Castañoso
43.1600	-5.6688	33002	Castañedo
43.1603	-8.7398	15029	Seavia
43.1606	-5.7372	33002	Agüería
43.1607	-4.5537	39013	Cahecho
43.1608	-6.9014	33027	Pelou
43.1609	-3.2451	09410	Gijano
43.1609	-5.8288	33033	Pola de Lena
43.1609	-5.6111	33002	Escobio
43.1609	-5.3148	33015	Belerda
43.1612	-2.2056	20066	Ibarbia
43.1612	-7.5432	27010	Mos
43.1615	-5.6853	33002	Carrocera
43.1615	-5.6234	33002	Cabañaquinta
43.1616	-1.4637	31050	Pertales de Arizcun
43.1617	-5.3069	33015	Soto
43.1618	-6.0960	33072	San Martín
43.1619	-9.1462	15016	Lamastredo
43.1623	-7.8389	27022	Parga
43.1624	-2.0711	20010	Anoeta
43.1627	-7.0938	27018	Mazaeda
43.1629	-5.6807	33002	Castandiello
43.1630	-4.6984	39015	Brez
43.1633	-3.4283	48022	La Calera del Prado
43.1634	-4.6101	39022	Ojedo
43.1635	-5.0351	24106	Soto
43.1635	-6.9358	33027	Peñafuente
43.1635	-2.7788	48094	Olabarri
43.1637	-5.9793	33053	San Salvador
43.1638	-6.5583	33011	Santa Eulalia de Cueras
43.1639	-2.6048	48001	Lebario
43.1640	-6.0994	33072	La Plaza
43.1642	-7.0024	27018	Ferreiróus
43.1644	-6.9835	27018	Pántaras
43.1645	-9.0068	15040	Aplazadoiro
43.1651	-2.1740	20066	Errezil
43.1653	-3.9006	39039	Entrambasmestas
43.1654	-6.5289	33011	Borracán
43.1656	-4.0413	39046	Santa Cruz
43.1657	-7.2489	27046	Lúa
43.1658	-3.1019	48042	Allende
43.1659	-5.6314	33002	Serrapio
43.1660	-6.3172	33068	Santullano
43.1665	-2.0675	20046	Irura
43.1665	-6.5705	33011	Adralés
43.1667	-2.5333	48095	Zaldibar
43.1667	-2.7667	48094	Igorre
43.1667	-8.9167	15014	Xerne
43.1667	-8.3167	15001	Vizoño
43.1667	-7.4167	27010	Villadonga
43.1667	-8.3000	15001	Vilacoba
43.1667	-5.7500	33002	Valdefarrucos
43.1667	-1.6667	31226	Sunbilla
43.1667	-2.7667	48094	Solaguren
43.1667	-6.9167	33027	Seoane
43.1667	-6.8667	27035	Sarceada
43.1667	-4.3333	39014	Santotís
43.1667	-8.8833	15014	Sanles
43.1667	-8.6667	15019	Ramil
43.1667	-4.6000	39022	Puente Hojedo
43.1667	-8.2500	15902	Probaos
43.1667	-5.7000	33002	Piñeres
43.1667	-7.8167	27022	Parga
43.1667	-7.7333	27007	Pacios
43.1667	-2.6500	48910	Orozketa
43.1667	-2.5667	48019	Olabe
43.1667	-2.5667	48019	Olakueta
43.1667	-8.8667	15014	Nantón
43.1667	-7.0667	27018	Mazo de Lagúas
43.1667	-2.6000	48001	Matiena
43.1667	-8.2667	15902	Loureda
43.1667	-5.7167	33002	Los Torneros
43.1667	-5.9667	33053	La Villa
43.1667	-2.6167	48001	Isundegi
43.1667	-1.4500	31050	Barrio Iñarbil
43.1667	-7.6667	27007	Illán
43.1667	-2.6000	48001	Gerediaga
43.1667	-1.4500	31050	Barrio Gorostapalo Auzoa
43.1667	-7.0500	27018	Xestoso dos Calvos
43.1667	-2.5333	48095	Gazaga
43.1667	-8.1667	15902	Filgueira de Barranca
43.1667	-7.2000	27053	Figueiras
43.1667	-7.6167	27007	Felmil
43.1667	-8.7000	15029	Erbecedo
43.1667	-7.6333	27007	Damil
43.1667	-6.8167	33001	Cornollo
43.1667	-2.5667	48019	Berriz
43.1667	-7.4667	27010	Bendía
43.1667	-7.3000	27046	Belesende
43.1667	-7.4000	27010	Balmonte
43.1667	-2.6167	48001	Astola
43.1667	-7.5833	27015	Arcillá
43.1667	-7.4167	27010	Ansemar
43.1667	-8.9167	15014	Anós
43.1667	-1.4833	31050	Aintzialde
43.1667	-8.8000	15029	Agualada
43.1671	-4.9039	24116	Cordiñanes
43.1672	-2.9678	01036	Isusi
43.1674	-4.6825	39015	Lon
43.1675	-7.1492	27018	Teijeira
43.1676	-5.7378	33002	Moreda
43.1678	-4.2738	39086	Correpoco
43.1678	-5.9402	33053	Muriellos
43.1680	-5.7603	33002	Bustiellé
43.1683	-5.9946	33053	Faedo
43.1685	-5.8227	33033	San Feliz
43.1686	-4.5882	39022	Llayo
43.1687	-6.3998	33011	Ridera
43.1691	-3.8428	39097	La Gurueba
43.1691	-7.1743	27053	Cartea
43.1693	-8.3513	15021	Traviesas
43.1694	-6.7895	33001	Tremado
43.1696	-6.2416	33068	Valcárcel
43.1696	-6.6279	33011	Irrondo de Besullo
43.1697	-8.0731	15902	Martín
43.1697	-2.1959	20066	Galarraga
43.1698	-9.1193	15016	Lazo
43.1700	-5.7479	33002	Villanueva
43.1701	-7.1937	27053	Cabaceira
43.1703	-6.5358	33011	Robledo de San Cristóbal
43.1704	-8.9995	15040	Gundar
43.1705	-6.1728	33072	Taja
43.1706	-6.9925	27018	A Trousa
43.1706	-6.2715	33068	Santiago del Hermo
43.1707	-5.1768	33050	Sobrefoz
43.1711	-5.7649	33002	Boo
43.1712	-6.0079	33053	Fresnedo
43.1712	-2.6338	48027	Durango
43.1714	-6.0945	33072	Entrago
43.1714	-5.8340	33033	Muñón Fondero
43.1714	-8.9226	15014	Piñeiro
43.1718	-6.1415	33072	Campiello
43.1718	-8.9722	15093	Fornelos
43.1719	-1.8641	31117	Goizueta
43.1722	-5.4003	33015	Busprid
43.1725	-6.2580	33068	Clavillas
43.1725	-6.6616	33011	San Pedro de las Montañas
43.1726	-2.1092	20006	Alkiza
43.1727	-6.1539	33072	Urria
43.1728	-4.6618	39015	Arguebanes
43.1728	-4.5992	39022	Aliezo
43.1728	-8.2006	15902	Cesuras
43.1729	-2.4130	20065	Soraluze / Placencia de las Armas
43.1730	-6.4466	33011	Robledo de Tainás
43.1730	-4.0446	39004	La Serna
43.1731	-3.0596	01042	Beraskola
43.1733	-5.9896	33053	Arrojo
43.1733	-8.1736	15902	Trasanquelos
43.1735	-6.9657	33027	Folgosa
43.1738	-6.1087	33072	Bárzana
43.1740	-2.3454	20017	Urrategi
43.1743	-7.2974	27046	Penamazada
43.1744	-5.9796	33053	Salcedo
43.1744	-1.4837	31050	Arizkun
43.1747	-2.5464	48095	Goierri
43.1747	-6.4749	33011	Cabanal
43.1748	-7.7576	27007	Baamonde
43.1749	-5.7516	33002	Caborana
43.1749	-6.5778	33011	Villar de Adralés
43.1749	-5.7427	33002	Buciello
43.1750	-5.7463	33002	Los Collaos
43.1752	-6.9091	33027	Teijeira
43.1755	-7.3328	27046	Hermunde
43.1758	-3.5666	39083	Valcaba
43.1758	-5.9998	33053	Villagandú
43.1758	-3.0875	48042	El Pontón-Urarte
43.1758	-6.9454	33027	Monteserín Pequeño
43.1759	-2.7752	48094	Garakoi
43.1759	-5.6787	33002	Longalendo
43.1761	-9.1394	15016	Brañas Verdes
43.1764	-7.1252	27018	Silvachá
43.1765	-4.6094	39022	Armaño
43.1765	-6.9375	33027	Monteserín Grande
43.1768	-7.2100	27053	Navallos
43.1773	-6.1236	33072	Santianes
43.1773	-3.0312	48042	Zaldu
43.1773	-7.2535	27046	Villamide
43.1773	-3.8716	39039	Ocejo
43.1774	-7.0337	27018	Vilarmeán
43.1774	-2.3113	20017	Azkoitia
43.1776	-3.0799	48042	Ibarra
43.1777	-4.6006	39022	Tama
43.1777	-3.5536	39083	Bustancillés
43.1779	-2.7585	48039	Garai
43.1779	-7.0826	27018	Villamayor
43.1780	-6.4213	33011	Ambrés
43.1780	-3.4964	39083	Rehoyos
43.1781	-3.5326	39083	Villar
43.1786	-3.0760	48042	Gordexola
43.1786	-4.0942	39004	San Vicente de León
43.1792	-5.6404	33002	Orillés
43.1792	-8.9993	15040	Coens
43.1792	-4.2979	39014	Fresneda
43.1793	-5.3332	33015	Veneros
43.1793	-5.9913	33053	Casares
43.1793	-6.7736	33001	San Martín de Valledor
43.1794	-6.9434	33027	La Fornaza
43.1795	-7.4110	27010	Ameixide
43.1795	-7.2044	27053	Montefurado
43.1796	-6.6232	33011	Cerecedo de Besullo
43.1797	-3.5098	39083	Santayana
43.1797	-8.2496	15902	Figueredo
43.1797	-3.0336	01042	Ugarte
43.1798	-6.8729	27035	Río de Porto
43.1799	-5.8613	33033	Maramuñiz
43.1799	-6.1030	33072	Gradura
43.1802	-6.9856	27018	A Allonca
43.1802	-3.0743	01042	Molinar
43.1803	-9.0216	15040	Matío
43.1803	-5.8204	33033	La Vega
43.1804	-7.0655	27018	Noceda
43.1805	-4.5672	39022	San Pedro
43.1806	-6.9002	33027	Nogueirón
43.1806	-3.3606	48022	Lanzasagudas
43.1807	-8.9623	15014	Briño
43.1808	-8.8855	15014	Margarida
43.1808	-5.1058	33050	Viboli Bajo
43.1812	-4.5732	39022	Esanos
43.1813	-8.7974	15029	Castro
43.1814	-7.3702	27010	Ramil
43.1815	-9.0536	15040	Mórdomo
43.1815	-7.8051	27022	Roca
43.1817	-7.8966	27022	Guitiriz
43.1817	-2.6915	48003	Bernagoitia
43.1823	-2.5737	48019	Vera Cruz Mesedetako Misiolarien komentua / Convento de la Vera Cruz de las Mercedarias Misioneras
43.1823	-3.5686	39083	Cañedo
43.1824	-3.5529	39083	La Peña
43.1824	-5.1073	33050	Viboli Alto
43.1825	-2.2669	20018	Azpeitia
43.1825	-5.8235	33033	San Martino
43.1826	-2.0473	20075	Amasa
43.1826	-8.8570	15014	Riobó
43.1829	-3.3786	48022	Salviejo
43.1829	-5.6973	33002	Arteos
43.1829	-4.0473	39004	Arenas de Iguña
43.1829	-9.1266	15016	Santa Marina
43.1831	-5.3448	33015	Campo de Caso
43.1832	-7.3146	27046	Ferreiros
43.1833	-1.5000	31050	Barrio Zuaztoi
43.1833	-2.6333	48910	Iurreta
43.1833	-8.0333	15003	Vilarraso
43.1833	-1.4833	31050	Urrasun
43.1833	-2.7667	48094	Urkizu
43.1833	-7.6500	27007	Trobo
43.1833	-7.5167	27010	Triabá
43.1833	-9.0333	15040	Traba
43.1833	-7.3333	27046	Torneiros
43.1833	-8.3000	15001	San Paio
43.1833	-3.0833	48042	Berbikiz
43.1833	-8.1667	15902	Puente
43.1833	-8.2667	15064	Paderne
43.1833	-9.0167	15040	Nande
43.1833	-2.9000	48065	Ugao / Miraballes
43.1833	-5.9667	33053	Las Vallinas
43.1833	-3.2000	48090	La Penilla
43.1833	-5.8571	33033	La Muela
43.1833	-7.5500	27015	Lamas
43.1833	-7.9500	15032	Lagostelle
43.1833	-7.9000	27022	Lagostelle
43.1833	-7.4833	27015	Justás
43.1833	-7.4000	27010	Goberno
43.1833	-7.6667	27007	Gaibor
43.1833	-1.4500	31050	Erratzu
43.1833	-2.5000	48095	Eitzaga
43.1833	-8.2167	15902	Dordaño
43.1833	-8.9167	15014	Cotaredo
43.1833	-9.0333	15040	Cernado
43.1833	-8.4833	15024	Cerceda
43.1833	-8.2333	15902	Carres
43.1833	-6.5500	33011	Cangas del Narcea
43.1833	-8.1833	15902	Bragad
43.1833	-1.4667	31050	Bozate
43.1833	-7.5500	27015	Bestar
43.1833	-2.6667	48910	Berna
43.1833	-7.4500	27015	Beján
43.1833	-2.6167	48039	Barrainku
43.1833	-7.1667	27053	Baos
43.1833	-1.5000	31050	Azpilkueta
43.1833	-2.6000	48019	Aiartza
43.1833	-8.6667	15019	Ardaña
43.1833	-2.5833	48019	Andikoa
43.1835	-4.5824	39022	Pumareña
43.1836	-6.1116	33072	Prado
43.1837	-9.0925	15016	Camelle
43.1838	-5.8135	33033	Villallana
43.1840	-6.5651	33011	Santa Marina de Oblanca
43.1840	-3.8960	39078	Bárcena
43.1840	-4.1041	39004	Los Llares
43.1842	-6.2397	33068	Bustariega
43.1842	-8.7477	15029	Esfarrapa
43.1843	-7.1242	27018	Maderne
43.1843	-9.1092	15016	Arou
43.1843	-6.0008	33053	Toriezo
43.1845	-6.4964	33011	Villajimada
43.1846	-3.4887	39083	Pilas
43.1848	-3.8586	39097	Guzparras
43.1849	-2.4716	20030	Eibar
43.1850	-6.4600	33011	Porley
43.1852	-3.5590	39083	Lavín
43.1852	-4.2935	39014	Llendemozo
43.1853	-7.3828	27010	Azúmara
43.1853	-4.6394	39022	Viñón
43.1854	-2.0530	20075	Villabona
43.1858	-6.4467	33011	Tainás
43.1858	-5.7862	33033	Cárabanzo
43.1861	-6.7656	33001	Robledo
43.1861	-7.1986	27053	Lamas
43.1861	-6.6337	33011	Besullo
43.1863	-8.1752	15902	Regueira
43.1863	-5.8830	33058	Ríoseco
43.1865	-6.9439	33027	Llandepereira
43.1868	-6.3064	33005	Cuevas
43.1870	-6.8522	33027	Villarpedre
43.1870	-8.9710	15014	Dombate
43.1871	-3.0416	48042	Azkarai
43.1871	-6.5988	33011	Trones
43.1872	-2.4178	20065	Ezozia
43.1872	-2.5026	48034	Ermua
43.1877	-2.1020	20048	Larraul
43.1878	-6.5367	33011	Vallinas
43.1878	-7.0836	27018	Arquide
43.1878	-3.5177	39083	Veguilla
43.1880	-4.5716	39022	Salarzón
43.1881	-8.9527	15014	Borneiro
43.1883	-6.8173	33001	Paradas
43.1884	-2.5300	48058	Mallabia
43.1886	-5.0911	33050	Casielles
43.1887	-7.2624	27029	Rielo
43.1888	-7.0045	27018	Lamas de Campos
43.1889	-3.4745	39083	Fresnedo
43.1892	-4.3577	39089	Sarceda
43.1892	-2.6399	48910	Goiuria
43.1893	-5.7695	33037	Bustiello
43.1894	-4.0799	39004	Cohiño
43.1894	-3.4346		Valnera
43.1895	-4.2589	39014	Viaña
43.1896	-3.7618	39082	Pisueña
43.1902	-2.5957	48019	Sarria
43.1904	-7.8410	27022	Trasparga
43.1904	-3.5591	39083	Villaverde
43.1905	-9.0332	15040	Boaño
43.1907	-8.9572	15014	Vilaseco
43.1907	-5.1639	33050	Beleño
43.1908	-5.3861	33015	Coballes
43.1909	-4.0450	39004	San Juan de Raicedo
43.1910	-6.9211	33027	Padraira
43.1910	-2.9507	01036	Ustara
43.1910	-5.8492	33033	Muñón Cimero
43.1910	-7.2050	27053	Esqueira
43.1911	-2.0602	20028	Elbarrena
43.1912	-8.0260	15003	Castellana
43.1912	-6.7647	33001	Villasonte
43.1914	-6.0650	33052	Santa María
43.1916	-6.2820	33005	Almurfe
43.1918	-5.8837	33058	Llamo
43.1918	-5.8236	33033	Retrullés
43.1921	-4.0772	39004	San Cristóbal
43.1921	-2.8252	48033	Ereño
43.1924	-8.8105	15029	Valencia
43.1924	-3.4517	39083	Herada
43.1925	-7.0612	27018	Castañeira
43.1928	-2.6099	48039	Garai
43.1929	-2.6648	48910	Fauste
43.1929	-7.1041	27018	Linares de Maderne
43.1931	-5.7658	33037	Gramedo
43.1932	-3.5537	39083	Hazas
43.1932	-8.6559	15019	Artes
43.1933	-4.5839	39022	Cobeña
43.1934	-8.7476	15029	Javiña
43.1937	-3.9180	39026	Alceda
43.1939	-4.6329	39022	Colio
43.1939	-7.0072	27018	Fongate
43.1942	-2.6957	48003	Euba
43.1944	-2.0982	20014	Asteasu
43.1944	-5.0900	33050	Caviella
43.1944	-3.3804	48022	Aldeacueva
43.1945	-8.9028	15014	Iñaño
43.1946	-6.0813	33052	Fabar
43.1948	-5.1860	33050	Abiegos
43.1948	-9.0125	15040	Arrueiro
43.1948	-3.5654	39083	La Gandara
43.1949	-7.2010	27053	Soutelo
43.1949	-6.1392	33072	Villamayor
43.1952	-4.0550	39004	Las Fraguas
43.1953	-6.9806	27018	Allonquiña
43.1955	-7.0789	27018	O Trobo
43.1956	-6.6180	33001	Noceda
43.1958	-4.0140	39003	Barriopalacio
43.1959	-8.1316	15902	Rodeiro
43.1961	-7.2736	27029	Villar de Moros
43.1961	-6.0088	33053	Villaorille
43.1962	-2.5529	48058	Osma
43.1962	-1.7249	31022	Arantza
43.1964	-6.0015	33053	Agüeras
43.1969	-2.7845	48055	Arraño
43.1971	-8.3613	15021	Herves
43.1971	-4.6029	39022	Castro
43.1972	-2.3853	20032	Sallobente-Ermuaran
43.1973	-2.0954	20014	Elizmendi
43.1974	-5.3249	33015	Orlé
43.1974	-5.0941	33050	Biamón
43.1977	-5.1230	33050	Viego
43.1977	-3.5545	39083	San Martín
43.1979	-7.6312	27065	Joibán
43.1979	-5.2031	33050	Tanda
43.1981	-6.5808	33011	Araniego
43.1985	-3.3439	48022	Bernales
43.1986	-6.4091	33011	Cadrijuela
43.1986	-8.9688	15014	Fontefría
43.1990	-6.6139	33011	Lorante
43.1990	-6.4981	33011	Villalar
43.1990	-5.5907	33032	Tolivia
43.1992	-2.0742	20028	Zizurkil
43.1992	-2.0742	20014	Goialdea
43.1992	-6.9395	33027	Trabada
43.1992	-3.9239	39026	Ontaneda
43.1993	-8.3560	15021	Veira
43.1995	-3.1549	48096	Bolunburu
43.1996	-1.8957	31024	Arano
43.1996	-8.9247	15014	Carballal
43.1997	-6.5433	33011	Corias
43.1997	-6.3869	33011	Dagüeño
43.1998	-6.9222	33027	Castro
43.2000	-2.9333	48009	Zollo-Elexalde
43.2000	-8.2833	15001	Viones
43.2000	-2.5000	48058	Berano Txikia
43.2000	-3.2000	48090	Balmaseda
43.2000	-8.7167	15029	Traba
43.2000	-7.6000	27015	Támoga
43.2000	-8.3833	15021	Sumio
43.2000	-8.3833	15021	Souto Figueira
43.2000	-8.6333	15019	Sofán
43.2000	-8.7500	15029	San Roque
43.2000	-2.6500	48910	Oromiño
43.2000	-8.7833	15029	San Xusto
43.2000	-3.0833	48045	Santxosolo-San Pedro
43.2000	-7.1833	27053	Sadrarín
43.2000	-3.0833	48045	Errekalde
43.2000	-7.4333	27010	Quintela
43.2000	-7.7333	27022	Pígara
43.2000	-7.8333	27022	Parga
43.2000	-7.8000	27022	Parga
43.2000	-8.5500	15024	Montemaior
43.2000	-2.9167	48065	Markio
43.2000	-8.2833	15001	Leiro
43.2000	-2.8657	48097	Gutiolo
43.2000	-5.7667	33037	Grillero
43.2000	-2.5333	48058	Goita
43.2000	-7.5333	27015	Germar
43.2000	-2.7667	48003	Gandariats
43.2000	-8.3167	15001	Folgoso
43.2000	-8.4167	15024	Encrobas
43.2000	-6.7500	33001	El Provo
43.2000	-2.6333	48039	Etxeitarabe
43.2000	-8.2500	15902	Cutián
43.2000	-5.7833	33037	Cortina
43.2000	-8.7500	15029	Coristanco
43.2000	-7.2667	27029	Cabana
43.2000	-5.4500	33067	Agüés
43.2000	-5.8874	33058	Las Tejeras
43.2000	-8.7292	15029	Oca
43.2001	-7.1685	27053	Ouviaña
43.2002	-4.0203	39003	Calga
43.2003	-5.2116	33050	Taranes
43.2003	-3.5220	39083	Aja
43.2004	-3.2139	48090	Pandozales
43.2004	-8.8728	15014	Silvarredonda
43.2004	-5.9792	33053	Bermiego
43.2006	-4.4232	39063	San Sebastián
43.2007	-6.6266	33001	Forniellas
43.2007	-2.1796	20066	Erdoizta
43.2007	-7.3327	27046	Ferreiros
43.2008	-6.3591	33073	Azorera
43.2008	-6.4471	33011	Castiello
43.2010	-6.8175	33001	Busvidal
43.2011	-5.8056	33037	Ubriendes
43.2011	-3.1359	48096	Sollano
43.2012	-3.3971	48022	Presa
43.2014	-4.6104	39022	Pendes
43.2014	-2.8157	48092	Utxarain
43.2015	-3.4884	39083	La Revilla
43.2018	-1.4785	31050	Amaiur / Maya
43.2021	-3.0663	48045	Goikouria
43.2021	-3.5618	39083	Astrana
43.2021	-2.8755	48097	Burbustu-Altamira
43.2023	-3.5040	39083	Regules
43.2023	-3.6979	39072	La Concha
43.2024	-6.0760	33052	Bustiello
43.2026	-4.0043	39003	Cotillo
43.2026	-5.5235	33032	Fombermeja
43.2026	-6.5156	33011	Carceda
43.2030	-5.8109	33037	Casares
43.2033	-6.5858	33001	Parajas
43.2033	-5.4449	33067	Ladines
43.2035	-6.8782	33027	Robledo
43.2036	-7.2628	27029	Irimia Baja
43.2036	-3.1650	48096	Herrera
43.2037	-2.0244	20006	Goiburu
43.2037	-2.0503	20002	Aduna
43.2038	-5.3897	33015	Abantro
43.2039	-5.8877	33058	San Adriano
43.2042	-4.3036	39014	Renedo
43.2042	-6.0077	33053	Aciera
43.2043	-8.8927	15014	Cundins
43.2043	-7.1511	27018	Torviso
43.2045	-3.0477	48045	Sodupe
43.2045	-2.4474	20030	Arrate
43.2046	-3.3620	48022	Bustillo de Sierra
43.2049	-6.2231	33005	Montovo
43.2050	-7.3765	27010	O Candal
43.2050	-3.4615	39083	La Cistierna
43.2053	-6.4402	33011	Nando
43.2054	-6.0137	33053	Perueño
43.2054	-6.6445	33001	Comba
43.2055	-6.9053	33027	Valdedo
43.2055	-4.0476	39004	Bostronizo
43.2055	-5.7906	33037	Ujo
43.2056	-3.9547	39026	Esponzues
43.2057	-3.9195	39078	Vejorís
43.2058	-2.7754	48055	Arraibi
43.2060	-7.2222	27053	Meiroy
43.2062	-2.0339	20009	Ubilluts
43.2063	-5.5652	33032	Fechaladrona
43.2064	-6.5880	33001	Argancinas
43.2066	-5.4005	33015	Tanes
43.2067	-3.4210	48022	Arabuste
43.2070	-8.8861	15014	Rieiro
43.2071	-6.8877	33027	Escanlares
43.2071	-8.1470	15902	Bandoja
43.2071	-3.1301	48096	Llantada
43.2072	-7.0694	27018	Vilaframil
43.2077	-3.3562	48022	El Cuadro
43.2079	-2.3450	20017	Madariaga
43.2081	-2.7904	48055	Durandio
43.2081	-6.4795	33011	Villaoril de Sierra
43.2083	-6.5305	33011	San Pedro de Corias
43.2083	-3.9382	39026	San Vicente de Toranzo
43.2084	-5.9963	33053	Tene
43.2084	-6.7583	33001	O Enxertal
43.2087	-2.8143	48092	Eroso-Ugarte
43.2087	-7.4003	27010	Castro de Rei
43.2088	-8.9591	15014	Ures
43.2089	-2.7830	48055	Zubieta
43.2089	-5.7749	33037	Peñule
43.2094	-5.3501	33015	Bueres
43.2096	-3.3690	48022	Sierra
43.2097	-6.3548	33073	Genestaza
43.2098	-5.5468	33032	Grandiella
43.2100	-5.3609	33015	Govezanes
43.2101	-2.8856	48011	Arrigorriaga
43.2104	-2.0351	20009	Sorabilla
43.2104	-7.0107	27018	Vilarchao
43.2106	-7.0520	27018	Labeada
43.2109	-6.6346	33001	Iboyo
43.2109	-7.2653	27029	Irimia Alta
43.2111	-8.0528	15003	Montesalgueiro
43.2111	-6.2853	33005	San Esteban
43.2112	-3.3248	48022	Montañán
43.2112	-7.4364	27010	Coea
43.2112	-2.7706	48055	Lemorieta
43.2113	-5.7794	33037	Figaredo
43.2114	-4.3013	39014	Selores
43.2114	-5.8346	33037	Villaestremerí
43.2115	-3.0966	48096	Aranguren
43.2115	-5.7963	33037	Villar
43.2119	-8.9115	15014	Cabana
43.2119	-7.4109	27010	Santa Leocadia
43.2119	-2.8373	48036	Ordaña
43.2120	-6.9704	33027	La Coba
43.2120	-5.7471	33037	Villabazal
43.2123	-4.6171	39022	Cabañes
43.2124	-7.3678	27010	Prevesos
43.2125	-8.2327	15001	Cullergondo
43.2125	-3.0950	48045	Güeñes
43.2126	-5.3742	33015	Prieres
43.2128	-5.5496	33032	Campomojado
43.2130	-8.6910	15019	Carballo
43.2131	-5.3367	33015	Nieves
43.2132	-6.4424	33011	Santiago de Sierra
43.2133	-1.7965	31117	Artikutza
43.2133	-4.0051	39003	Villasuso
43.2134	-7.2937	27029	Meira
43.2138	-3.8056	39082	Selaya
43.2140	-6.4967	33011	Biescas
43.2141	-3.4254	48022	Sangrices
43.2141	-3.4789	39083	Incedo
43.2141	-2.4394	20032	Idotorbe (San Pedro)
43.2142	-3.3591	48022	Manzaneda de Sierra
43.2142	-8.1851	15902	Parada
43.2145	-5.5890	33032	Caúcia
43.2146	-8.9365	15014	Sinde
43.2147	-6.5710	33001	Lomes
43.2147	-5.0941	33050	San Ignacio
43.2148	-3.7565	39082	Bustantegua
43.2150	-7.0560	27018	Villalba
43.2150	-3.4893	39083	Rozas
43.2152	-4.5864	39022	Lebeña
43.2152	-8.8841	15014	Esto
43.2153	-3.4619	39083	San Juan
43.2153	-6.2619	33005	Agüera
43.2153	-4.5976	39022	Allende
43.2153	-5.6995	33037	Armiello
43.2154	-8.7935	15029	Cereo Vello
43.2155	-6.8757	33027	Grandas de Salime
43.2157	-6.2846	33005	Villar de Zuepos
43.2158	-3.9709	39026	Castillo-Pedroso
43.2160	-2.4133	20032	Elgoibar
43.2160	-2.2564	20027	Lasao
43.2161	-2.8121	48092	Murtatza
43.2162	-6.9938	33062	Nonide
43.2162	-5.6696	33037	Urbiés
43.2163	-5.5658	33032	Villoría
43.2163	-5.5481	33032	Pumarada
43.2166	-8.6468	15019	Berdillo
43.2166	-2.0253	20009	Andoain
43.2167	-2.8667	48097	Zaratamo
43.2167	-2.8000	48092	Bedia
43.2167	-8.4833	15041	Soandres
43.2167	-8.7167	15019	Sísamo
43.2167	-8.3333	15001	Sarandones
43.2167	-6.0333	33052	Santullano
43.2167	-2.7667	48055	San Inazio
43.2167	-6.8333	33027	Salime
43.2167	-8.1500	15902	Reboredo
43.2167	-8.3667	15021	Quembre
43.2167	-8.2667	15001	Presedo
43.2167	-7.6167	27015	Pino
43.2167	-8.3667	15021	Paleo
43.2167	-8.1833	15902	Oza dos Ríos
43.2167	-8.3333	15001	Montouto
43.2167	-7.4833	27015	Momán
43.2167	-8.4333	15024	Meirama
43.2167	-8.2000	15902	Mandaio
43.2167	-5.7500	33037	Los Valles
43.2167	-5.7333	33037	Linares
43.2167	-2.8667	48097	Larikao
43.2167	-5.7333	33037	La Ceposa
43.2167	-2.7167	48003	Ibarra
43.2167	-2.5500	48058	Gerea
43.2167	-8.1000	15003	Fervenzas
43.2167	-2.7000	48003	Dudagoitia
43.2167	-7.5500	27015	Cospeito
43.2167	-8.9167	15014	Cesullas
43.2167	-8.8000	15029	Cereo
43.2167	-4.9000	24116	Caín
43.2167	-8.3167	15015	Cabanas
43.2167	-2.7333	48003	Amorebieta
43.2167	-2.7000	48003	Alakao
43.2167	-8.2833	15001	Abegondo
43.2169	-5.4685	33067	Villamorey
43.2169	-3.3748	48022	San Esteban
43.2172	-3.3357	48022	Cézura
43.2173	-5.8186	33037	Cenera
43.2174	-8.9401	15014	A Telleira
43.2178	-7.2924	27029	Pena
43.2178	-6.5780	33001	Tarallé
43.2180	-6.2783	33005	Quintanal
43.2183	-6.4004	33011	Mieldes
43.2184	-5.0961	33050	Canisquezo
43.2186	-7.2088	27053	San Jorge
43.2187	-6.0714	33052	Toral
43.2188	-3.5291	39083	San Pedro
43.2189	-6.0380	33052	Caranga
43.2189	-5.6172	33032	Merujal
43.2190	-6.8971	33027	Vilabolle
43.2191	-6.5155	33011	Castrosín
43.2194	-1.9197	20040	Pagoaga
43.2195	-5.8288	33037	Villar de Gallegos
43.2196	-6.3727	33073	Los Tornos
43.2196	-7.2697	27029	Grañanova
43.2197	-6.4200	33011	Becerrales
43.2198	-6.6157	33001	Abaniella
43.2198	-5.7291	33037	A Cabana
43.2199	-3.4392	48051	Lanestosa
43.2199	-8.9582	15014	Candoás
43.2200	-3.9316	39078	San Martín
43.2201	-7.2294	27029	Seixosmil
43.2201	-5.7504	33037	El Requejo
43.2202	-9.0063	15040	Laxe
43.2202	-6.8024	33027	La Mesa
43.2202	-7.2034	27053	Acebedo
43.2203	-8.3351	15001	Figueroa
43.2204	-4.1117	39021	Villasuso
43.2204	-6.4669	33011	Villadestre
43.2206	-7.2858	27029	Paredes
43.2206	-6.4552	33011	Onón
43.2210	-5.4548	33067	Ríoseco
43.2210	-4.3030	39014	Terán
43.2211	-4.0900	39021	Villayuso
43.2211	-5.5324	33032	Acebal
43.2212	-2.8692	48097	Uriondo
43.2212	-8.8782	15014	Beres
43.2213	-3.8240	39098	Tezanos
43.2214	-3.8345	39098	Tezanillos
43.2217	-2.8157	48036	Usansolo
43.2217	-6.2505	33005	Agüerina
43.2218	-5.7817	33037	Santullano
43.2221	-2.4934	20030	Aginaga
43.2225	-3.3572	48022	Concha
43.2226	-3.4063	48022	Treto
43.2230	-3.9485	39026	Villegar
43.2231	-3.3142	48022	La Cerca
43.2233	-7.3139	27044	Fuenmiñana
43.2234	-4.3868	39063	Rozadío
43.2240	-5.8194	33037	Canga de Abajo
43.2240	-3.0210	48045	La Cuadra de Arriba
43.2243	-3.3950	48022	San Ciprián
43.2243	-8.9130	15014	Neaño
43.2244	-7.0861	27018	Villardíaz
43.2248	-5.1909	33050	Carangas
43.2249	-6.6085	33001	Villaverde
43.2250	-6.3145	33005	Abedul
43.2252	-6.2196	33005	Llamoso
43.2253	-1.7005	31259	Igantzi
43.2253	-7.1378	27018	Gromaz
43.2253	-5.8860	33058	Muriellos
43.2253	-2.1930	20027	Altzola
43.2254	-3.2604	48008	Górgolas
43.2255	-5.8639	33058	La Juncar
43.2256	-6.5568	33001	Otero
43.2257	-4.3004	39014	Valle
43.2257	-6.9540	33061	Villarquille
43.2258	-8.6784	15019	Bertoa
43.2260	-3.2721	39101	La Altura
43.2260	-7.0722	27018	Linares de Villafurada
43.2261	-8.5686	15041	Golmar
43.2261	-2.8196	48036	Urgoiti
43.2263	-3.3811	48022	Otides
43.2264	-3.6821	39083	Valdició
43.2265	-5.8261	33037	Canga de Arriba
43.2267	-7.1897	27053	Mestre
43.2269	-7.2109	27053	Cuiñas
43.2276	-6.1815	33026	Tolinas
43.2276	-6.9144	33027	Villamarzo
43.2277	-7.0404	33062	La Trapa
43.2278	-3.8427	39098	Pedroso
43.2279	-3.3600	48022	La Revilla
43.2280	-7.3388	27044	Pousada
43.2281	-2.8627	48097	Arkotxa
43.2282	-8.8434	15014	Corcoesto
43.2285	-3.8106	39098	Villacarriedo
43.2285	-3.6034	39083	Asón
43.2286	-3.3552	48022	Ahedo
43.2286	-5.6979	33037	San Justo
43.2286	-8.3554	15021	Carral
43.2287	-5.8759	33058	Fresneo
43.2288	-6.7415	33001	Villardejusto
43.2291	-7.0572	27018	Outonáis
43.2292	-2.3976	20032	Carquizano
43.2293	-3.8750	39098	Aloños
43.2293	-5.5204	33032	Lorío
43.2294	-3.1617	48086	Avellaneda
43.2294	-3.4800	39083	Manzaneda
43.2297	-1.6761	31259	Berrizáun
43.2298	-4.2921	39014	Sopeña
43.2300	-8.8891	15068	Anllóns
43.2304	-2.8351	48036	Kurtzea
43.2307	-2.8429	48036	Galdakao
43.2307	-6.2761	33005	Cigüedres
43.2308	-6.4512	33011	Tandes
43.2312	-3.3582	48022	Karrantza Harana / Valle de Carranza
43.2313	-5.5352	33032	Riboto
43.2317	-5.4610	33067	Campiellos
43.2317	-3.9341	39078	Acereda
43.2322	-6.1735	33026	Las Villas
43.2323	-2.4343	20032	Aiastia (San Migel)
43.2326	-5.5007	33032	Soto de Lorío
43.2326	-6.5248	33011	El Puelo
43.2327	-7.0867	27018	San Martín de Robledo
43.2329	-6.7699	33001	Berducedo
43.2330	-4.7490	33008	Sotres
43.2332	-7.1280	27018	Sequeiro
43.2333	-7.1387	27018	Carballido
43.2333	-5.5557	33032	Entralgo
43.2333	-4.2812	39066	Lamiña
43.2333	-3.0167	48045	Zaramillo
43.2333	-7.8500	27022	Villares
43.2333	-7.5833	27015	Vilapene
43.2333	-7.1167	27018	Vilar
43.2333	-8.7833	15029	Verdes
43.2333	-8.5500	15041	Soutullo
43.2333	-7.6000	27015	Seijas
43.2333	-7.5333	27015	Santa Cristina
43.2333	-6.5833	33001	San Martín de Beduledo
43.2333	-8.2000	15902	Salto
43.2333	-5.5000	33032	Salices
43.2333	-7.5000	27015	Roás
43.2333	-8.1167	15027	Ois
43.2333	-8.0500	15003	Muniferral
43.2333	-2.9167	48020	Montefuerte
43.2333	-8.2500	15001	Meangos
43.2333	-2.6333	48067	Maume
43.2333	-8.2667	15001	Mabegondo
43.2333	-6.5833	33001	La Vega
43.2333	-3.2167	48008	Laiseca
43.2333	-7.6833	27065	Ladra
43.2333	-7.7167	27065	Insúa
43.2333	-2.7833	48036	Gumuzio
43.2333	-8.7333	15019	Goyanes
43.2333	-6.9833	33062	Ferreira
43.2333	-2.6833	48067	Esturu
43.2333	-3.1333	48096	Zalla
43.2333	-8.2167	15902	Cuiña
43.2333	-8.2333	15902	Cos
43.2333	-8.2333	15902	Cines
43.2333	-8.2667	15001	Cerneda
43.2333	-8.7333	15019	Cances
43.2333	-2.8167	48036	Bekea
43.2333	-3.1833	48086	Bezi
43.2333	-7.4333	27010	Bazar
43.2333	-4.2667	39066	Barcenillas
43.2333	-6.4500	33011	Anderbe
43.2333	-2.8833	48020	Ametzola
43.2333	-3.0833	48037	Amabizkar
43.2334	-8.1635	15027	Lesa
43.2334	-6.8700	33027	Santa María
43.2336	-6.9140	33027	Villarmayor
43.2337	-8.3256	15021	Cañás
43.2338	-1.6367	31082	Etxalar
43.2338	-5.9033	33058	El Cabornín
43.2339	-5.8835	33058	Doña Juandi
43.2340	-3.3409	48022	El Callejo
43.2341	-7.3089	27044	Outeiro
43.2341	-3.9825	39026	Quintana
43.2345	-2.2261	20027	Aizarna
43.2347	-6.7390	33001	Armenande
43.2347	-8.0170	15003	Aranga
43.2347	-3.7018	39072	San Roque de Ríomiera
43.2347	-6.9279	33027	Magadán
43.2349	-2.6679	48067	Untxigoiti
43.2351	-4.8201	33008	Bulnes
43.2352	-7.2737	27029	Leiras
43.2352	-6.7995	33001	La Figuerina
43.2353	-6.4294	33011	Valcabo
43.2354	-4.5503	39049	Cicera
43.2355	-2.1248	20016	Andatza
43.2357	-3.9528	39026	Borleña
43.2358	-6.4773	33011	San Pedro de Coliema
43.2358	-6.5627	33001	Linares
43.2359	-8.6528	15019	Queo de Abaixo
43.2361	-5.5255	33032	Muñera
43.2363	-3.0883	48037	Lexartzaga
43.2363	-6.4554	33011	San Martín
43.2365	-2.4007	20032	Altzola
43.2367	-2.7506	48003	Agirre
43.2368	-6.0815	33052	Folgueras
43.2368	-5.5050	33032	Condado
43.2368	-2.8811	48015	Arizgoiti
43.2369	-6.2489	33005	Castañera
43.2371	-2.8676	48036	Agirre-Aperribai
43.2371	-2.4932	48060	Barinaga
43.2372	-2.1483	20016	Aia
43.2372	-5.6425	33060	Los Caleyos
43.2373	-3.8426	39098	Santibáñez
43.2375	-7.2453	27029	Murias
43.2376	-3.4506	39057	La Pared
43.2378	-3.2680	39101	Laiseca
43.2382	-3.9395	39078	Santiurde de Toranzo
43.2382	-3.3809	48022	Matienzo
43.2384	-8.3843	15031	Castelo
43.2384	-3.3347	48022	Manzaneda de Biáñez
43.2385	-5.6372	33060	Seca del Agua
43.2385	-8.8313	15068	Langueirón
43.2386	-6.5398	33001	Arganzúa
43.2386	-6.6289	33001	Prada
43.2386	-5.5376	33032	Celleruelo
43.2391	-6.0447	33052	Proacina
43.2392	-2.7501	48003	Boroa
43.2394	-6.5036	33011	Tebongo
43.2395	-6.3546	33073	Puentecastro
43.2396	-6.0124	33052	Villamejín
43.2396	-8.7470	15019	Cances da Vila
43.2396	-6.5853	33001	Celón
43.2397	-2.8858	48015	Basauri
43.2397	-2.8706	48036	Urbi
43.2397	-2.2579	20027	Zestoa
43.2398	-3.8663	39098	Soto
43.2400	-7.2979	27029	Piñeiro
43.2400	-4.0964	39021	Collado
43.2401	-6.1715	33026	Noceda
43.2401	-5.5729	33032	Mardana
43.2405	-6.9545	33061	Perdigueiros
43.2406	-8.6016	15041	Vilaño
43.2407	-2.5101	48060	Iturreta
43.2407	-2.8844	48015	Beaskoetxealdeko parkea
43.2408	-3.2153	48008	Traslaviña
43.2408	-5.9140	33058	Grandiella
43.2412	-2.9197	48011	Abusu / La Peña
43.2414	-3.3461	48022	Biáñez
43.2415	-5.7549	33037	Tablado
43.2415	-6.7369	33001	Carcedo
43.2416	-6.6171	33001	Santullano
43.2416	-5.4958	33032	Aldea
43.2417	-5.2550	33050	Valle del Moro
43.2418	-3.3642	48022	Molinar
43.2420	-1.9401	20040	Ereñotzu
43.2422	-7.1029	27018	Louteiro
43.2424	-3.1006	48037	Txabarri
43.2425	-5.6337	33060	El Escobal
43.2425	-7.0747	27018	Vilagudel
43.2425	-8.3424	15021	Sergude
43.2426	-7.2039	27029	Piñeiro
43.2429	-4.4999	39034	Cires
43.2431	-4.6464	39022	Bejes
43.2432	-7.0315	33062	Villamartín
43.2433	-8.9008	15068	Ponteceso
43.2434	-2.5363	48915	Arta
43.2435	-8.2310	15902	Vivente
43.2436	-3.8281	39098	Bárcena de Carriedo
43.2436	-5.7555	33037	Brañanoveles
43.2437	-3.1071	48037	Larrea
43.2439	-4.5616	39049	Piñeres
43.2440	-6.5991	33001	Villagrufe
43.2440	-2.6716	48067	Burdaria
43.2440	-5.0746	33003	Amieva
43.2443	-6.2132	33005	San Martín
43.2443	-4.4891	39034	Río
43.2444	-7.0889	27018	Vega de Logares
43.2447	-5.9001	33058	Porcío
43.2448	-3.2646	39101	La Matanza
43.2448	-2.9876	48912	Alonsotegi
43.2448	-3.8132	39098	Abionzo
43.2450	-8.5429	15041	Coiro
43.2453	-5.7854	33037	Ribono
43.2454	-5.5629	33032	Pola de Laviana
43.2454	-7.3018	27044	San Cosme
43.2456	-7.3563	27044	Baltar
43.2456	-5.5011	33032	Boroñes
43.2457	-3.9477	39026	Prases
43.2458	-3.3580	48022	Bollain
43.2459	-3.2022	48008	Santelices
43.2459	-8.8918	15068	Trabe
43.2460	-3.8727	39100	Bustillo
43.2463	-6.8328	33001	Murias
43.2464	-7.6643	27065	Nete
43.2465	-4.0624	39025	Somahoz
43.2465	-5.1021	33003	Cien
43.2467	-6.0037	33052	San Martín
43.2469	-8.4068	15031	Celas
43.2469	-3.2739	39101	Villanueva
43.2470	-7.7177	27065	Torre
43.2470	-8.1960	15902	Porzomillos
43.2472	-5.6266	33060	La Rebollada
43.2473	-8.7348	15019	Cances Grande
43.2473	-7.0113	33062	Ferreirela
43.2473	-1.9908	20072	Urnieta
43.2476	-2.9879	48912	Irauregi
43.2476	-2.1630	20016	Laurgain
43.2478	-6.5117	33073	Agüera de Carriles
43.2480	-1.9513	20069	Fagollaga
43.2480	-2.1977	20016	Urdaneta
43.2482	-8.8471	15068	Tallo
43.2485	-6.8796	33048	Cela
43.2486	-3.6086	39007	Val de Asón
43.2489	-7.3110	27044	Fontela
43.2489	-8.3605	15021	Tabeayo
43.2493	-3.3255	48022	Herboso
43.2495	-6.4288	33011	Llamas del Mouro
43.2497	-3.8582	39100	La Canal
43.2498	-3.6830	39067	Calseca
43.2500	-6.5667	33073	Villavaser
43.2500	-8.3000	15021	Vigo
43.2500	-8.4167	15031	Veiga
43.2500	-5.1000	33003	Vega de Sella
43.2500	-6.7000	33001	Vallinadosa
43.2500	-4.2500	39066	Ucieda de Arriba
43.2500	-8.8833	15068	Tella
43.2500	-6.7667	33001	Teijedo
43.2500	-8.3500	15021	Tabeaio
43.2500	-7.5667	27015	Sistallo
43.2500	-2.8000	48052	Sarrikolea
43.2500	-3.1000	48037	San Pedro Galdames
43.2500	-2.4667	48030	Erbera
43.2500	-6.4667	33011	Portiella
43.2500	-6.8667	33048	Pesoz
43.2500	-7.0667	27018	Pandela
43.2500	-8.7000	15019	Oza
43.2500	-7.4167	27010	Otero
43.2500	-8.1167	15027	Ois
43.2500	-6.0333	33052	Murias
43.2500	-7.4333	27015	Muimenta
43.2500	-8.2000	15902	Mondoy
43.2500	-5.7667	33037	Mieres
43.2500	-6.9833	33061	Martul
43.2500	-8.2333	15001	Limiñón
43.2500	-8.5500	15041	Lestón
43.2500	-1.7000	31153	Lesaka
43.2500	-6.7667	33001	La Grandera
43.2500	-2.6667	48067	Ibarruri
43.2500	-8.0833	15003	Feás
43.2500	-8.5167	15041	Erboedo
43.2500	-6.0333	33052	Encorrada
43.2500	-5.7333	33037	El Cadabal
43.2500	-8.9167	15068	Cospindo
43.2500	-8.1000	15039	Coruxou
43.2500	-8.1667	15027	Coirós
43.2500	-8.0833	15039	Churío
43.2500	-2.5667	48915	Goierria Ziortza
43.2500	-8.6167	15041	Cabovilaño
43.2500	-6.7833	33001	Bojo
43.2500	-2.7667	48052	Belarrinaga
43.2500	-6.7167	33001	Arbeyales
43.2500	-8.3333	15017	Andeiro
43.2500	-3.1500	48086	Ametz
43.2500	-7.2833	27044	Ameijide
43.2500	-2.6500	48067	Aiuria
43.2500	-7.1833	27053	Acebo
43.2501	-6.8640	33048	Sanzo
43.2503	-5.8707	33038	Lugar de Arriba
43.2503	-6.4652	33011	Pambley
43.2507	-2.3336	20029	Lastur
43.2507	-4.5311	39034	Los Pumares
43.2507	-3.3820	48022	La Cadena
43.2509	-6.1203	33078	Villarruiz
43.2510	-6.3486	33073	Espinaredo
43.2510	-5.1205	33003	Argolibio
43.2510	-3.1042	48039	Garai
43.2511	-5.5446	33032	Casapapío
43.2511	-7.0758	27018	Braña
43.2511	-3.3711	48022	Rioseco
43.2513	-3.2207	48008	San Miguel de Linares
43.2513	-6.1275	33078	Villabre
43.2514	-5.5718	33032	Carrio
43.2514	-4.6000	39049	Caldas
43.2515	-4.4756	39034	Quintanilla
43.2517	-7.1303	27018	Lentomil
43.2518	-6.0163	33052	Proaza
43.2520	-3.8909	39100	Rasillo
43.2521	-6.9261	33061	San Pelayo
43.2521	-4.4125	39063	Ríoseco
43.2522	-3.3380	48022	Las Llamas
43.2523	-4.5795	39049	Navedo
43.2525	-2.3853	20901	Garagartza
43.2526	-3.3335	48022	Paúles
43.2527	-4.4839	39034	Sobrelapeña
43.2527	-6.3601	33073	Torayo
43.2529	-3.7308	39072	Merilla
43.2529	-7.2073	27029	Corota
43.2530	-5.1929	33050	Priesca
43.2530	-7.3281	27044	Crecente
43.2531	-2.2722	20027	Arroa Goia
43.2531	-1.9457	20040	Epela
43.2531	-5.3977	33015	Las Tablas
43.2533	-2.3857	20901	Mendaro
43.2533	-8.8961	15068	Lestimoño
43.2533	-6.7322	33001	Lago
43.2535	-5.7889	33037	Seana
43.2535	-2.9161	48020	Santutxu
43.2535	-4.4067	39063	Puentenansa
43.2535	-7.0459	33062	Ventoso
43.2535	-7.0206	33062	Sualleiro
43.2535	-5.8704	33038	Lugar de Abajo
43.2536	-4.4165	39063	Pedreo
43.2537	-5.7309	33037	El Cabañín
43.2537	-6.5036	33073	Rozadiella
43.2537	-5.5051	33032	La Sierra
43.2537	-8.5854	15019	Laracha
43.2538	-2.8831	48029	Legizamon
43.2539	-5.5400	33032	Ortigosa
43.2541	-2.4778	48030	Etxebarria
43.2542	-4.3586	39014	Carmona
43.2542	-2.3884	20901	Azpilgoeta
43.2542	-4.5102	39034	Lafuente
43.2543	-5.5508	33032	Portillas
43.2544	-4.4232	39063	Obeso
43.2546	-5.6205	33060	Santa Bárbara
43.2547	-4.0786	39025	Lobado
43.2548	-6.2472	33005	Vigaña de Arcello
43.2548	-2.2607	20027	Iraeta
43.2548	-4.3968	39063	Cabrojo
43.2548	-4.5644	39049	Roza
43.2548	-2.6903	48067	Zugastieta
43.2551	-6.4598	33011	Jarceley
43.2551	-7.6298	27065	Oleiros
43.2552	-4.6141	39049	La Hermida
43.2553	-4.5870	39049	Linares
43.2553	-7.2246	27054	Pontigo
43.2554	-2.0187	20902	Oria
43.2556	-5.2047	33050	Tribierto
43.2559	-2.2361	20003	Aizarnazabal
43.2559	-8.6905	15019	Oza Bella
43.2560	-6.5462	33073	Eiros
43.2561	-8.7849	15068	Jornes
43.2564	-3.9324	39078	Villasevil
43.2564	-6.0443	33052	Candeal
43.2565	-3.4905	39057	Helguero
43.2565	-6.3378	33005	Abango
43.2566	-3.7288	39045	La Toba
43.2566	-2.5530	48915	Zeinka-Zearregi
43.2567	-8.5847	15041	Torás
43.2567	-3.2636	39101	Palacio
43.2568	-5.0891	33003	San Román
43.2570	-5.8774	33038	Otura
43.2570	-5.9945	33052	Serandi
43.2570	-5.2008	33050	Sellaño
43.2572	-3.4652	39057	Ramales de la Victoria
43.2574	-5.9765	33053	Rebollada
43.2574	-5.9211	33038	Busloñe
43.2575	-3.8498	39100	Vega
43.2575	-4.6677	39088	Tresviso
43.2576	-8.2348	15009	Requián
43.2579	-7.1765	27053	Pena de Cabras
43.2581	-7.0009	33062	San Julián
43.2581	-7.3790	27010	Pacios
43.2581	-6.2166	33005	Ondes
43.2581	-7.6738	27065	Noche
43.2582	-7.2031	27048	Navallo
43.2583	-4.2679	39066	Ruente
43.2583	-3.0909	48037	Laia
43.2583	-4.0551	39069	Posajo Penías
43.2584	-8.5612	15041	Lestón
43.2585	-8.6415	15019	Lemaio
43.2587	-8.8944	15068	Graña
43.2589	-6.6059	33001	Cereceda
43.2589	-3.8777	39100	San Martín
43.2590	-5.1435	33003	Villaverde
43.2593	-3.3554	48022	Santecilla
43.2593	-2.7025	48067	Gorozika
43.2594	-3.1927	48086	Olabarrieta / Labarrieta
43.2595	-6.8327	33001	San Emiliano
43.2595	-5.8685	33038	Corras de la Puente
43.2595	-7.0190	33062	Santa Eulalia de Oscos
43.2595	-5.1792	33003	Eno
43.2595	-7.2406	27054	Courel
43.2596	-3.2262	48008	La Toba
43.2596	-4.8359	33008	Camarmeña
43.2597	-3.8361	39081	Saro
43.2598	-3.1368	48086	Arce
43.2599	-5.5735	33032	Los Barreros/Barredos
43.2602	-5.7131	33037	El Sordán
43.2604	-7.7115	27065	Alba
43.2604	-3.7888	39081	Coterillo
43.2604	-8.8240	15068	Pazos de Abajo
43.2605	-2.6390	48062	Albiz
43.2606	-3.4447	39057	Guardamino
43.2607	-3.7141	39045	Ajanedo
43.2608	-8.8992	15068	Carballido
43.2609	-5.2232	33050	Ambingue
43.2610	-3.8087	39081	Llerana
43.2610	-5.8400	33037	La Rociella
43.2612	-2.7957	48052	Larrabetzu
43.2612	-7.3216	27044	Gueimonde
43.2614	-5.7776	33037	Sueros
43.2615	-3.0894	48037	Ledo
43.2616	-3.3711	48022	Ranero
43.2618	-6.9116	33061	Ventosa
43.2618	-6.5916	33001	Valbona
43.2621	-5.2112	33050	Cazo
43.2622	-3.1540	48086	Mercadillo
43.2622	-6.3227	33005	Alcedo
43.2623	-5.5262	33032	Rebollada
43.2624	-3.1551	48086	Sopuerta
43.2624	-4.7748	33008	Tielve
43.2626	-3.5941	39007	Rocías
43.2627	-8.8188	15068	Pazos de Arriba
43.2627	-6.1569	33026	Villamarín
43.2627	-2.9253	48020	Bilbao
43.2628	-7.8476	27022	Buriz
43.2629	-8.1730	15027	Colantres
43.2630	-3.0171	48013	Errekatxo / El Regato
43.2630	-6.8701	33048	Francos
43.2630	-6.1968	33005	Dolia
43.2633	-5.7184	33037	Santa Rosa
43.2634	-2.6600	48067	Berroia
43.2636	-7.2106	27054	Galegos
43.2636	-4.0726	39025	Los Corrales de Buelna
43.2638	-2.1679	20079	Urteta
43.2642	-2.9588	48020	Olabeaga
43.2642	-3.6089	39007	Socueva
43.2645	-6.7702	33001	Corondeño
43.2645	-3.9152	39100	Argomeda
43.2645	-5.6815	33031	La Mosquitera
43.2646	-6.5355	33073	Las Cabañas
43.2646	-3.2009	48086	Olabarrietagoikoa / Las Barrietas Altas
43.2647	-5.1532	33003	Pen
43.2651	-5.5478	33032	Sertera
43.2653	-8.9632	15068	Corme-Porto
43.2654	-6.4947	33073	Arganza
43.2655	-8.4174	15031	Ledoño
43.2655	-5.8653	33038	Porrimán
43.2655	-6.6962	33001	Montefurado
43.2656	-2.2017	20079	Elkano
43.2656	-3.8937	39100	Villafufre
43.2658	-6.1458	33026	Bárzana
43.2659	-6.9624	33061	San Martín de Oscos
43.2660	-3.1068	48037	Atxuriaga / La Aceña
43.2662	-1.9762	20040	Hernani
43.2662	-8.5470	15005	A Groba de Abaixo
43.2662	-3.8616	39100	Susvilla
43.2662	-3.2338	48008	Santa Cruz
43.2663	-3.7353	39045	Solana
43.2664	-3.1069	48037	Vistalegre
43.2666	-6.5564	33073	Ablaneda
43.2666	-7.2755	27044	Marco Bajo
43.2666	-5.3989	33015	Tozo
43.2667	-7.0983	27018	Cabanas
43.2667	-6.9167	33061	Villarpille
43.2667	-8.1500	15064	Villamorel
43.2667	-6.9333	33061	Villamañe
43.2667	-8.3167	15017	Santa María de Vigo
43.2667	-8.0500	15039	Verines
43.2667	-7.0000	33075	Vega del Carro
43.2667	-7.2333	27054	Valquente
43.2667	-4.2500	39066	Ucieda de Abajo
43.2667	-6.0000	33064	Traslavilla
43.2667	-2.5833	48007	Totorika
43.2667	-8.3833	15031	Sueiro
43.2667	-6.8500	33048	Serán
43.2667	-7.0500	33062	Sendiña
43.2667	-2.8333	48081	Lezama
43.2667	-7.2000	27048	Santadrao
43.2667	-6.9833	33075	San Mamed
43.2667	-7.5833	27015	Ríoaveso
43.2667	-6.8333	33048	Pelorde
43.2667	-8.8167	15068	Pazos
43.2667	-2.6667	48003	Ordorika
43.2667	-8.3333	15017	Meijigo
43.2667	-2.5167	48060	Meabe
43.2667	-2.5000	48060	Markina-Xemein
43.2667	-2.5000	48060	Markina
43.2667	-8.0833	15039	Mántaras
43.2667	-2.8000	48052	Loroño
43.2667	-2.8000	48052	Legina
43.2667	-8.5500	15005	Larín
43.2667	-5.7500	33037	La Depata
43.2667	-5.6667	33031	La Canga
43.2667	-2.6667	48067	Izabale
43.2667	-2.5833	48007	Gerrikaitz
43.2667	-2.5667	48007	Gerrika
43.2667	-2.7833	48052	Goikoelexea
43.2667	-7.5167	27015	Goá
43.2667	-8.2500	15009	Froján
43.2667	-2.7500	48052	Eleixeta
43.2667	-8.2667	15001	Crendes
43.2667	-5.2000	33003	Cirieño
43.2667	-6.9833	33075	Cimadevilla
43.2667	-7.9667	15003	Cambás
43.2667	-8.2000	15009	Brabío
43.2667	-2.7500	48052	Barrenetxe
43.2667	-2.8333	48081	Aretxalde
43.2667	-2.5833	48007	Arbatzegi
43.2667	-2.9667	48020	Aldai
43.2667	-2.6000	48007	Aldaka
43.2667	-1.6833	31153	Alkaiaga
43.2667	-5.8000	33037	Ablaña de Arriba
43.2667	-5.9274	33038	La Vara
43.2668	-6.4511	33011	Villar de Lantero
43.2670	-3.9471	39026	Corvera
43.2670	-2.1190	20016	Santio Erreka
43.2670	-3.1217	48037	San Esteban
43.2672	-6.4117	33073	Silva
43.2673	-1.5039	31050	Urdazubi / Urdax
43.2673	-7.2880	27044	Barral
43.2674	-3.8747	39100	Sandoñana
43.2674	-8.7833	15043	Buño
43.2674	-2.0611	20073	Urdaiaga
43.2675	-8.2505	15009	Piadela
43.2677	-2.0217	20902	Lasarte
43.2679	-7.2647	27054	Lodás
43.2679	-2.2591	20027	Ibañarrieta
43.2680	-8.6478	15019	Vilela
43.2680	-3.4338	39057	Riancho
43.2680	-6.3068	33005	Quintana
43.2681	-7.2535	27054	Cruces e Iglesia
43.2682	-6.7260	33001	San Pedro
43.2682	-5.5935	33060	La Sienra
43.2682	-5.9679	33053	Pedroveya
43.2683	-3.9356	39078	Iruz
43.2683	-8.5476	15005	A Groba de Arriba
43.2684	-7.1403	27048	Barreiros
43.2687	-5.4170	33015	Cabañaderecha
43.2687	-5.8087	33037	Ablaña de Abajo
43.2688	-6.8159	33001	La Quintana
43.2688	-6.7119	33001	Castanedo
43.2689	-3.9000	39100	Ojuriego
43.2690	-2.0661	20073	Txokoalde
43.2691	-2.6896	48067	Usparitxa
43.2693	-5.7911	33037	La Rebollada
43.2693	-8.5386	15005	O Piñeiro
43.2695	-7.2481	27054	Órrea
43.2695	-8.7625	15043	Leiloyo
43.2696	-3.7507	39072	Carcabal
43.2696	-5.5684	33032	San Pedro
43.2696	-1.5411	31264	Zugarramurdi
43.2697	-3.9073	39100	Escobedo
43.2698	-8.3162	15017	Brejo
43.2699	-4.0434	39069	Tarriba
43.2700	-6.8528	33048	Villabrille
43.2701	-6.9143	33061	Mon
43.2705	-2.0350	20069	Zubieta
43.2707	-8.1347	15064	Vigo
43.2707	-5.1283	33003	Sames
43.2707	-6.2738	33005	Valbona
43.2709	-4.0510	39069	Jaín
43.2710	-8.5380	15005	O Anide
43.2711	-7.5982	27065	Ríoaveso
43.2715	-5.6238	33060	El Invernal
43.2716	-2.0491	20073	Usurbil
43.2717	-7.3481	27044	Saldange
43.2718	-7.3925	27044	Marquide
43.2718	-2.4466	48060	Larruskain
43.2718	-5.7411	33037	La Longa
43.2719	-5.7950	33037	El Rollo
43.2720	-3.1333	48037	Peñoñuri
43.2721	-6.3057	33005	Boinás
43.2722	-2.7635	48052	Erkinigo
43.2722	-5.9713	33064	Dosango
43.2722	-6.3711	33073	Tuña
43.2723	-6.5983	33001	Villafrontú
43.2723	-5.9150	33038	El Vallín
43.2724	-3.2569	48087	La Iglesia
43.2725	-3.1449	48086	Las Rivas
43.2725	-5.5898	33060	Blimea
43.2725	-5.7444	33037	La Casería
43.2728	-3.2009	48086	Alen
43.2729	-5.1425	33003	Santillán
43.2731	-6.6215	33001	Pola de Allande
43.2732	-4.0779	39025	San Mateo
43.2732	-6.5313	33073	Bárzana de San Facundo
43.2732	-3.6003	39007	Arredondo
43.2732	-8.1843	15027	Armea
43.2734	-7.0897	27018	Logares
43.2736	-5.7183	33037	El Campo
43.2736	-3.2670	48087	Cueto
43.2737	-7.1682	27048	Fontángordo
43.2739	-7.2158	27054	Lourido
43.2740	-5.6796	33031	El Trichuru
43.2741	-6.8695	33048	Argul
43.2742	-6.0006	33064	Villanueva
43.2742	-2.6116	48007	Berreño
43.2742	-8.8232	15043	Leduzo
43.2744	-5.4219	33049	La Marea
43.2745	-5.8721	33038	Figares
43.2747	-5.9016	33038	La Roza
43.2748	-4.1065	39025	Coó
43.2748	-3.7017	39045	Linto
43.2748	-5.6718	33031	Pampiedra
43.2750	-3.9202	39100	Trasvilla
43.2751	-2.0728	20073	Aginaga
43.2752	-8.9875	15068	Corme-Aldea
43.2754	-6.9469	33061	Ron
43.2754	-5.8307	33037	Baiña
43.2755	-4.4333	39063	Celucos
43.2755	-7.0450	33062	Teijeira
43.2756	-1.7091	31153	Zaláin
43.2757	-5.6049	33060	Sotrondio
43.2757	-5.3960	33049	El Moro
43.2758	-6.1466	33026	Momalo
43.2759	-5.8056	33037	Cardeo
43.2759	-4.0480	39069	Rivero
43.2760	-5.7203	33037	La Planta
43.2760	-8.8833	15068	Nemeño
43.2760	-6.9368	33061	Revoqueira
43.2761	-7.0571	33062	Murias
43.2761	-2.3304	20029	Itziar
43.2761	-8.3098	15017	Bibres
43.2763	-1.9550	20903	Ergobia
43.2763	-4.0554	39069	Llano
43.2763	-8.3583	15017	Anceis
43.2766	-8.8983	15068	Brantuas
43.2766	-5.5399	33032	Los Veneros
43.2767	-6.3210	33005	La Vega
43.2767	-3.9813	39056	La Molina
43.2768	-3.1677	48086	La Baluga
43.2769	-3.5266	39067	Valle
43.2769	-5.7147	33037	Santo Emiliano
43.2769	-8.2864	15001	Orto
43.2771	-3.2603	48087	Pando
43.2772	-3.4347	39057	Gibaja
43.2775	-6.3561	33073	Merillés
43.2775	-6.2711	33005	Las Estacas
43.2777	-6.4847	33073	La Llama
43.2781	-3.6991	39045	La Cárcoba
43.2781	-5.3516	33049	Ríofabar
43.2782	-6.4373	33073	Villanueva de Sorriba
43.2782	-6.7983	33001	Beveraso
43.2783	-1.9445	20069	Santiago
43.2784	-2.6982	48067	Errekatxu
43.2784	-2.3759	20056	Astigarribia
43.2786	-3.1651	48086	El Castaño
43.2786	-5.9176	33038	El Ablanedo
43.2786	-4.6613	33047	San Esteban
43.2786	-5.6835	33031	El Carbayo
43.2787	-2.1254	20061	Orio
43.2788	-2.2695	20027	Arroa Behea
43.2789	-4.0288	39069	Mata
43.2791	-2.2545	20081	Bedua
43.2792	-4.0773	39025	Barros
43.2793	-4.8345	33008	Poncebos
43.2793	-8.8210	15043	As Pozacas
43.2795	-2.2313	20081	Oikia
43.2795	-3.4379	39057	La Estación
43.2796	-7.7493	27065	Belesar
43.2796	-5.8920	33038	Castandiello
43.2797	-6.6027	33001	Ferroy
43.2798	-6.2328	33005	Cezana
43.2799	-6.1098	33078	Yernes
43.2799	-8.8720	15068	Campara
43.2799	-3.9322	39078	Pando
43.2799	-3.1305	48037	El Cerco
43.2799	-3.4973	39067	Barruelo
43.2799	-5.5336	33032	Ordaliego
43.2800	-5.6895	33031	Pozobal
43.2801	-5.9189	33038	El Río
43.2802	-2.8287	48081	Garaioltza
43.2803	-7.1961	27048	Villarmide
43.2803	-2.3491	20029	Arriola
43.2804	-8.2147	15009	Betanzos
43.2806	-7.2996	27044	Álvare
43.2807	-3.5078	39067	Mentera-Barruelo
43.2808	-4.0522	39069	Sovilla
43.2809	-5.8959	33038	Villar
43.2811	-3.5387	39067	Lastras
43.2811	-2.2089	20039	Meaga
43.2814	-2.0939	20061	Sariakola
43.2814	-6.4797	33073	Semellon
43.2815	-2.6865	48067	Astelarra
43.2816	-6.0249	33052	Linares
43.2817	-3.8037	39074	Esles
43.2817	-1.9463	20903	Astigarraga
43.2818	-1.6863	31153	Bera
43.2820	-3.1509	48086	Obekuri
43.2821	-3.9879	39056	Hijas
43.2822	-3.5605	39067	Riba
43.2822	-7.1333	27048	Río de Campos
43.2823	-3.4391	39057	Bárcena
43.2824	-7.2510	27054	Regocorto
43.2824	-6.2182	33005	Belmonte
43.2825	-4.4353	39063	La Herrería
43.2826	-7.2903	27044	Cotarelo
43.2826	-7.0810	27015	Cospeito
43.2826	-5.5392	33032	Carbajal
43.2828	-6.5742	33073	La Corcolina
43.2829	-3.9567	39056	Aés
43.2829	-4.4333	39063	Celis
43.2832	-4.4582	39063	Ridones
43.2833	-6.5154	33073	Mirallo de Arriba
43.2833	-8.7673	15043	Cambre
43.2833	-6.2669	33005	Caricedo
43.2833	-2.6333	48062	Olabe
43.2833	-3.1167	48037	Birular
43.2833	-8.2167	15009	Viñas
43.2833	-7.1167	27018	Villarjubín
43.2833	-7.1833	27048	Villarín
43.2833	-8.2333	15008	Vixoi
43.2833	-6.8833	33048	Solana
43.2833	-8.3667	15017	Sigrás de Arriba
43.2833	-8.3667	15017	Sigrás de Abajo
43.2833	-8.3833	15031	Sésamo
43.2833	-5.7500	33037	San Tirso
43.2833	-5.6500	33031	Santa Ana
43.2833	-5.5833	33060	San Pedro
43.2833	-5.6333	33060	Rozada
43.2833	-6.6500	33001	Reigada
43.2833	-8.7167	15019	Razo
43.2833	-8.1667	15064	Quintas
43.2833	-5.9333	33038	Peñerudes
43.2833	-6.9667	33061	Pacios
43.2833	-8.1833	15064	Obre
43.2833	-8.8961	15068	Niñóns
43.2833	-8.4667	15005	Morás
43.2833	-8.5833	15005	Monteagudo
43.2833	-7.5000	27001	Moncelos
43.2833	-2.6333	48062	Elexalde Mendata
43.2833	-2.5333	48070	Malats
43.2833	-5.8333	33037	Llendellana
43.2833	-8.6000	15041	Lendo
43.2833	-8.6667	15019	Lema
43.2833	-5.6500	33031	La Vega
43.2833	-3.6333	39007	La Roza
43.2833	-5.6333	33060	La Rotella
43.2833	-2.8333	48905	Kurtzea
43.2833	-2.9167	48904	Izartza
43.2833	-7.4833	27001	Graña
43.2833	-2.8167	48081	Goitioltza
43.2833	-2.9500	48020	Gaztelu
43.2833	-2.7500	48066	Eskerika
43.2833	-5.6667	33031	El Pontico
43.2833	-2.6333	48067	Elexalde
43.2833	-3.6500	39007	El Avellanal
43.2833	-7.4167	27044	Corvelle
43.2833	-8.2500	15008	Cortiñán
43.2833	-6.4667	33073	Corniella
43.2833	-6.5167	33073	Cirviago
43.2833	-6.8167	33029	Cernías
43.2833	-8.3333	15017	Cela
43.2833	-8.3000	15017	Cecebre
43.2833	-6.7000	33001	Cabral
43.2833	-2.7000	48067	Bezangiz
43.2833	-6.7500	33001	Bendón
43.2833	-2.7667	48052	Astoreka
43.2833	-8.5500	15005	Armentón
43.2833	-7.5333	27065	Árbol
43.2833	-1.6667	31250	Altzate
43.2833	-8.1333	15064	Adragonte
43.2833	-8.8095	15043	Cerqueda
43.2834	-3.3732	39058	Torcollano
43.2835	-1.8535	20063	Karrika
43.2835	-7.3095	27044	Aguarda
43.2837	-5.8067	33037	Aguilar
43.2838	-8.4264	15031	Orro
43.2838	-8.7413	15043	Aviñó
43.2839	-6.1716	33026	Villahizoy
43.2840	-2.0016	20069	Añorga
43.2840	-7.0920	27018	Cancelas
43.2840	-7.0854	27018	Cerdeira
43.2841	-7.7113	27065	Boizán
43.2841	-3.1555	48086	Llano
43.2843	-3.2469	48087	Gordón
43.2844	-2.1699	20079	Zarautz
43.2845	-4.0447	39069	Sopenilla
43.2846	-6.1444	33026	Villaldín
43.2846	-3.0550	48080	Zugaztieta / La Arboleda
43.2847	-3.9886	39056	Cohiño
43.2847	-6.3480	33073	Tueres
43.2847	-8.0592	15039	Irixoa
43.2850	-2.2632	20081	Narruondo
43.2852	-6.7424	33001	Llaneces
43.2853	-8.8620	15068	Cores
43.2854	-8.7198	15019	Razo da Costa
43.2856	-3.9465	39078	La Penilla
43.2856	-4.2445	39012	Santibáñez
43.2857	-8.1741	15064	Paderne
43.2858	-8.5407	15005	Armentón de Arriba
43.2858	-2.5632	48070	Urriola
43.2858	-6.4514	33073	Sorriba
43.2859	-7.3742	27044	Reigosa
43.2860	-6.5392	33073	Pendosén
43.2860	-2.8700	48905	Zamudio
43.2861	-2.2918	20029	Elorriaga
43.2862	-6.2983	33005	El Valle
43.2863	-5.8082	33037	El Padrún
43.2864	-7.3868	27044	Regueira
43.2864	-6.9583	33061	Loujedo
43.2866	-7.2975	27044	Cordeiro
43.2867	-8.3653	15017	Sigrás
43.2872	-5.8934	33038	Peñanes
43.2872	-4.3058	39091	San Vicente del Monte
43.2873	-8.6315	15019	Noicela
43.2873	-5.3744	33049	Rozapanera
43.2875	-5.6380	33060	L'Entregu/El Entrego
43.2876	-7.2109	27054	Folgueirúa
43.2878	-2.2407	20081	Artadi
43.2878	-6.1697	33026	La Vega
43.2879	-1.8365	20063	Ergoien
43.2879	-8.3886	15031	Culleredo
43.2881	-3.5391	39067	Ogarrio
43.2882	-6.5065	33073	Mallayo
43.2884	-6.4982	33073	Cachorrero
43.2885	-2.5579	48070	Zubero
43.2887	-5.9592	33064	Lavares
43.2887	-6.1806	33026	Restiello
43.2887	-2.4070	20056	Olatz
43.2888	-8.4691	15041	Morás
43.2888	-5.6692	33031	Ciañu
43.2890	-6.3427	33073	Combarcio
43.2890	-6.5301	33073	Villacín
43.2891	-2.6894	48067	Muxika
43.2891	-3.6604	39007	El Tabladillo
43.2891	-6.7220	33001	Bustel
43.2892	-7.2398	27048	Selas
43.2893	-7.6718	27065	Sancobad
43.2893	-4.6359	33047	Cuñaba
43.2894	-6.0007	33064	Castañedo del Monte
43.2895	-4.2240	39041	Cos
43.2896	-7.2506	27048	Beche
43.2897	-6.2308	33005	Posadorio
43.2898	-6.3849	33073	Santianes
43.2900	-5.3304	33049	Cuerrías
43.2903	-5.4221	33049	Fresnedal
43.2904	-1.5051	31239	Dantxarinea
43.2906	-3.0567	48080	Matamoros-Burtzako
43.2906	-7.0049	33075	El Mazo
43.2907	-7.2944	27044	Vilar das Pedras
43.2911	-6.4981	33073	Pozón
43.2913	-3.0809	48002	Picón
43.2914	-3.0147	48080	Ugarte
43.2915	-6.2990	33005	Begega
43.2915	-3.0491	48080	Larreineta
43.2916	-6.4146	33073	La Posada
43.2916	-6.5603	33073	Fontalba
43.2916	-1.8658	20063	Iturriotz
43.2919	-8.7861	15043	O Ceán
43.2920	-5.9818	33064	Tuñón
43.2920	-6.8253	33029	Tamagordas
43.2922	-6.2408	33005	Fresnedo
43.2925	-5.5712	33060	Las Quintanas
43.2927	-1.8567	20067	Altzibar
43.2928	-2.7087	48067	Ugarte
43.2928	-3.9573	39056	Corrobárceno
43.2931	-1.8570	20067	Altzibar
43.2931	-2.5778	48070	Ibarrola
43.2934	-3.0756	48002	Triano
43.2936	-6.4077	33073	Casares
43.2938	-2.9071	48904	Landa
43.2939	-6.3915	33073	Soto de la Barca
43.2940	-5.9155	33057	La Carrera
43.2942	-4.2375	39012	Carrejo
43.2943	-8.8748	15043	Asalo
43.2943	-4.3508	39091	Bustriguado
43.2943	-5.7213	33031	La Nisal
43.2943	-3.8210	39074	Lloreda
43.2944	-8.3474	15017	Cambre
43.2944	-5.1279	33003	Vis
43.2945	-6.9482	33061	Labiarón
43.2945	-5.9115	33057	Vixel
43.2945	-3.7078	39045	La Cantolla
43.2946	-6.3469	33073	Bebares
43.2946	-7.0473	33062	Pousadoiro
43.2947	-6.1503	33026	Santianes de Molenes
43.2947	-6.7375	33001	Monón
43.2947	-2.2534	20081	Zumaia
43.2948	-3.1351	48037	Montellano
43.2950	-6.1265	33026	San Miguel
43.2951	-2.9378	48903	Zangroiz
43.2952	-6.4515	33073	La Prohida
43.2952	-6.7977	33029	Estela
43.2954	-7.2294	27048	Eirejúa
43.2954	-6.3652	33073	Santa Marta
43.2954	-7.0249	33075	Cotarelo
43.2957	-5.6842	33031	Sama
43.2957	-2.3521	20029	Deba
43.2958	-3.7038	39045	Mirones
43.2959	-6.7256	33001	Santa Coloma
43.2960	-6.2050	33005	Meruja
43.2962	-5.8456	33057	Sardín
43.2964	-2.9881	48013	Barakaldo
43.2964	-5.3726	33049	Espinaredo
43.2964	-6.3714	33073	Castiello de la Barca
43.2966	-1.9543	20069	Sarrueta
43.2968	-3.4333	39058	Helguera
43.2968	-4.2088	39012	Luzmela
43.2972	-6.8767	33048	Lijón
43.2972	-5.4279	33049	Travesera
43.2972	-2.9274	48904	Basozabal
43.2974	-4.7367	33046	Oceño
43.2975	-6.5399	33073	Villameana
43.2975	-6.2350	33005	Alvariza
43.2979	-6.4854	33073	Perluces
43.2979	-5.6417	33060	La Acebal
43.2981	-7.6813	27065	Vilalba
43.2981	-3.9682	39056	Puente Viesgo
43.2983	-1.8613	20063	Oiartzun
43.2983	-5.9330	33057	La Mortera
43.2986	-2.7537	48066	Flores
43.2988	-5.8236	33044	Olloniego
43.2988	-1.8729	20063	Ugaldetxo
43.2988	-5.8672	33057	Teyego
43.2989	-4.0712	39069	Las Caldas de Besaya
43.2993	-2.7629	48066	Oñarte
43.2995	-8.8703	15043	Mens
43.2996	-3.8407	39074	Totero
43.2996	-3.0309	48080	Zaballa
43.2996	-7.3513	27044	Pastoriza
43.2998	-2.9709	48902	Arriaga
43.2998	-2.6482	48062	Marmiz
43.2999	-5.7377	33031	El Carmen
43.3000	-3.4075	39058	Santa Cruz
43.3000	-8.0833	15039	Viña
43.3000	-8.1667	15064	Villozás
43.3000	-7.4667	27001	Villarente
43.3000	-5.6833	33031	Turiellos
43.3000	-8.2000	15009	Tiobre
43.3000	-2.5500	48070	Solaguren
43.3000	-6.0500	33026	Santo Adriano del Monte
43.3000	-7.1333	27048	San Pedro de Bogo
43.3000	-6.7833	33029	Ríodecoba
43.3000	-8.3000	15017	Pravio
43.3000	-6.2833	33005	Pontigo
43.3000	-8.2333	15008	Pontellas
43.3000	-8.4833	15005	Loureda
43.3000	-6.9500	33061	La Sela de Murias
43.3000	-8.5167	15041	Lañas
43.3000	-7.8833	27022	Labrada
43.3000	-8.2667	15008	Guísamo
43.3000	-2.5333	48070	Goierri
43.3000	-7.7167	27065	Gondaísque
43.3000	-7.9667	15050	Gestoso
43.3000	-6.0500	33026	Fondil
43.3000	-7.2500	27048	Ferreiravella
43.3000	-3.0000	48080	Elguero
43.3000	-6.5333	33073	El Campo
43.3000	-7.7333	27065	Distriz
43.3000	-5.6000	33060	Cocaño
43.3000	-5.7167	33031	Cimalavilla
43.3000	-8.5667	15041	Chamín de Abaixo
43.3000	-8.5667	15005	Chamín
43.3000	-2.6667	48911	Kanpantxu
43.3000	-5.6000	33060	Brañella
43.3000	-6.8833	33048	Brañavella
43.3000	-8.5333	15005	Barrañán
43.3000	-2.5667	48070	Aulesti
43.3000	-5.4000	33049	Artedosa
43.3000	-3.0167	48080	Arkotxa
43.3000	-7.2833	27054	Aldurfe
43.3000	-3.0593	48083	La Orconera
43.3000	-7.2362	27048	Judán
43.3000	-4.1791	39041	Herrera de Ibio
43.3002	-2.9244	48904	Sondika
43.3003	-5.8841	33038	Argamé
43.3004	-6.9235	33061	Soutelo
43.3004	-6.2081	33005	Faedo
43.3004	-3.0780	48002	Las Calizas
43.3007	-6.5891	33073	Carcediel
43.3010	-6.1274	33026	Tejedo
43.3013	-4.2223	39012	Vernejo
43.3015	-3.2650	39030	Llaguno
43.3015	-2.7501	48066	Morgakoena
43.3017	-7.5883	27065	Román
43.3018	-7.1520	27048	San Paio
43.3019	-2.9466	48902	Asua
43.3021	-6.6011	33073	Porciles
43.3021	-6.3539	33073	Llaneces de la Barca
43.3023	-5.9352	33057	Llavareyos
43.3024	-5.6727	33031	Riparape
43.3024	-5.7073	33031	Lada
43.3026	-2.2302	20039	Askizu
43.3026	-5.4269	33049	Peruyero
43.3027	-2.5681	48070	Narea
43.3029	-6.5257	33073	Tejero
43.3030	-2.6849	48046	Arana
43.3032	-5.2521	33049	Tejedal
43.3033	-2.2044	20039	Getaria
43.3035	-5.5498	33006	Santa Gadía
43.3036	-2.2197	20039	San Prudentzio
43.3036	-7.1765	27048	Villaboa
43.3036	-6.1850	33026	Vigaña
43.3036	-5.7130	33031	San Miguel
43.3037	-4.4705	39033	Cades
43.3038	-5.4164	33049	Peñueco
43.3039	-4.8157	33008	Las Arenas de Cabrales
43.3039	-6.8996	33061	Bousoño
43.3039	-4.0999	39018	Corral
43.3040	-6.2905	33005	Santa Marina
43.3042	-4.4528	39033	Rádago
43.3042	-3.0374	48080	Escontrilla Alta
43.3044	-2.9735	48902	Erandio
43.3046	-5.8587	33057	Vegalencia
43.3046	-5.4029	33049	Cadapereda
43.3047	-6.4946	33073	Gera
43.3048	-7.2735	27054	Soutelo
43.3048	-8.5075	15005	Arteixo
43.3049	-2.9953	48080	Galindo-Salcedillo
43.3050	-8.2456	15074	Rois
43.3050	-3.9122	39074	San Román
43.3051	-3.4292	39058	Rasines
43.3051	-5.5952	33060	Los Artos
43.3051	-2.9066	48903	Bilboko aireportua / Aeropuerto de Bilbao
43.3053	-8.5688	15005	Chamín de Arriba
43.3054	-2.8812	48901	Derio
43.3055	-1.9647	20069	Loiola
43.3055	-8.5649	15005	Chamín do Medio
43.3056	-6.7381	33001	Muriellos
43.3056	-5.9686	33064	Las Carangas
43.3058	-6.1710	33026	Villandás
43.3059	-7.6944	27065	Mourence
43.3064	-4.1066	39018	San Miguel
43.3064	-7.1299	27048	Sangés
43.3064	-2.3852	20056	Mutriku
43.3065	-8.2051	15064	Souto
43.3068	-2.7484	48066	Morgaondo
43.3069	-5.9281	33057	El Rebollal
43.3069	-3.8740	39074	Argomilla
43.3070	-5.4198	33049	Melendreras
43.3070	-7.1955	27048	Villargondurfe
43.3070	-5.9232	33057	Fuexos
43.3073	-4.0829	39018	Yermo
43.3075	-5.0662	33012	Peñalva
43.3075	-5.8610	33057	Soto de Rei
43.3075	-4.4811	39033	Otero
43.3075	-5.6909	33031	La Felguera
43.3076	-2.9542	48902	Erandiogoikoa
43.3078	-6.5136	33073	Albar
43.3079	-4.2142	39012	Ontoria
43.3079	-8.3658	15031	Almeiras
43.3081	-6.9194	33061	San Pedro de Ahío
43.3081	-5.9105	33057	Palombar
43.3081	-7.2701	27054	Mazo
43.3082	-4.8359	33008	Poo
43.3082	-5.0549	33012	Covadonga
43.3082	-4.2357	39012	Cabezón de la Sal
43.3083	-6.0247	33026	El Palacio
43.3085	-3.8368	39074	Santa María de Cayón
43.3087	-6.4693	33073	San Antonio
43.3087	-8.6258	15019	Rebordelos
43.3088	-1.8772	20063	Arragua
43.3088	-2.0364	20069	Igeldo
43.3089	-6.3561	33073	La Uz
43.3090	-5.7295	33031	Cotorraso
43.3090	-6.0806	33026	Las Murias
43.3091	-5.8179	33044	Santianes
43.3092	-5.0078	33012	Gamonedo
43.3092	-2.6424	48914	Zubiate
43.3094	-5.7038	33031	Meriñán
43.3094	-6.9463	33061	Piorno
43.3095	-4.8651	33008	Inguanzo
43.3095	-3.9299	39019	Pomaluengo
43.3096	-3.7705	39037	Las Porquerizas
43.3096	-8.5020	15005	A Baiuca
43.3096	-5.3519	33049	Porciles
43.3096	-1.8426	20063	Gurutze
43.3097	-4.9960	33043	Gamonedo
43.3097	-6.0652	33026	Baselgas
43.3098	-3.0072	48084	Sestao
43.3098	-6.4200	33073	Castañera
43.3098	-5.2573	33049	La Canal
43.3100	-5.6009	33060	La Encarnada
43.3101	-8.8274	15043	Vilanova de Santiso
43.3102	-6.9805	33075	Ovellariza
43.3102	-5.5526	33006	Rebollar
43.3103	-6.3272	33073	Las Colladas
43.3103	-3.7554	39037	La Quieva
43.3105	-3.4482	39002	Bulco
43.3105	-6.5036	33073	Villarpadrid
43.3106	-4.0717	39018	Ríocorvo
43.3107	-7.0424	33075	Toleiras
43.3109	-7.5532	27065	Carballido
43.3109	-4.8813	33008	Berodia
43.3111	-2.4568	48018	Obekolaldea
43.3111	-3.1104	48002	Cotorrio
43.3111	-3.0562	48083	Ortuella
43.3113	-7.2143	27048	Villaje
43.3114	-6.9864	33075	Villanueva de Oscos
43.3116	-5.5332	33006	Melendreros
43.3116	-5.5447	33006	Castañera
43.3118	-4.5900	33047	Suarias
43.3118	-6.4961	33073	Magarín
43.3119	-6.4151	33073	Rodical
43.3120	-1.9023	20067	Errenteria
43.3121	-3.4051	39058	La Edilla
43.3121	-5.7141	33031	Santianes
43.3123	-8.8155	15043	Vilarnovo
43.3123	-6.4710	33073	San Esteban
43.3123	-6.4050	33073	Berzana
43.3124	-3.7141	39045	Mortesante
43.3124	-5.8262	33044	Manzaneda
43.3124	-5.8717	33057	Les Segaes
43.3128	-5.3667	33049	Sierra
43.3128	-4.1770	39041	Ibio
43.3128	-1.9750	20069	Donostia / San Sebastián
43.3131	-5.9878	33044	San Andrés
43.3131	-6.5899	33073	Colinas de Abajo
43.3133	-3.1195	48071	Santelices
43.3135	-5.5614	33006	Piñera
43.3139	-6.5315	33073	Sobrado
43.3140	-6.5945	33073	Colinas de Arriba
43.3141	-3.7312	39037	El Rellano
43.3141	-5.3945	33049	San Martín
43.3141	-4.6737	33046	Mier
43.3144	-7.2728	27054	Lorigados
43.3147	-3.8548	39074	La Abadilla
43.3147	-4.4608	39033	Bielva
43.3148	-7.0807	33071	Turia
43.3148	-6.3140	33073	Calabazos
43.3148	-5.9556	33044	Pando
43.3150	-7.3740	27044	Vian
43.3151	-7.1444	27048	Villarjuane
43.3151	-3.5852	39067	Matienzo
43.3152	-4.6225	33047	Robriguero
43.3152	-4.7294	33046	Cáraves
43.3153	-3.9523	39019	Villabáñez
43.3154	-3.4280	39058	Rocillo
43.3155	-7.0459	33075	Batribán
43.3155	-5.8394	33057	Pico de Lanza
43.3155	-7.0352	33075	Gestoso
43.3155	-6.8057	33029	Herías
43.3158	-5.8945	33057	Güeñu
43.3158	-4.1606	39041	Sierra de Ibio
43.3158	-7.3002	27044	Mourelle
43.3159	-6.5496	33073	Sangoñedo
43.3160	-7.3105	27044	Piñeiros
43.3160	-5.1288	33012	Tornín
43.3160	-6.8381	33029	San Esteban
43.3161	-1.9342	20069	Altza
43.3161	-6.2785	33005	Villaverde
43.3162	-3.4507	39002	Udalla
43.3162	-1.9179	20064	Pasai Antxo
43.3163	-6.5504	33073	Pereda de Sangoñedo
43.3164	-4.1736	39041	Riaño de Ibio
43.3164	-8.8446	15043	Beo
43.3164	-3.1732	39020	Talledo
43.3165	-5.2452	33049	Pandavenes
43.3167	-2.5833	48909	Zabaleta
43.3167	-2.6333	48914	Zabala-Belendiz
43.3167	-8.1833	15064	Viñas
43.3167	-6.5333	33073	Villerino
43.3167	-5.2500	33049	Villarcazo
43.3167	-2.5833	48909	Uribarri
43.3167	-4.3000	39091	Treceño
43.3167	-7.7500	27065	Tardad
43.3167	-8.5833	15041	Sorrizo
43.3167	-2.9667	48054	Santi Mami
43.3167	-6.5667	33073	Samblismo
43.3167	-6.0167	33026	Sama
43.3167	-8.3833	15031	Rutis
43.3167	-6.1000	33026	Rubiano
43.3167	-2.7167	48079	Errigoiti
43.3167	-2.4333	48018	Errenteria
43.3167	-4.8667	33008	Prado
43.3167	-5.6667	33031	Pando
43.3167	-8.4833	15005	Oseiro
43.3167	-2.4167	48073	Ondarroa
43.3167	-2.5167	48004	Odiaga
43.3167	-2.5833	48909	Elexalde
43.3167	-5.2167	33045	Montes de Sebares
43.3167	-8.0167	15050	Monfero
43.3167	-2.5833	48909	Merika
43.3167	-2.7500	48066	Meakaur
43.3167	-2.7500	48066	Meaka
43.3167	-5.4167	33049	Maza
43.3167	-8.2667	15008	Lubre
43.3167	-7.2000	27048	Liñeiras
43.3167	-2.5833	48909	Lekerika
43.3167	-6.7167	33001	La Porquera
43.3167	-3.9000	39019	La Cueva
43.3167	-6.1833	33026	La Cabaña
43.3167	-8.3167	15058	Iñás
43.3167	-4.5833	33047	Hontamió
43.3167	-2.6833	48046	Gernika-Lumo
43.3167	-2.6333	48914	Gorozika
43.3167	-7.6167	27065	Goiriz
43.3167	-2.8000	48069	Fika
43.3167	-5.3667	33049	El Otero
43.3167	-2.9333	48903	Loiu
43.3167	-3.1167	48071	El Crucero
43.3167	-8.3667	15031	O Burgo
43.3167	-7.4833	27001	Corvite
43.3167	-7.7500	27065	Codesido
43.3167	-7.7667	27065	Cazás
43.3167	-8.6000	15041	Caión
43.3167	-5.5500	33006	Bimenes
43.3167	-2.4667	48018	Berriatua
43.3167	-8.2333	15008	Bergondo
43.3167	-7.5167	27001	Baroncelle
43.3167	-8.8667	15043	Barizo
43.3167	-2.9833	48902	Astrabudua
43.3167	-2.4500	48018	Asterrika
43.3167	-8.1167	15039	Ambroa
43.3167	-7.4667	27001	Abeledo
43.3169	-4.1924	39041	Villanueva de la Peña
43.3174	-5.7436	33031	El Viso
43.3174	-4.8461	33008	Carreña
43.3175	-2.7950	48035	Botiola
43.3175	-8.3404	15058	Nós
43.3175	-2.6419	48914	Barroeta
43.3176	-5.2621	33049	La Matosa
43.3176	-5.8736	33057	Ferreros
43.3176	-3.4179	39058	Cereceda
43.3178	-4.6282	33047	Tobes
43.3179	-5.8560	33057	Pereda
43.3179	-5.4440	33049	Cuerrías
43.3180	-4.5131	39033	Casamaría
43.3180	-5.8136	33044	Santa Eulalia
43.3182	-5.3694	33049	San Vicente
43.3183	-3.4658	39002	Bosquemado
43.3183	-6.1650	33026	Santa María
43.3184	-5.6108	33060	Felechosas
43.3184	-3.4049	39058	Lombera
43.3184	-6.1466	33026	Robledo
43.3185	-6.1948	33026	Los Lodos
43.3185	-5.6249	33031	Braña del Río
43.3185	-8.2554	15008	Babío
43.3186	-6.4390	33073	Piñera
43.3187	-4.7091	33046	Trescares
43.3187	-7.0248	33075	Salgueiras
43.3189	-4.5401	33047	Merodio
43.3189	-7.0684	33071	Couces
43.3190	-4.9909	33043	Demués
43.3190	-3.8825	39074	La Penilla
43.3190	-6.1296	33026	Ambás
43.3190	-3.7094	39064	Angustina
43.3192	-5.0705	33012	La Riera
43.3192	-5.9348	33044	Puerto
43.3192	-5.6599	33031	La Moral
43.3194	-6.7778	33029	Navedo
43.3194	-6.0285	33026	Trasmuria
43.3194	-5.0699	33012	Llerices
43.3195	-8.3567	15017	O Temple
43.3196	-7.0110	33075	Pasarón
43.3196	-3.8660	39074	La Encina
43.3196	-3.9460	39019	Socobio
43.3197	-5.7067	33031	Barros
43.3197	-5.5744	33006	Tavalles
43.3200	-3.9596	39056	Vargas
43.3202	-6.2365	33005	Bello
43.3203	-7.2721	27054	Hermida
43.3205	-2.4102	20056	Saturraran
43.3205	-4.8993	33008	La Molina
43.3206	-4.6479	33047	Bores
43.3206	-6.1182	33026	Cubía
43.3206	-4.0542	39087	Viérnoles
43.3208	-6.9294	33061	Arruñada
43.3209	-5.2167	33045	Llerandi
43.3210	-6.5038	33073	San Martín de Semproniana
43.3210	-5.1080	33012	Següenco
43.3210	-3.0206	48078	Portugalete
43.3210	-4.6159	33047	Cerébanes
43.3212	-3.0728	48002	Gallarta
43.3212	-5.8015	33044	Tudela Agüeria
43.3213	-6.7111	33001	Rebollo
43.3214	-5.4238	33049	Cobayas
43.3214	-1.8974	20053	Lezo
43.3216	-6.3664	33073	Vallamonte
43.3216	-4.4991	39033	Cabanzón
43.3218	-6.8765	33029	Montaña
43.3218	-6.0857	33026	Panicera
43.3219	-3.4428	39002	Bárcena de Udalla
43.3220	-6.3864	33073	Truébano
43.3220	-4.0161	39087	La Montaña
43.3221	-3.1219	48071	San Juan
43.3221	-4.5842	33047	Panes
43.3222	-6.6212	33073	Concellín
43.3223	-5.7221	33031	Peña Rubia
43.3223	-6.5824	33073	La Mortera
43.3224	-5.8152	33044	Godejal
43.3225	-4.9802	33043	Boviabaxu
43.3225	-6.0653	33026	Loredo
43.3227	-7.4213	27044	Loboso
43.3228	-8.8105	15043	Malpica
43.3229	-6.0039	33044	Perlavia
43.3229	-6.5453	33073	Orrea
43.3229	-5.4030	33049	Arenas
43.3231	-5.6255	33031	Ceacal
43.3233	-6.2218	33005	Selviella
43.3233	-1.9850	20069	Parte Vieja
43.3234	-4.6315	33047	Para
43.3235	-3.7273	39037	Extremera
43.3237	-3.7415	39037	Rubalcaba
43.3238	-7.2026	27048	Santalla
43.3238	-3.4863	39102	San Bartolomé de los Montes
43.3239	-7.1211	27048	Teijedáis
43.3239	-4.6788	33046	Niserias
43.3239	-4.0912	39018	Bedicó
43.3239	-5.7017	33031	Faedo
43.3239	-6.4340	33073	Fuejo (Tineo)
43.3240	-4.1007	39018	Mercadal
43.3240	-5.7402	33031	Frieres
43.3240	-6.3235	33073	Busmartín
43.3241	-1.9382	20064	Trintxerpe
43.3243	-8.1320	15091	Goimil
43.3244	-5.7889	33044	Anieves
43.3244	-6.3633	33073	Baradal
43.3244	-1.9302	20064	Pasai San Pedro
43.3247	-3.7990	39048	Llanos
43.3247	-4.8863	33008	Pandiello
43.3247	-4.5752	33047	Cimiano
43.3249	-4.9018	33008	Ortiguero
43.3250	-6.3549	33073	Ordial de la Barca
43.3250	-1.9160	20064	Pasai Donibane
43.3251	-2.5272	48047	Okamika
43.3253	-1.9271	20064	Pasaia
43.3253	-4.3930	39091	Labarces
43.3255	-7.1621	27048	Neipín
43.3255	-4.9896	33043	Boviarriba
43.3256	-6.3365	33073	Nieres
43.3256	-7.0687	33071	Santamarina
43.3257	-3.8518	39074	Sarón
43.3258	-6.1671	33026	Seaza
43.3259	-5.3673	33049	Lozana
43.3260	-4.0689	39018	Cartes
43.3261	-4.8632	33008	Asiego
43.3261	-7.0018	33075	El Villar
43.3261	-7.1770	27048	Aldeguer
43.3263	-5.7598	33044	Las Quintanas
43.3263	-2.5135	48004	Amoroto
43.3264	-6.8229	33029	Sarzol
43.3265	-6.4411	33073	Ponte
43.3265	-4.6039	33047	Abándames
43.3265	-5.3932	33049	Vallín
43.3269	-2.9888	48054	Leioa
43.3272	-4.7994	33008	Arangas
43.3273	-6.1429	33026	Sorribas
43.3273	-5.5714	33006	Fontanina
43.3273	-5.6675	33031	La Nava
43.3273	-7.2714	27054	Cruz
43.3274	-5.1434	33045	Aballe
43.3275	-6.2734	33005	Antoñana
43.3276	-4.6462	33046	La Molinuca
43.3277	-4.7670	33046	Rozagás
43.3278	-7.7178	27065	Santaballa
43.3278	-5.1384	33012	Caño
43.3280	-4.5859	33047	Siejo
43.3280	-5.2365	33045	Fresnidiello
43.3280	-5.7184	33031	Riañu
43.3282	-5.0146	33012	Llano-Con
43.3282	-4.4836	39033	Camijanes
43.3284	-4.1951	39012	Cabrojo
43.3284	-2.5877	48909	Intxaurraga
43.3284	-3.0325	48082	Santurtzi
43.3285	-4.1819	39012	Periedo
43.3287	-5.5539	33006	La Figar
43.3287	-3.6568	39064	Monte
43.3287	-5.4248	33049	Berones
43.3287	-1.8176	20045	Katea / Ventas
43.3288	-8.2931	15075	Soñeiro
43.3289	-3.5070	39102	San Miguel de Aras
43.3289	-3.1905	39020	Otañes
43.3292	-6.3273	33073	Villabona
43.3292	-7.0850	33071	Veigas
43.3293	-3.1323	48071	Villanueva
43.3293	-5.8614	33044	Llamaoscura
43.3293	-5.6468	33031	Tiuya/Tuilla
43.3297	-5.8259	33044	Paderní
43.3297	-5.6955	33031	Acebal
43.3298	-6.2318	33005	Leiguarda
43.3299	-4.8787	33008	Puertas
43.3300	-5.5425	33006	Castañal
43.3301	-6.0393	33026	Ballongo
43.3302	-3.9864	39056	Las Presillas
43.3302	-8.3576	15058	Montrove
43.3304	-6.4902	33073	Robledo
43.3304	-4.2489	39090	La Virgen
43.3306	-4.6271	33047	Cavandi
43.3308	-4.5534	33047	El Mazo
43.3309	-2.8631	48069	Elgezabal
43.3310	-8.1480	15048	Callobre
43.3310	-8.4257	15030	Mesoiro
43.3311	-6.0753	33026	Temía
43.3312	-6.0077	33044	Camales
43.3314	-5.5523	33006	Colladas
43.3314	-4.6915	33046	Besnes
43.3317	-6.4261	33073	Mañores
43.3317	-8.2226	15008	Moruxo
43.3318	-2.5908	48909	Ikazurieta
43.3319	-6.4562	33073	Santullano
43.3319	-6.9249	33061	Arne
43.3321	-4.7423	33046	Ruenes
43.3321	-5.8388	33044	Morente
43.3322	-3.8178	39048	Arenal
43.3323	-3.3904	39002	Rascón
43.3323	-7.0942	33071	Navallo
43.3324	-5.5687	33006	Martimporra
43.3324	-6.5422	33073	El Espín
43.3324	-5.0481	33012	Teleña
43.3326	-6.0687	33026	Pando
43.3327	-3.3122	39030	Trebuesto
43.3327	-5.6204	33066	Rosellón
43.3328	-5.9365	33044	Caces
43.3329	-5.9770	33044	Perlín
43.3329	-3.5425	39102	Llueva
43.3330	-6.1030	33026	Villagarcía
43.3330	-5.9205	33044	Las Caldas
43.3331	-5.2004	33045	Tospe
43.3332	-6.9760	33075	Morlongo
43.3332	-6.2687	33059	Mílara
43.3333	-7.2639	27054	Cabana
43.3333	-7.1833	27048	Villaodrid
43.3333	-7.0000	33075	Villanueva
43.3333	-8.1167	15091	Villamateo
43.3333	-5.0833	33012	Torío
43.3333	-7.2333	27048	San Pedro
43.3333	-3.1000	48071	San Julián de Muskiz
43.3333	-5.9167	33044	Priorio
43.3333	-8.4667	15005	Pastoriza
43.3333	-8.2333	15008	Ouces
43.3333	-8.3167	15058	Oleiros
43.3333	-8.1500	15055	Neda
43.3333	-8.0167	15050	Monfero
43.3333	-7.8500	27021	Momán
43.3333	-2.7333	48079	Metxika
43.3333	-2.8667	48069	Maurola
43.3333	-5.8667	33044	Latores
43.3333	-5.8167	33044	Las Cruces
43.3333	-2.5167	48047	Lariz
43.3333	-7.4000	27044	Lagoa
43.3333	-6.0500	33026	La Figal
43.3333	-5.7500	33031	La Cueva
43.3333	-2.5333	48047	Gizaburuaga
43.3333	-7.5000	27001	Goás
43.3333	-2.7833	48035	Fruiz
43.3333	-7.2667		Espasande
43.3333	-2.8167	48069	Ergoien
43.3333	-5.7500	33031	Entrepeñas
43.3333	-5.6500	33031	Coto
43.3333	-2.6500	48907	Kortezubi
43.3333	-5.0167	33012	Con
43.3333	-5.5333	33040	Carbajal
43.3333	-7.7833	27065	Burgás
43.3333	-5.7667	33044	Box
43.3333	-5.3500	33049	Berbio
43.3333	-5.3833	33049	Beloncio
43.3333	-6.0333	33026	Bayo
43.3333	-5.8833	33044	Ayones
43.3333	-7.5500	27001	Aldige
43.3333	-5.0500	33012	Abamia
43.3334	-3.7444	39037	La Vega
43.3334	-2.6750	48906	Forua
43.3336	-4.2600	39090	Valoria
43.3337	-6.5784	33073	Santiago de Cerredo
43.3338	-5.7724	33044	Tudela Veguín
43.3338	-6.8656	33029	Illano
43.3339	-7.3026	27044	Lugilde
43.3339	-5.4071	33049	Bierces
43.3339	-6.5019	33073	Vega del Rey
43.3339	-8.3518	15058	Liáns
43.3340	-2.9741	48054	Santsoena
43.3340	-6.3887	33073	Los Pontones
43.3340	-7.3713	27044	Úbeda
43.3340	-6.9851	33075	Bustapena
43.3341	-6.6437	33073	Besapié
43.3342	-7.2078	27048	Villameá
43.3343	-8.4047	15030	Elviña
43.3343	-6.9066	33029	Entrerríos
43.3344	-5.1394	33045	Dego
43.3344	-6.0548	33026	Coalla
43.3345	-4.7076	33046	Alles
43.3346	-4.2291	39090	Toporías
43.3346	-5.1855	33045	Lago
43.3351	-4.5970	33047	Alevia
43.3351	-4.0401	39087	Tanos
43.3352	-3.9757	39052	Carandía
43.3352	-3.1816	39020	Setares
43.3353	-2.8168	48069	Gamiz
43.3353	-4.2116	39012	Bustablado
43.3353	-4.6506	33046	Llonín
43.3354	-3.3253	39030	Angostina
43.3354	-6.2048	33005	Fontoria
43.3355	-4.9520	33043	Avín
43.3356	-7.1070	33071	Pereira
43.3356	-6.5601	33073	Borres
43.3356	-4.1782	39012	Casar de Periedo
43.3357	-2.5061	48004	Urrutia
43.3357	-4.2173	39012	Duña
43.3358	-6.8320	33029	Lantero
43.3358	-3.3321	39030	Landeral
43.3359	-4.5350	33047	Buelles
43.3360	-6.9148	33029	Pastur
43.3361	-4.0660	39018	Santiago de Cartes
43.3362	-4.9673	33043	Benia
43.3363	-3.4083	39002	Bernales
43.3363	-5.7948	33044	Naves
43.3364	-2.6168	48907	Oma
43.3364	-4.2683	39090	Ayuela
43.3365	-5.8064	33044	Bendones
43.3366	-3.3917	39002	Ahedo
43.3366	-4.3408	39091	Valtines
43.3368	-5.6394	33066	Raíz de Arriba
43.3368	-4.5550	33047	Narganes
43.3371	-7.6611	27065	San Salvador de Lanzós
43.3372	-4.9816	33043	Villar
43.3372	-2.6431	48907	Terlegiz
43.3373	-5.2879	33049	Pesquerín
43.3373	-4.1678	39060	Caranceja
43.3374	-5.7636	33044	Argollanes
43.3374	-4.2483	39090	El Llano
43.3376	-4.2334	39090	Cobijón
43.3376	-6.4145	33073	Tineo
43.3377	-5.9939	33044	Trubia
43.3377	-5.2420	33049	La Frecha
43.3378	-5.3735	33049	Estelí
43.3378	-6.9467	33075	Mourelle
43.3379	-7.3170	27044	Bretoña
43.3380	-3.4411	39002	Hoz de Marrón
43.3381	-6.1529	33026	La Fueja
43.3382	-8.3736	15058	Perillo
43.3382	-4.3264	39091	Caviedes
43.3382	-5.6114	33066	Comba
43.3383	-4.0812	39018	Mijarojos
43.3383	-4.9661	33043	Onís
43.3386	-4.2438	39090	Udias
43.3387	-4.4249	39080	Gandarilla
43.3390	-4.9748	33043	Talavero
43.3390	-1.7894	20045	Irun
43.3391	-5.3444	33049	Cardes
43.3391	-4.0940	39060	Reocín
43.3392	-8.3800	15058	Santa Cristina
43.3392	-6.0868	33026	Rodiles
43.3394	-5.6882	33066	Caballeros
43.3394	-5.1942	33045	Carrio
43.3396	-5.3685	33049	Santianes
43.3396	-5.0750	33012	Isongo
43.3396	-2.6001	48033	Gabika
43.3397	-8.2785	15075	Osedo
43.3397	-5.0950	33012	Cabielles
43.3397	-6.8605	33029	Cimadevilla
43.3399	-5.0336	33012	Soto de la Ensertal
43.3399	-5.8473	33044	Los Prietos
43.3399	-3.4791	39102	Bueras
43.3400	-5.3337	33049	Valle
43.3401	-3.6261	39028	La Collada
43.3402	-7.6502	27065	Meixonfría
43.3402	-2.8434	48069	Basozabal
43.3403	-8.4819	15005	Suevos
43.3405	-3.0817	48913	El Valle
43.3405	-5.9969	33044	Las Cuestas
43.3409	-6.7554	33077	Barandón
43.3409	-3.1711	39020	Baltezana
43.3411	-5.1119	33012	Nieda
43.3414	-3.6746	39064	Barrio de Arriba
43.3415	-4.3857	39080	El Barcenal
43.3415	-7.0793	33071	Teijois
43.3416	-4.9812	33043	Sirviella
43.3417	-8.1848	15048	Bemantes
43.3418	-7.2213	27048	Rojas
43.3419	-5.0152	33012	Mestas de Con
43.3419	-5.5646	33006	San Julián
43.3420	-5.7256	33042	La Pasera
43.3420	-4.0740	39018	La Barquera
43.3421	-2.8262	48069	Iturribaltzaga
43.3421	-5.0402	33012	Intriago
43.3422	-4.0576	39087	Campuzano
43.3423	-3.9819	39052	Pegazanes
43.3423	-7.2595	27054	Rodrigas
43.3424	-3.7433	39037	El Mercadillo
43.3424	-6.9589	33075	San Cristóbal
43.3425	-5.1663	33045	Vallovil
43.3425	-3.6942	39064	Arronte
43.3425	-6.9079	33029	Carbayal
43.3425	-5.1544	33045	La Roza
43.3425	-5.3945	33049	La Parte
43.3426	-3.6549	39064	Camposdelante
43.3427	-5.9488	33044	Pintoria
43.3427	-5.7431	33044	Paranza
43.3427	-3.4167	39002	Ampuero
43.3427	-8.3512	15058	Bastiagueiro
43.3428	-1.7620	20045	Behobia
43.3429	-4.2402	39090	Pumalverde
43.3430	-7.2608	27054	Ríotorto
43.3431	-3.7192	39064	Rucandio
43.3432	-7.1378	27048	Soto de Mogos
43.3432	-4.9237	33043	Robellada
43.3432	-2.6352	48907	Basondo
43.3433	-4.2314	39090	Rodezas
43.3434	-3.9953	39052	Zurita
43.3435	-3.5019	39102	Ribas
43.3435	-4.0366	39087	Sierrapando
43.3435	-6.4790	33073	Obona
43.3436	-3.7578	39037	La Costera
43.3436	-5.2606	33049	Priede
43.3437	-6.1383	33026	El Lobio
43.3437	-3.3369	39030	Adino
43.3437	-5.1341	33045	Soto de Dego
43.3438	-6.0279	33026	La Caleya
43.3440	-3.1257	48071	Pobeña
43.3443	-5.3237	33049	Melarde
43.3444	-3.6998	39064	La Lombana
43.3444	-5.7054	33066	Moñeca
43.3445	-5.5885	33006	Suares
43.3445	-6.3189	33073	El Faedal
43.3445	-3.4969	39102	San Pantaleón de Aras
43.3446	-8.3461	15058	Santa Cruz de Oleiros
43.3446	-7.6612	27065	Lanzós
43.3446	-4.1594	39060	Golbardo
43.3448	-5.6325	33066	Arenas
43.3449	-5.5029	33040	Piloñeta
43.3449	-5.5535	33006	La Riba
43.3451	-6.5744	33073	La Fanosa
43.3451	-5.5119	33040	Gradátila
43.3453	-4.2700	39090	Canales
43.3455	-3.8613	39099	Obregón
43.3455	-5.0834	33012	Soto de Cangas
43.3456	-3.7896	39037	El Condado
43.3457	-5.6082	33066	Saús
43.3459	-2.4842	48063	Mendexa
43.3460	-3.8388	39048	Sobarzo
43.3461	-8.1170	15091	Torres
43.3461	-3.7467	39037	Liérganes
43.3462	-6.5315	33073	Bustiello de la Cabuerna
43.3466	-4.4618	39095	Abanillas
43.3466	-5.0668	33012	Corao
43.3466	-2.6085	48033	Akorda
43.3467	-4.9053	33008	Escobal
43.3468	-3.2103	39020	Santullán
43.3469	-7.2357	27048	Rececende
43.3472	-4.1451	39060	Barcenaciones
43.3474	-7.1196	33071	Les
43.3476	-6.3928	33073	Santa Eulalia de Tineo
43.3478	-2.7984	48064	Andra Maria
43.3479	-5.6240	33066	Candín
43.3479	-6.0690	33026	Rañeces
43.3479	-7.2215	27048	Villar
43.3479	-4.5439	33055	Andinas
43.3480	-6.3374	33073	Villanueva del Rañadorio
43.3482	-5.3641	33049	Infiesto
43.3482	-4.3525	39091	Arguedes
43.3483	-5.0990	33012	Narciandi
43.3484	-3.7418	39037	Calgar
43.3484	-8.1480	15091	Villarmayor
43.3484	-5.3713	33049	Villanueva
43.3484	-6.4088	33073	Zarracín
43.3486	-3.4352	39002	Marrón
43.3486	-6.8502	33029	Cachafol
43.3488	-7.0582	33071	Teijo
43.3489	-4.4410	39095	Portillo
43.3489	-5.9191	33044	Sendín
43.3490	-4.9378	33043	Pedroso
43.3490	-5.6012	33066	Magdalena
43.3492	-3.1153	48913	La Arena
43.3492	-3.3267	39030	El Puente
43.3492	-6.4876	33073	Murias
43.3492	-5.5536	33006	La Rubiera
43.3492	-4.1778	39001	La Busta
43.3493	-2.4920	48063	Leagi
43.3493	-5.0845	33012	Celorio
43.3494	-5.1032	33012	Susierra
43.3494	-4.0479	39087	Torrelavega
43.3495	-5.2534	33049	Samaleo
43.3495	-7.1946	27048	Puente Nuevo
43.3496	-4.4840	39095	Luey
43.3496	-3.1261	48071	Campomar
43.3496	-5.4919	33040	Omedo
43.3496	-5.0583	33012	Corao-Castillo
43.3497	-7.5643	27065	Sar
43.3497	-6.1026	33026	Cañedo
43.3498	-5.4830	33040	Buyeres
43.3499	-5.0651	33012	Coraín
43.3499	-6.7518	33077	Castanedo
43.3500	-8.4167	15005	Viñas
43.3500	-5.9667	33044	Villarín
43.3500	-5.2000	33045	Viabaño
43.3500	-6.0167	33026	Vega de Peridiello
43.3500	-2.5500	48049	Soloaran
43.3500	-6.2000	33005	San Martín de Lodón
43.3500	-2.9000	48053	San Martin / San Martín de Tours
43.3500	-5.0000	33012	San Martín
43.3500	-5.9167	33044	San Claudio
43.3500	-5.5333	33040	Roiles
43.3500	-5.3833	33049	Ques
43.3500	-5.5167	33040	Priandi
43.3500	-5.3667	33049	Piloña
43.3500	-3.4333	39002	Pieragullano
43.3500	-5.9167	33044	Pedruño
43.3500	-5.1500	33045	Parres
43.3500	-8.2833	15075	Mosteirón
43.3500	-5.5667	33006	Montiquín
43.3500	-8.2000	15048	Miño
43.3500	-8.3000	15075	Meirás
43.3500	-7.2667	27054	Meilán
43.3500	-5.8333	33044	Manjoya
43.3500	-2.7833	48035	Mandaluiz
43.3500	-3.8667	39099	Lusa
43.3500	-5.6000	33066	Llovera
43.3500	-2.4833	48063	Likoa
43.3500	-2.7500	48010	Libao
43.3500	-8.1833	15048	Leiro
43.3500	-6.5500	33073	Lavandera
43.3500	-5.9667	33044	Junigro
43.3500	-5.0000	33012	Grazanes
43.3500	-5.9500	33044	Godos
43.3500	-7.9167	15050	Gestoso
43.3500	-3.0833	48913	El Puerto
43.3500	-5.8167	33044	El Pueblo
43.3500	-7.5667	27065	Corvelle
43.3500	-3.4167	39002	Collado
43.3500	-3.0833	48913	Zierbena
43.3500	-2.6500	48041	Zelaieta
43.3500	-2.4833	48063	Zelaia
43.3500	-5.4500	33040	Ceceda de Arriba
43.3500	-7.5500	27001	Castromayor
43.3500	-5.6333	33066	Carbayín
43.3500	-7.5000	27001	Candia
43.3500	-7.7667	27021	Candamil
43.3500	-7.4667	27001	Cabaneiro
43.3500	-6.5000	33073	Bustiello
43.3500	-5.5333	33040	Buruyosa
43.3500	-6.0000	33026	Borondes
43.3500	-7.0333	33071	Ambrós
43.3500	-8.2083	15048	Telle
43.3501	-4.1337	39060	Quijas
43.3502	-3.5981	39084	Riaño
43.3503	-4.5052	39095	Helgueras
43.3503	-6.8275	33029	Bullaso
43.3505	-4.0998	39060	Helguera
43.3505	-5.1866	33045	Granda
43.3507	-2.5045	48049	Kurtziaga
43.3507	-2.6192	48033	Zeeta
43.3507	-2.6151	48033	Bollar
43.3507	-5.9293	33044	Sograndio de Arriba
43.3509	-3.1728	39020	Ontón
43.3509	-5.5819	33006	Escobal
43.3510	-2.4895	48063	Iturreta
43.3511	-6.0075	33026	Belandres
43.3511	-3.7489	39037	Sotorrio
43.3511	-2.5441	48049	Solarte
43.3512	-5.1583	33045	Bada
43.3513	-3.7038	39064	La Cavada
43.3513	-7.1103	33071	Nío
43.3514	-6.5226	33073	Anzás
43.3514	-5.3444	33049	Roces
43.3514	-5.1292	33012	Cangas de Onís
43.3515	-5.5023	33040	Pando
43.3515	-6.2061	33005	Oviñana
43.3516	-4.1156	39060	Valles
43.3516	-3.8862	39099	Ríosapero
43.3518	-5.9455	33044	Villarmil
43.3518	-7.1991	27048	Goyos
43.3520	-6.1894	33005	Longoria
43.3522	-3.8138	39048	Penagos
43.3522	-7.3128	27044	Alvites
43.3523	-6.5639	33073	Ríocastiello
43.3525	-7.1591	27048	Conforto
43.3526	-3.2056	39020	Lusa
43.3528	-2.9897	48016	Santa Ana
43.3528	-6.7447	33077	Aguamaroza
43.3528	-3.9503	39052	Renedo
43.3535	-6.1830	33005	Lorero
43.3535	-3.7624	39037	Bucarrero
43.3536	-5.9572	33044	Soto
43.3537	-8.1291	15091	A Armada
43.3537	-5.3046	33049	Torín
43.3539	-4.3632	39091	Lamadrid
43.3539	-5.8890	33044	Piedramuelle
43.3539	-5.2397	33049	Caldevilla
43.3540	-3.5826	39084	El Portillo
43.3540	-3.3351	39030	La Magdalena
43.3543	-6.9409	33075	Brusquete
43.3543	-2.6846	48908	Murueta
43.3544	-6.1728	33005	Miranda
43.3545	-3.5050	39102	San Mamés de Aras
43.3545	-2.5617	48049	Barainka
43.3546	-4.2803	39024	La Molina
43.3546	-2.8452	48069	Mungia
43.3547	-7.8132	27021	Germade
43.3547	-5.1475	33045	San Juan
43.3547	-3.5362	39102	Secadura
43.3548	-5.0685	33012	Parora
43.3550	-5.0944	33012	Cardes
43.3551	-3.4970	39102	Bádames
43.3553	-5.0123	33012	Beceña
43.3554	-4.0670	39087	Torres
43.3554	-3.7764	39037	La Herrán
43.3555	-2.6230	48033	Elexalde-Zeeta
43.3556	-8.2583	15075	Sada d'Arriba
43.3556	-2.6823	48908	Goierria
43.3557	-5.4895	33040	Polanava
43.3558	-5.0802	33012	Perlleces
43.3560	-5.1209	33012	Elgueras
43.3561	-7.1767	27048	San Mamed
43.3562	-8.2580	15075	Sada
43.3562	-6.6912	33001	Bustantigo
43.3563	-3.2964	39030	Ranero
43.3563	-6.6477	33073	El Cerezal
43.3568	-5.2869	33049	Mones
43.3568	-7.2679	27054	Chacín
43.3568	-6.3252	33073	El Rañadorio
43.3569	-3.0115	48044	Getxo
43.3570	-5.6946	33066	Molledo
43.3570	-5.4623	33040	La Vilortera
43.3571	-3.7955	39037	Somarriba
43.3572	-5.8099	33044	Pando
43.3573	-8.3315	15058	Dorneda
43.3573	-6.1264	33026	Moutas
43.3577	-6.6169	33073	La Cebedal
43.3577	-4.4402	39095	Estrada
43.3577	-3.2409	39020	Sámano
43.3580	-3.8223	39048	Cabarceno
43.3581	-5.5106	33040	Nava
43.3581	-6.0513	33026	Panizal
43.3582	-3.5876	39084	Regolfo
43.3583	-4.4246	39080	Hortigal
43.3584	-6.8432	33029	Gío
43.3585	-5.4618	33040	Sienra
43.3586	-7.0118	33075	Busdemouros
43.3586	-3.3116	39030	Balbacienta
43.3586	-6.9578	33075	Bobia
43.3587	-3.7815	39037	Tarriba
43.3590	-4.0549	39087	Duález
43.3591	-5.2049	33045	El Collado de Llames
43.3592	-4.0998	39060	La Veguilla
43.3593	-5.9675	33044	Udrión
43.3594	-5.3283	33049	San Román
43.3595	-6.5270	33073	San Andrés
43.3595	-5.3049	33049	Villamayor
43.3595	-6.5957	33073	La Fajera
43.3597	-6.8202	33029	Villar de Bullaso
43.3598	-4.3493	39091	La Cotera
43.3599	-5.2422	33049	Villar de Huergo
43.3599	-3.2021	39020	Mioño
43.3599	-5.2311	33045	Soto de las Dueñas
43.3601	-6.2703	33059	Soto de los Infantes
43.3601	-8.1990	15048	Punta Bañobre
43.3601	-5.6204	33066	Lamuño
43.3602	-7.1083	33071	Taramundi
43.3602	-5.0857	33012	Onao
43.3603	-6.0000	33026	Báscones
43.3603	-5.8448	33044	Oviedo
43.3603	-6.5146	33073	Sabadel de Troncedo
43.3604	-5.4747	33040	Tresali
43.3605	-2.6677	48041	Islabekoa
43.3606	-4.9257	33036	Ilcedo
43.3606	-6.1995	33059	Alava
43.3606	-7.3737	27044	Cadabedo
43.3606	-6.4911	33073	Francos
43.3606	-5.0289	33012	Llenín
43.3606	-8.1341	15091	Viaxe de Abaixo
43.3606	-4.0654	39087	Ganzo
43.3608	-6.1068	33026	Pereda
43.3609	-6.2150	33059	Bárzana
43.3610	-4.1512	39001	Rudaguera
43.3611	-7.2761	27054	Ferrería
43.3611	-5.0571	33012	Labra
43.3613	-5.7737	33066	Mieres
43.3613	-7.1495	27048	Vilar
43.3613	-6.7949	33007	Fuentes Cabadas
43.3615	-4.0862	39060	Puente San Miguel
43.3615	-2.5434	48049	Kortazar
43.3617	-6.6546	33073	Paradiella
43.3618	-4.5509	33055	Villanueva
43.3618	-7.2818	27054	Villaseca
43.3619	-7.5899	27065	Samarugo
43.3621	-4.3494	39091	Sejo de Abajo
43.3622	-4.5940	33055	Boquerizo
43.3623	-3.7529	39042	Anaz
43.3623	-7.1957	27048	Fojas
43.3624	-3.3128	39030	Pomar
43.3625	-3.7323	39042	Hermosa
43.3625	-4.3915	39080	Abaño
43.3626	-6.1533	33005	Cutiellos
43.3628	-3.0189	48044	Andra Mari
43.3629	-7.0928	33071	Valín
43.3629	-6.2991	33059	Buspol
43.3630	-5.7310	33066	Solad
43.3630	-5.2612	33049	Sevares
43.3630	-6.7420	33077	Couz
43.3630	-4.4495	39095	Serdió
43.3631	-2.8729	48040	Gatika
43.3631	-5.3321	33049	Argandenes
43.3633	-5.1704	33045	Arenas
43.3634	-2.9190	48053	Urresti
43.3635	-6.2253	33005	Castañedo
43.3635	-5.0398	33012	Tárano
43.3635	-6.4647	33073	Riviella
43.3636	-5.1318	33012	Llueves
43.3636	-6.5624	33073	Collada
43.3636	-5.1527	33045	La Vega
43.3637	-4.3168	39024	Ríoturbo
43.3637	-7.1383	27048	Candaedos
43.3637	-2.5180	48049	Gardata
43.3639	-3.9692	39052	Vioño
43.3640	-5.2698	33049	La Piñera
43.3640	-3.4178	39038	Limpias
43.3640	-2.5479	48049	Larrinaga
43.3640	-7.0994	33071	Llan
43.3641	-5.1855	33045	Romillo
43.3641	-7.1764	27048	Dodrín
43.3642	-2.5049	48057	Lekeitio
43.3642	-3.3179	39030	Ríoseco
43.3643	-6.5185	33073	Bárcena del Monasterio
43.3643	-4.5736	33055	Noriega
43.3646	-5.9806	33026	Berció
43.3647	-4.2909	39024	Ruiseñada
43.3649	-4.1231	39060	Cerrazo
43.3649	-3.7010	39028	Navajeda
43.3650	-2.9960	48016	Berango
43.3651	-5.4011	33049	Serpiedo
43.3652	-5.1500	33012	Villanueva
43.3652	-5.2193	33045	Prunales
43.3652	-4.4816	39095	Muñorrodero
43.3653	-5.1986	33045	Arobes
43.3654	-5.9906	33026	Fuejo (Grado)
43.3654	-4.1066	39060	Villapresente
43.3655	-4.4975	39095	Prío
43.3655	-4.3312	39091	Larteme
43.3656	-3.3404	39030	Lugarejos
43.3657	-3.6312	39028	Hornedo
43.3657	-6.3265	33059	Idarga
43.3658	-7.2291	27048	Rececende
43.3659	-7.6354	27065	Moreda
43.3661	-5.2294	33045	Castiello
43.3661	-5.6502	33066	Leceñes
43.3662	-3.5696	39084	Fresnedo
43.3662	-4.5176	39095	Molleda
43.3663	-7.4609	27001	Quende
43.3664	-8.1692	15048	Carantoña
43.3664	-5.6690	33066	Tiroco de Abajo
43.3664	-3.7636	39042	San Vitores
43.3665	-4.4067	39080	La Acebosa
43.3665	-5.5616	33040	El Solano
43.3666	-5.6065	33066	Acebal
43.3667	-8.4333	15030	Visma
43.3667	-7.2667	27054	Villar de Santiago
43.3667	-8.0833	15050	Vilachá
43.3667	-5.7167	33066	Vallina
43.3667	-5.6333	33066	Valdesoto
43.3667	-2.8333	48069	Trobika
43.3667	-5.6000	33066	Traspando
43.3667	-5.6500	33066	Tiroco de Arriba
43.3667	-5.7500	33066	Tiñana
43.3667	-2.8000	48064	Mesterika
43.3667	-5.5833	33066	Roza
43.3667	-5.5333	33040	Robledo
43.3667	-6.1500	33005	Requejo
43.3667	-5.7000	33066	Pumarín
43.3667	-5.8167	33044	Prados
43.3667	-5.5000	33040	Paraes
43.3667	-2.5833	48028	Olabe
43.3667	-5.3833	33049	Monte Coya
43.3667	-8.2833	15075	Mondego
43.3667	-7.2333	27048	Mojoeira
43.3667	-6.0667	33026	Llantrales
43.3667	-5.7833	33066	Limanes
43.3667	-6.4833	33073	La Oteda
43.3667	-6.1500	33005	Láneo
43.3667	-6.4167	33073	La Llaneza
43.3667	-5.3167	33049	La Busta
43.3667	-2.5333	48049	Ispaster
43.3667	-5.7167	33066	Hevia
43.3667	-6.0333	33026	Gurullés
43.3667	-2.8667	48039	Garai
43.3667	-5.7333	33066	Fueyo
43.3667	-6.8333	33029	Froseira
43.3667	-5.7333	33066	Fozana
43.3667	-5.9500	33044	Feleches
43.3667	-5.2000	33045	El Otero
43.3667	-6.0500	33026	Cueto
43.3667	-5.7333	33066	Cuclillos
43.3667	-5.4167	33049	Coya
43.3667	-5.4500	33040	Ceceda de Abajo
43.3667	-8.1833	15048	Castro
43.3667	-2.9167	48040	Butroe
43.3667	-2.6167	48028	Basetxeta-Atxoste
43.3667	-2.5167	48049	Artika
43.3667	-5.8500	33044	Arcos
43.3667	-7.4833	27001	Abadín
43.3667	-4.5333	39095	Villanueva De Colombres
43.3668	-7.2828	27054	Lamas
43.3669	-4.0445	39087	Barreda
43.3670	-5.4178	33049	Villarriba
43.3670	-3.5127	39102	Llánez
43.3672	-5.3148	33049	Valles
43.3673	-3.8628	39099	Villanueva de Villaescusa
43.3674	-5.9050	33044	Villamar
43.3674	-6.0098	33026	Somines
43.3675	-3.4924	39102	Rada
43.3676	-5.5496	33040	Sierra
43.3676	-3.4413	39102	Angustina
43.3677	-2.8107	48069	Larrauri-Markaida
43.3679	-4.0779	39076	Mijares
43.3679	-4.6362	33036	La Borbolla
43.3679	-4.3496	39080	Sejo de Arriba
43.3681	-2.6389	48041	Basetxeta
43.3681	-3.9559	39052	Quijano
43.3681	-6.5456	33073	Cornás
43.3682	-5.4886	33040	Monga
43.3684	-5.2563	33049	Sorribas
43.3684	-5.4069	33049	Villabajo
43.3685	-4.5391	33055	Vilde
43.3685	-2.7024	48021	Altamira
43.3686	-2.6929	48021	San Cristóbal
43.3686	-1.7962	20036	Hondarribia
43.3686	-6.8295	33029	Lombatín
43.3687	-5.2401	33049	Cúa
43.3689	-5.1517	33045	Sobrepiedra
43.3690	-7.0642	33071	Bres
43.3691	-6.4426	33073	Cerezal
43.3691	-6.5955	33073	Cerecedo del Monte
43.3693	-5.6351	33066	Castiello
43.3693	-2.6106	48028	Olagorta
43.3694	-3.2136	39020	Brazomar
43.3696	-6.5057	33073	Troncedo
43.3698	-7.1244	33071	Cancelos
43.3698	-5.5271	33040	Villa
43.3699	-3.8522	39099	La Concha
43.3700	-5.0701	33012	Carmones
43.3700	-6.4091	33073	Las Tabiernas
43.3700	-5.2823	33049	Antrialgo
43.3702	-5.7307	33066	Campo
43.3703	-5.1833	33045	Ozanes
43.3705	-4.8902	33036	Jarreras
43.3706	-2.5908	48028	Alloa
43.3707	-2.8566	48069	Billela
43.3708	-6.3119	33059	Cueva
43.3709	-7.2186	27048	Insúa
43.3709	-6.7390	33077	Pojos
43.3709	-6.7253	33077	Busmayor
43.3710	-6.5370	33073	Folgueras de Cornás
43.3710	-6.2553	33059	Viescas
43.3711	-6.2340	33059	Ovanes
43.3712	-3.4611	39102	Carasa
43.3713	-8.3960	15030	A Coruña
43.3715	-5.5235	33040	Llames Bajo
43.3719	-3.3282	39030	Santa Cruz
43.3719	-2.5671	48049	Mendiola
43.3721	-5.5761	33066	Campiello
43.3722	-7.0921	33071	Piñeiro
43.3725	-5.8931	33044	El Carbayón
43.3726	-4.1244	39060	San Esteban
43.3727	-6.6429	33073	Leirosa
43.3731	-6.3669	33073	El Pedregal
43.3733	-6.1953	33040	Nava
43.3736	-3.7163	39028	Ceceñas
43.3738	-4.0975	39076	Vispieres
43.3740	-5.2824	33049	Goleta
43.3740	-5.5473	33040	El Remedio
43.3741	-4.2586	39068	Ruilobuca
43.3743	-5.0761	33012	Tresano
43.3743	-5.0014	33012	Cuerres
43.3744	-5.8015	33044	Roces
43.3745	-7.1883	27048	Cova
43.3746	-6.2804	33059	Pevidal
43.3746	-8.3245	15058	Maianca
43.3746	-5.0628	33012	Las Carbonosas
43.3747	-4.9137	33036	Meré
43.3747	-5.8689	33044	Naranco
43.3747	-7.0590	33071	Arrojo
43.3749	-4.5421	33055	Colombres
43.3749	-4.3372	39091	El Tejo
43.3749	-6.0236	33026	San Pelayo-Sienra
43.3750	-8.2667	15075	Carnoedo
43.3751	-6.4337	33073	Folguerúa
43.3752	-6.5037	33073	Luciernas
43.3752	-2.7023	48021	San Bartolomé
43.3753	-6.8099	33007	Sarceda
43.3753	-5.1505	33045	Las Rozas
43.3754	-8.1136	15091	Grandal
43.3754	-5.7115	33066	Orial
43.3754	-4.5847	33055	Bojes
43.3755	-5.4733	33040	Pruneda
43.3756	-4.5171	39095	Unquera
43.3756	-4.4875	39095	Pesués
43.3756	-8.2976	15075	Veigue
43.3756	-5.3554	33049	Pintueles
43.3757	-6.8388	33029	Cedemonio
43.3758	-3.7456	39042	Sobremazas
43.3759	-5.7486	33066	Meres
43.3760	-4.0175	39054	Posadillo
43.3761	-5.9690	33044	Prianes
43.3761	-4.9102	33036	El Cueto
43.3762	-3.8915	39052	Parbayón
43.3762	-6.2253	33059	Cortés
43.3762	-4.5209	33055	El Bustio
43.3764	-6.7897	33007	Mestas
43.3764	-6.4621	33073	Tablado de Riviella
43.3764	-6.2609	33059	Ablaneda
43.3765	-7.0453	33071	Freije
43.3767	-8.2115	15048	Perbes
43.3768	-6.0053	33026	Nalió
43.3770	-3.8599	39099	Solía
43.3770	-3.6114	39084	Garzón
43.3771	-4.0298	39054	Barrio Obrero
43.3771	-5.9410	33054	Quejo
43.3772	-3.3187	39030	Nocina
43.3772	-7.2337	27048	Acebro
43.3772	-5.3959	33049	Bargaedo
43.3773	-5.3791	33049	Lodeña
43.3773	-5.2977	33049	Miyares
43.3773	-7.1477	27048	Figueirúa
43.3773	-5.3380	33049	Cadanes
43.3775	-4.2613	39068	Pando
43.3776	-4.6483	33036	Los Cándanos
43.3777	-2.8877	48040	Igartua
43.3777	-2.5709	48028	Bedaroa
43.3777	-5.9562	33054	Nora
43.3777	-4.6290	33036	Carranzo
43.3778	-4.0383	39087	Ramera
43.3778	-3.4272	39038	Costamar
43.3778	-5.7396	33066	Fonciello
43.3778	-6.5564	33073	Yervo
43.3779	-6.2087	33059	Cermoño
43.3780	-5.6959	33066	Gijún
43.3780	-7.2962	27054	Cima de Vila de Santalla
43.3783	-4.1793	39001	Novales
43.3783	-3.4913	39102	Nates
43.3785	-3.6807	39028	Entrambasaguas
43.3785	-2.9572	48089	Landa
43.3785	-4.8757	33036	Cortines
43.3787	-4.8982	33036	Debodes
43.3788	-4.6104	33036	Tresgrandas
43.3789	-3.7078	39028	Santa Marina
43.3789	-8.1371	15091	Doroña
43.3789	-2.9831	48085	Sopela
43.3789	-4.3604	39080	La Revilla
43.3790	-5.8824	33044	Ulés
43.3791	-4.0640	39076	Viveda
43.3792	-3.3358	39030	Torquiendo
43.3795	-4.0734	39076	Queveda
43.3795	-4.8664	33036	Caldueñín
43.3795	-4.3166	39024	La Rabia
43.3796	-3.8417	39099	Liaño
43.3797	-4.5537	33055	El Peral
43.3798	-5.1032	33012	Parda
43.3798	-2.5856	48028	Ea
43.3801	-5.5899	33066	Pedrera
43.3804	-5.9266	33044	Loriana
43.3808	-2.6749	48041	Kanala
43.3808	-7.0130	33074	Restrepo
43.3808	-4.2507	39068	Barrio de la Iglesia
43.3809	-5.6795	33066	La Parte
43.3810	-2.6135	48028	Natxitua
43.3812	-7.0632	33071	Galiñeiros
43.3812	-5.5067	33040	Viobes
43.3812	-7.1261	33071	Arredondas
43.3813	-6.3042	33059	La Curriquera
43.3813	-5.8462	33044	Fitoria
43.3815	-6.8241	33007	Silvón
43.3815	-3.5479	39031	Ríolastras
43.3815	-4.3277	39091	Ceceño
43.3817	-6.6473	33073	Tejedal
43.3819	-3.3710	39036	Iseca Nueva
43.3819	-3.8493	39099	Bofetán
43.3819	-5.2485	33049	Cereceda
43.3820	-4.8509	33036	El Mazuco
43.3822	-5.3140	33049	Vallobal
43.3822	-8.3318	15058	Serantes
43.3823	-3.5878	39084	Solórzano
43.3824	-6.1980	33059	Planadera
43.3825	-5.4852	33040	Cuenya
43.3825	-5.4125	33049	Baraya
43.3827	-5.7996	33066	Colloto
43.3827	-3.8773	39052	Cianca
43.3827	-5.1153	33012	Olicio
43.3828	-4.0024	39054	Soña
43.3828	-4.8794	33036	Villa
43.3828	-3.2204	39020	Castro-Urdiales
43.3829	-3.8175	39099	Socabarga
43.3830	-6.6790	33077	Lende forno
43.3832	-4.4382	39095	Santillán
43.3832	-5.2035	33045	Cuadroveña
43.3833	-5.0465	33012	Zardón
43.3833	-6.1000	33026	Villapañada
43.3833	-7.1833	27048	Villaouruz
43.3833	-8.2000	15048	Villanueva
43.3833	-2.8667	48040	Ergoien
43.3833	-8.0667	15050	Queijeiro
43.3833	-7.0167	33074	Paramíos
43.3833	-5.6500	33066	Negales
43.3833	-7.8333	15070	Miraz
43.3833	-2.9333	48077	Mendiondo
43.3833	-6.1000	33026	Los Fornos
43.3833	-5.8667	33044	Lillo
43.3833	-5.5667	33066	Lieres
43.3833	-4.5833	33055	Las Conchas
43.3833	-6.0500	33026	La Mata
43.3833	-5.8167	33044	La Corredoría
43.3833	-5.6833	33066	La Carrera
43.3833	-6.3000	33059	La Bonga
43.3833	-7.0833	33071	Goje
43.3833	-7.4167	27030	Galgao
43.3833	-5.8000	33066	Folgueras
43.3833	-5.5833	33066	Feleches
43.3833	-5.5667	33066	Faya
43.3833	-7.4833	27001	Fanoy
43.3833	-6.1167	33026	El Fresno
43.3833	-3.2167	39020	El Chorrillo
43.3833	-2.6333	48048	Durikiz
43.3833	-7.6167	27065	Cuesta
43.3833	-5.5833	33066	Collado
43.3833	-5.0667	33012	Carrocedo
43.3833	-3.2333	39020	Campijo
43.3833	-4.8667	33036	Caldueño
43.3833	-6.4667	33073	Bustiello de Tablado
43.3833	-6.1833	33059	Borreras
43.3833	-8.2167	15069	Boebre
43.3833	-6.3500	33073	Bedures
43.3833	-5.7167	33066	Argüelles
43.3833	-8.1667	15069	Andrade
43.3833	-6.1333	33059	Alvaré
43.3833	-3.7386	39042	Solares
43.3834	-5.7686	33066	Granda
43.3835	-3.7316	39042	Valdecilla
43.3835	-5.6392	33066	Vigil
43.3835	-2.6977	48021	Axpe-San Bartolome
43.3836	-6.5938	33073	Foz
43.3836	-6.0959	33026	Acebedo
43.3838	-2.8621	48061	Larrazabal
43.3839	-4.3146	39024	Trasvia
43.3839	-4.4339	39095	Las Naves
43.3840	-7.1636	33063	Trasdacorda
43.3840	-7.0587	33071	Entorcisa
43.3841	-7.1752	33063	Prado
43.3841	-7.2813	27030	Bidueiras
43.3841	-3.3803	39036	Villaviad
43.3844	-5.2594	33049	La Bárcena
43.3844	-4.9204	33036	Malatería
43.3844	-8.3461	15058	Mera
43.3845	-2.7940	48064	Emerando
43.3846	-6.5410	33073	Tremado
43.3847	-5.5114	33040	La Vega
43.3847	-4.9347	33036	Palacio
43.3847	-4.8946	33036	Rotella
43.3849	-2.8328	48069	Markaida
43.3849	-4.1127	39076	Herrán
43.3850	-6.1543	33059	Barca
43.3851	-4.3993	39080	San Vicente de la Barquera
43.3851	-5.9859	33026	Barredo
43.3852	-4.0164	39054	Polanco
43.3854	-6.9929	33074	Pumarega
43.3854	-6.3831	33073	Buspoulín
43.3854	-3.4113	39038	Seña
43.3854	-4.7079	33036	Purón
43.3854	-4.3388	39080	Los Llaós
43.3856	-5.0229	33012	Busto-Vela
43.3856	-5.7046	33042	Berrón
43.3856	-4.9339	33036	Villanueva
43.3860	-4.2660	39068	Concha
43.3860	-5.6189	33066	Aramil
43.3860	-4.2916	39024	Comillas
43.3861	-4.5698	33055	La Franca
43.3861	-6.6096	33073	Vallinaferrera
43.3862	-3.9975	39054	Rumoroso
43.3862	-7.0123	33074	Monticelo
43.3868	-6.4031	33073	Bustellán
43.3868	-5.9186	33044	Lubrió
43.3869	-4.9436	33036	Ardisana
43.3869	-4.4482	39095	Prellezo
43.3872	-5.9497	33054	Rañeces
43.3874	-6.7073	33077	Bustelfollado
43.3874	-5.6751	33066	Posada
43.3874	-5.2274	33045	Nevares
43.3875	-4.2136	39001	Cóbreces
43.3875	-6.0025	33026	Llera
43.3876	-6.8895	33029	El Pato
43.3877	-5.5886	33066	Corros
43.3879	-4.1805	39001	Cigüenza
43.3880	-6.0743	33026	Grado
43.3880	-3.2298	39020	Urdiales
43.3881	-5.5982	33066	Camino
43.3881	-5.9685	33054	Grado
43.3881	-6.5008	33073	San Fructuoso
43.3882	-3.3735	39036	Sopeña
43.3882	-3.3828	39036	La Portilla
43.3884	-5.4060	33009	Peñella
43.3885	-2.9956	48085	Playa Arrietara
43.3886	-6.4436	33073	Villatresmil
43.3887	-6.1639	33059	Quintoños
43.3887	-4.2686	39068	Casasola
43.3887	-3.9565	39052	Barcenilla
43.3888	-4.5404	33055	Pimiango
43.3888	-7.2565	27054	Aguajosa
43.3890	-4.2427	39068	Sierra
43.3890	-4.1084	39076	Santillana
43.3891	-5.1120	33012	Colladín
43.3891	-6.7368	33077	Valdedo
43.3892	-5.1723	33012	Coviella
43.3893	-5.3136	33049	Moñío
43.3895	-6.1346	33059	San Marcelo
43.3898	-4.9098	33036	Torrevega
43.3898	-7.3157	27030	Braña
43.3898	-4.4901	39095	Pechón
43.3899	-3.6657	39062	Gorenid
43.3899	-4.2302	39068	Trasierra
43.3900	-5.0498	33012	Santianes de Ola
43.3900	-5.1865	33045	Les Arriondes
43.3900	-6.3453	33073	La Pereda
43.3902	-5.9336	33044	Gallegos
43.3903	-4.0282	39054	Requejada
43.3903	-3.9937	39054	Barrio de Rivas
43.3903	-2.6342	48048	Ibarrangelu
43.3903	-2.9920	48085	Bareño
43.3904	-3.7881	39042	Santiago
43.3904	-6.7570	33077	Solares
43.3905	-2.6248	48048	Arboliz
43.3907	-3.3877	39036	Noval
43.3908	-6.2453	33059	Godán
43.3908	-2.6943	48021	Itxasbegi
43.3911	-5.4225	33009	Hería
43.3912	-4.9581	33036	Mestas
43.3912	-4.2515	39068	Liandres
43.3913	-6.7790	33007	Sampol
43.3914	-5.2158	33045	Güexes
43.3916	-5.1886	33045	Castañera
43.3917	-5.4553	33009	Camás
43.3918	-7.1370	33063	Espasande
43.3919	-5.2745	33049	Sardeda
43.3919	-2.6561	48048	Garteiz
43.3920	-3.4023	39035	Tarrueza
43.3921	-3.6879	39028	Término
43.3922	-6.5459	33073	Morados
43.3923	-5.6634	33066	Pola de Siero
43.3924	-5.9559	33054	Escamprero
43.3925	-6.5507	33073	Zardaín
43.3925	-6.4668	33073	Bustoburniego
43.3926	-3.8060	39042	San Salvador
43.3930	-4.6165	33036	Buelna
43.3931	-6.6239	33073	Rellanos
43.3931	-3.3797	39036	Hazas
43.3931	-5.7801	33066	Viella
43.3932	-5.5913	33066	Collao
43.3933	-3.8553	39008	Guarnizo
43.3933	-5.3229	33049	Borines
43.3935	-3.4703	39009	Treto
43.3935	-6.1217	33026	La Fuexa
43.3935	-7.0040	33074	Barranca de Paramíos
43.3935	-6.7420	33077	Ponticiella
43.3935	-6.8302	33007	Doiras
43.3936	-5.7066	33042	Noreña
43.3937	-4.9459	33036	Ríocaliente
43.3938	-6.2429	33059	Otero
43.3940	-4.0928	39076	Camplengo
43.3942	-5.0778	33012	San Tirso
43.3944	-7.0899	33071	Abraido
43.3945	-3.7157	39028	El Bosque
43.3946	-5.0187	33012	Igena
43.3948	-7.8509	15070	Piñeiro
43.3948	-4.1952	39001	Toñanes
43.3948	-6.1436	33059	Dóriga
43.3948	-7.0183	33074	Espina
43.3948	-6.2657	33059	Acellana
43.3950	-4.7380	33036	Covielles
43.3950	-6.7232	33077	Valle
43.3950	-4.1346	39001	Oreña
43.3951	-5.3999	33009	Torazo
43.3952	-3.4772	39009	Adal
43.3953	-3.9426	39052	Posadorios
43.3954	-3.7679	39042	Heras
43.3954	-5.1391	33012	Miyar
43.3954	-3.2483	39020	Allendelagua
43.3955	-5.9703	33054	Taoces
43.3957	-5.9932	33054	Premoño
43.3957	-8.3233	15058	Dexo
43.3957	-4.6730	33036	Riego
43.3958	-5.2533	33049	Robledo
43.3959	-6.0284	33026	Anzo
43.3959	-5.3425	33049	Viyao
43.3959	-4.7302	33036	San Roque del Acebal
43.3959	-4.7720	33036	La Pereda
43.3959	-7.9089	15070	Bermuy
43.3960	-6.5310	33073	Miño
43.3960	-3.3228	39020	Oriñón
43.3962	-5.6546	33066	Rebollar
43.3962	-6.8648	33007	Villar de San Pedro
43.3963	-6.5138	33073	Genestosa
43.3963	-5.7718	33066	Bobes
43.3963	-4.0492	39085	Hinojedo
43.3963	-6.1763	33059	Santa Eufemia
43.3964	-6.3484	33059	Brañalonga
43.3965	-5.7607	33066	Campa
43.3965	-5.4328	33009	Fresno
43.3965	-3.5892	39031	Hazas de Cesto
43.3966	-5.3148	33049	Sieres
43.3967	-3.4536	39023	Colindres
43.3967	-6.8167	33007	Piñeira
43.3967	-6.9638	33017	Leirío
43.3967	-6.5829	33073	Barrero
43.3968	-5.5705	33065	La Masanti
43.3970	-4.9120	33036	Puente Nuevo
43.3972	-5.6875	33066	Ferrera
43.3973	-4.6354	33036	Pendueles
43.3974	-6.3321	33059	La Espina
43.3974	-5.1456	33012	Triongo
43.3976	-3.6521	39062	Anero
43.3978	-6.6956	33077	Lendequintana
43.3978	-6.8986	33007	Bajada
43.3978	-4.6648	33036	Vidiago
43.3979	-3.3655	39036	Mollaneda
43.3979	-6.4352	33073	Peñafolgueros
43.3979	-6.7922	33016	Castrillón
43.3979	-6.6330	33073	Burgazal
43.3979	-6.1959	33059	Monteagudo
43.3980	-5.4435	33009	Fresnedo
43.3981	-5.1934	33045	San Andrés
43.3982	-5.8860	33044	Ladines
43.3982	-5.1855	33045	Pendás
43.3982	-6.1416	33059	San Esteban
43.3984	-5.1674	33045	Bode
43.3984	-2.7562	48017	Arranotegi
43.3984	-6.3654	33073	Faedo de Brañalonga
43.3985	-2.6606	48048	Akorda
43.3985	-4.8923	33036	Santoveña
43.3986	-6.9076	33007	Brañavara
43.3986	-6.3746	33073	Cezures
43.3986	-7.0640	33071	Villarede
43.3987	-3.4029	39035	Valmejor
43.3987	-4.7572	33036	Soberrón
43.3990	-6.1212	33026	Cabruñana
43.3990	-4.6860	33036	Puertas
43.3991	-4.8957	33036	La Sertal
43.3992	-5.7944	33066	Naón
43.3993	-2.6502	48048	Gendika
43.3994	-3.2662	39020	Cérdigo
43.3994	-4.8941	33036	Mediavilla
43.3995	-5.4089	33009	Miyangües
43.3997	-7.1374	33063	Lombal
43.3997	-4.1361	39001	Viallán
43.3997	-4.7489	33036	La Galguera
43.3999	-2.9481	48014	Musaurieta
43.4000	-6.2000	33059	Villazón
43.4000	-8.1667	15069	Vilar
43.4000	-2.8667	48061	Billabaso
43.4000	-5.6333	33066	Vega de Poja
43.4000	-5.9500	33054	Valsera
43.4000	-6.0000	33054	Valduno
43.4000	-8.1000	15050	Taboada
43.4000	-7.4167	27030	Sasdónigas
43.4000	-5.5333	33065	Sariego
43.4000	-3.4333	39035	Santolaja
43.4000	-7.4667	27001	Romariz
43.4000	-2.9667	48014	Aranbaltza
43.4000	-6.3500	33073	Posadorio
43.4000	-2.7000	48076	Sukarrieta
43.4000	-8.1500	15069	Nogueirosa
43.4000	-7.4000	27030	Mondoñedo
43.4000	-7.2833	27030	Mayor
43.4000	-5.1167	33012	Margolles
43.4000	-5.6167	33066	Marcenado
43.4000	-3.8167	39008	Los Molinos
43.4000	-6.2333	33059	La Sala
43.4000	-7.5000	27001	Labrada
43.4000	-8.1333	15069	Ombre
43.4000	-2.9667	48014	Goierri
43.4000	-7.9333	15070	Faeira
43.4000	-8.0000	15070	Eume
43.4000	-2.9500	48014	Elexalde
43.4000	-3.8667	39016	El Carmen
43.4000	-6.1333	33059	Dóriga
43.4000	-6.0667	33026	Castañedo
43.4000	-8.1833	15069	Breamo
43.4000	-6.0167	33054	Bolgues
43.4000	-5.6000	33066	Aramil de Arriba
43.4000	-2.9000	48056	Andraka
43.4000	-5.3333	33049	Anayo
43.4000	-4.7333	33036	Acebal
43.4001	-5.4249	33009	Piñera
43.4002	-4.0094	39054	Mar
43.4002	-5.0065	33036	Riensena
43.4004	-7.1507	33063	Eilale
43.4004	-5.5534	33065	Santianes
43.4006	-6.2701	33059	Poles
43.4006	-6.4922	33073	Paniceros
43.4007	-5.0920	33012	Villa
43.4007	-7.6591	27065	Villapedre
43.4008	-3.3703	39036	Liendo
43.4008	-4.8961	33036	Vibaño
43.4009	-4.9149	33036	Los Callejos
43.4009	-3.5496	39009	Moncalián
43.4009	-3.8205	39008	El Astillero
43.4011	-6.2002	33059	Villarraba
43.4012	-6.0451	33026	Sestiello
43.4012	-5.1149	33012	Cuenco
43.4012	-5.1085	33012	Peruyes
43.4015	-6.9897	33074	Molejón
43.4015	-6.4358	33073	El Fondal
43.4016	-3.3712	39036	Iseca Vieja
43.4018	-5.9461	33054	Tamargo
43.4021	-5.6401	33066	Lugarín
43.4022	-4.0899	39076	Yuso
43.4023	-6.6712	33077	Parlero
43.4023	-6.0461	33026	Peñaflor
43.4024	-2.6391	48031	Elantxobe
43.4027	-5.8121	33066	Lugones
43.4028	-5.4881	33040	Verdera
43.4028	-6.7448	33077	Loredo
43.4028	-5.1432	33045	Fuentes
43.4028	-3.9791	39052	Valmoreda
43.4031	-5.2363	33045	Fíos
43.4034	-3.9526	39052	Oruña
43.4034	-5.3770	33009	Cotariella
43.4036	-3.4319	39035	La Pesquera
43.4036	-6.7991	33007	Merou
43.4036	-7.0581	33071	El Castro
43.4037	-4.1265	39076	Arroyo
43.4037	-7.0780	33071	Tingas
43.4039	-5.2004	33045	El Colláu
43.4040	-6.3164	33059	Bodenaya
43.4042	-7.7644	27021	Cabreiros
43.4042	-6.2507	33059	Mallecín
43.4043	-5.5480	33065	Nora
43.4044	-3.4907	39009	Barrio de San Pelayo
43.4044	-5.4337	33009	Naveda
43.4044	-3.2999	39020	Islares
43.4044	-3.3679	39036	Villanueva
43.4045	-6.1618	33059	Sobrerriba
43.4046	-3.4891	39009	Cicero
43.4046	-6.7189	33077	Trabada
43.4047	-5.4011	33009	Castiello
43.4048	-5.3174	33049	La Infiesta
43.4049	-7.1869	27061	Vilaformán
43.4051	-6.5520	33073	Navelgas
43.4052	-5.3854	33009	Cervera
43.4052	-6.4427	33073	Fastias
43.4052	-3.9012	39016	Escobedo
43.4053	-5.8723	33044	Folgueras
43.4053	-6.3791	33073	Monteoscuro
43.4053	-3.7169	39028	Puente Agüero
43.4053	-2.9479	48077	Plentzia
43.4054	-3.4821	39009	Barrio de La Rueda
43.4056	-6.8796	33007	Ronda
43.4057	-6.9962	33074	Nafarea
43.4058	-2.7793	48017	Mañua
43.4058	-2.6721	48048	Gametxo
43.4058	-6.6843	33077	Bullimeiro
43.4060	-7.1910	27061	Villasusá
43.4060	-4.7586	33036	La Arquera
43.4060	-5.7940	33066	Fresneda
43.4064	-3.8662	39016	Revilla
43.4065	-5.5946	33066	Villanueva
43.4065	-5.3359	33049	Robledo
43.4065	-5.6917	33066	Espiniella
43.4065	-4.7765	33036	Parrés
43.4066	-5.5512	33065	Moral
43.4066	-4.7167	33036	Andrín
43.4066	-5.9790	33054	Ania
43.4066	-5.8305	33044	La Pedrera
43.4069	-5.2384	33045	Pandiellu
43.4069	-7.3462	27030	Argomoso
43.4069	-5.6077	33066	Aveno
43.4070	-3.4025	39035	Las Cárcobas
43.4070	-6.6228	33073	Coldobrero
43.4070	-5.4580	33009	Villares
43.4071	-4.0763	39085	Puente-Avios
43.4071	-6.9784	33074	Fabal
43.4071	-3.6620	39062	Hoz de Anero
43.4072	-7.1578	33063	San Andrés
43.4074	-3.8850	39016	Camargo
43.4076	-3.8009	39040	Pontejos
43.4077	-4.9078	33036	Allende
43.4077	-5.8444	33044	Villapérez
43.4078	-8.1721	15069	Pontedeume
43.4080	-2.6985	48068	Mundaka
43.4081	-6.9474	33017	Villarín
43.4083	-7.0582	33071	Ouría
43.4085	-6.8063	33007	Prelo
43.4085	-6.3364	33059	Ovés
43.4085	-6.5768	33073	Conto
43.4085	-3.7497	39040	Orejo
43.4085	-2.7349	48017	Almika
43.4087	-5.4688	33009	Pandenes
43.4087	-7.1432	33063	San Tirso de Abres
43.4089	-5.4105	33009	Mases
43.4090	-6.5929	33073	Barzanallana
43.4090	-3.6832	39062	San Pantaleón
43.4092	-5.1902	33045	Collía
43.4092	-5.1080	33012	El Llano
43.4093	-6.3095	33059	Porciles
43.4094	-6.7251	33077	Argolellas
43.4094	-3.4870	39009	Barrio de las Mazuecas
43.4095	-3.4908	39009	Barrio de Pomares
43.4095	-6.5007	33073	Vega de Muñalén
43.4095	-3.9422	39052	Arce
43.4098	-3.4161	39035	Laredo
43.4098	-5.0962	33012	Viña
43.4098	-6.0530	33010	Cuero
43.4099	-2.8175	48012	Artzalde
43.4100	-5.4161	33009	Arriondo
43.4101	-5.8330	33044	Campiello
43.4102	-3.7656	39040	Gajano
43.4104	-6.7307	33077	Murias
43.4105	-4.8909	33036	Rales
43.4106	-5.5588	33065	La Vega
43.4109	-3.9964	39044	Bárcena de Cudón
43.4110	-8.1884	15069	Centroña
43.4110	-3.8432	39008	Boo
43.4111	-7.0273	33074	Castromourán
43.4111	-7.0922	33074	Guiar
43.4112	-3.4939	39009	Barrio de la Fragua
43.4113	-6.5159	33073	Muñalén
43.4114	-5.6215	33066	Careses
43.4114	-6.5753	33073	Foyedo
43.4115	-7.3082	27030	Sotojuane
43.4115	-4.1021	39076	Ubiarco
43.4115	-6.9531	33017	Arco
43.4116	-6.8757	33007	Brañadesella
43.4117	-3.4890	39009	Barrio La Iglesia
43.4117	-7.1701	33063	Naraido
43.4117	-7.3139	27030	Veira do Río
43.4118	-4.8014	33036	Porrúa
43.4118	-6.2602	33059	Salas
43.4118	-6.2525	33059	San Martín
43.4118	-4.7621	33036	Pancar
43.4119	-5.2387	33045	Villar
43.4119	-5.5083	33065	San Román
43.4119	-4.7348	33036	Cue
43.4120	-7.2153	27061	Villapena
43.4120	-6.2353	33059	Villamar de Abajo
43.4123	-3.7016	39062	Villaverde de Pontones
43.4124	-5.9061	33044	Brañes
43.4125	-3.6006	39031	Praves
43.4126	-4.9503	33036	Los Quintanales
43.4126	-4.7543	33036	La Portilla
43.4126	-5.1154	33045	Toraño
43.4127	-5.2277	33045	Cofiñu
43.4129	-3.4920	39009	Barrio El Bao
43.4129	-2.9023	48056	Urizar
43.4129	-6.8460	33007	Carrugueiro
43.4130	-7.1484	33063	El Llano
43.4131	-3.9833	39044	Gornazo
43.4132	-5.4187	33009	Carabaño
43.4135	-5.9578	33054	Santullano
43.4135	-5.4306	33009	Arboleya
43.4135	-5.1449	33045	Cayarga
43.4137	-5.5322	33065	Pedrosa
43.4138	-5.3800	33009	Gramedo
43.4138	-6.1591	33059	Cornellana
43.4139	-3.4852	39009	Barrio de Rivaplumo
43.4140	-4.9296	33036	Los Carriles
43.4140	-5.8040	33035	Castro
43.4140	-5.3401	33049	Fresnosa
43.4141	-6.4031	33034	Corros
43.4141	-6.4934	33073	La Rebollada
43.4141	-5.4491	33076	Ralí
43.4142	-3.5785	39031	Beranga
43.4144	-4.8447	33036	Piedra
43.4144	-3.4811	39009	Barrio de La Via
43.4144	-3.4871	39009	Barrio de Paderme
43.4147	-8.0270	15018	Teixido
43.4148	-4.0649	39085	Ongayo
43.4149	-2.9368	48043	Elexalde
43.4150	-5.9843	33054	Lazana
43.4150	-6.8253	33007	Peirones
43.4151	-3.7236	39040	Agüero
43.4153	-4.0425	39085	Cortiguera
43.4153	-2.8100	48012	Zubiaur
43.4153	-6.1321	33059	Bulse
43.4154	-5.8371	33035	Arroyo
43.4155	-6.9359	33017	Picacho
43.4155	-5.3931	33009	Madiedo
43.4155	-3.5492	39009	Ambrosero
43.4155	-4.0152	39044	Cudón
43.4157	-7.0916	33074	Graña de Guiar
43.4157	-2.7284	48017	Artika
43.4162	-5.4113	33009	Santa Eulalia
43.4164	-5.1381	33045	Sinariega
43.4164	-4.8632	33036	Lledías
43.4166	-5.6441	33066	Muncó
43.4166	-5.0898	33012	Llordón
43.4167	-8.0833	15015	Soaserra
43.4167	-2.7500	48017	San Andres
43.4167	-7.7667	15070	Roupar
43.4167	-6.0833	33010	Prahúa
43.4167	-7.5667	27001	Montouto
43.4167	-3.5833	39031	Mazoba
43.4167	-7.7167	27021	Lousada
43.4167	-4.8167	33036	Llamigo
43.4167	-7.3333	27030	Lindín
43.4167	-3.9500	39052	La Calzada
43.4167	-5.9333	33054	Jugal
43.4167	-5.0833	33012	Frías y Omedina
43.4167	-6.1667	33059	Folguerinas
43.4167	-7.2500	27027	Ferreira
43.4167	-8.1333	15069	Erines
43.4167	-6.3000	33059	El Couz
43.4167	-5.6833	33066	Celles
43.4167	-5.8333	33035	Cayés
43.4167	-6.2167	33059	Camuño
43.4167	-6.1833	33059	Arrojo
43.4167	-7.8167	15070	Aparral
43.4167	-5.7000	33066	Anés
43.4168	-5.5501	33065	La Cuesta
43.4170	-3.4809	39009	Barrio de Sollagua
43.4171	-7.0297	33074	Folgueiras
43.4171	-5.6966	33066	Orviz
43.4172	-7.1042	33063	Lourido
43.4172	-6.2044	33059	Loris
43.4173	-5.4533	33076	La Espina
43.4173	-4.9130	33036	Acebal
43.4174	-6.4499	33073	Trabazo
43.4176	-8.1593	15015	Cabanas
43.4177	-3.9145	39073	Mahoño
43.4177	-5.5678	33065	Villar
43.4177	-6.4216	33034	Faedo
43.4179	-5.3554	33049	Llares
43.4183	-3.8362	39016	Maliaño
43.4184	-7.0636	33071	Fabal
43.4184	-5.3745	33076	Giranes
43.4185	-6.0544	33010	Agüera
43.4185	-7.3057	27027	Oural
43.4190	-5.9336	33054	Marinas
43.4190	-5.2031	33045	Bodes
43.4191	-7.1364	33063	La Antigua
43.4193	-6.9360	33017	Brañatuille
43.4193	-6.0498	33010	Figaredo
43.4194	-7.2681	27027	Vilar
43.4198	-6.8236	33007	Cámara
43.4198	-4.7549	33036	Llanes
43.4199	-5.5595	33065	Canal
43.4201	-5.4311	33009	La Puerta
43.4201	-5.7049	33066	Coto
43.4203	-6.6148	33073	Bullacente
43.4204	-7.1199	33063	Solmayor
43.4204	-5.6256	33066	Ordiales
43.4208	-5.1890	33045	La Vita
43.4209	-2.7215	48017	Bermeo
43.4213	-5.8114	33035	Silvota
43.4213	-7.9101	15070	Ribadeume
43.4215	-6.3430	33059	Ablanedo
43.4216	-3.5103	39009	Bárcena de Cicero
43.4216	-5.5875	33065	Miyares
43.4218	-3.7553	39040	Rubayo
43.4218	-3.6831	39062	Pontones
43.4219	-3.7326	39040	Setién
43.4219	-6.7311	33077	Illaso
43.4223	-4.7893	33036	Poo
43.4225	-6.4706	33073	Calleras
43.4230	-4.8712	33036	Turanzas
43.4232	-6.4752	33073	Ese de Calleras
43.4233	-6.7714	33007	Villanueva
43.4234	-5.4732	33076	Cuinya
43.4234	-6.3664	33073	Valsoredo
43.4235	-4.0785	39085	Tagle
43.4235	-7.2656	27027	Valiña
43.4235	-3.6405	39062	Las Pilas
43.4236	-4.8472	33036	Quintana
43.4236	-5.7134	33066	Pañeda Nueva
43.4237	-6.9739	33017	Pereiro
43.4237	-7.0332	33074	Coba
43.4239	-3.8736	39016	Herrera
43.4239	-4.8340	33036	Balmori
43.4240	-4.8629	33036	Posada
43.4241	-6.4495	33073	Busmeón
43.4242	-5.0601	33056	Santianes
43.4243	-6.5351	33073	Naraval
43.4243	-6.8937	33007	Brañalibel
43.4244	-8.2043	15004	Redes
43.4246	-3.7086	39062	Cubas
43.4248	-2.8203	48012	Urkizaur
43.4249	-3.7727	39040	Elechas
43.4249	-6.4108	33034	Ayones
43.4250	-7.1520	33063	Salcido
43.4250	-7.0626	33071	Lamisqueira
43.4250	-6.8133	33007	Lleiras
43.4252	-5.4601	33076	Celada
43.4255	-6.9865	33074	Sela de Vinjoy
43.4256	-6.3944	33034	Castro
43.4256	-2.7445	48017	Arene
43.4257	-6.1953	33059	Figares
43.4257	-6.2984	33059	La Peña
43.4259	-6.6943	33077	Busmente
43.4265	-6.5972	33073	Fuentes
43.4265	-5.5905	33065	La Rimada
43.4267	-5.9356	33054	Biedes
43.4267	-6.0625	33010	Sandiche
43.4267	-5.4472	33076	Poreño
43.4268	-7.3583	27030	Mondoñedo
43.4269	-6.5816	33073	La Carrizal
43.4270	-8.0671	15018	Capela
43.4271	-5.8385	33035	Coruño
43.4272	-5.5081	33076	Villanaoscura
43.4272	-5.4240	33009	Viñón
43.4272	-3.6591	39062	Omoño
43.4273	-6.3496	33059	Las Rubias
43.4273	-6.2819	33059	Ardesaldo
43.4275	-7.0980	33074	Refojos
43.4276	-3.9763	39044	Mogro
43.4278	-5.1094	33056	Tresmonte
43.4280	-5.8569	33035	Ables
43.4280	-2.9315	48043	Fao
43.4280	-5.8968	33035	Agüera
43.4280	-5.3655	33076	Perviyao
43.4281	-5.6643	33066	Taraña
43.4284	-2.8107	48012	Basigo
43.4284	-5.2998	33019	Eslabayo
43.4285	-6.7117	33077	Carrio
43.4286	-3.9987	39044	Miengo
43.4287	-5.6173	33066	Atrás
43.4288	-6.5586	33073	Monterizo
43.4289	-5.4063	33009	Valbuena
43.4290	-3.9100	39073	Azoños
43.4291	-6.9543	33074	Penzol
43.4292	-4.8615	33036	Bricia
43.4292	-2.8088	48012	Bakio
43.4292	-6.5057	33073	Silvallana
43.4292	-7.0041	33074	Meredo
43.4295	-5.5132	33076	Villarrica
43.4296	-3.8593	39016	Muriedas
43.4298	-6.8221	33007	Pilella
43.4299	-5.6959	33066	San Pedro
43.4299	-7.0635	33074	Cereigido
43.4299	-3.8851	39016	Igollo
43.4299	-8.2425	15004	Ares
43.4300	-7.3694	27030	O Carme
43.4301	-7.1220	27061	A Casanova
43.4302	-5.3127	33019	Libardón
43.4303	-6.6483	33077	Masenga-Sellón
43.4304	-6.0469	33010	Murias
43.4305	-4.8072	33036	Celorio
43.4306	-6.2959	33059	Valloria
43.4308	-6.9665	33017	Añides
43.4309	-7.2084	27061	Mozandeo
43.4310	-5.3284	33019	Fano
43.4310	-3.9459	39052	Boo
43.4311	-5.7272	33066	Pañeda Vieja
43.4313	-5.6790	33031	La Felguera
43.4315	-7.1173	27061	Villarbotote
43.4316	-5.8725	33035	Lineres
43.4318	-5.9680	33054	Otero
43.4320	-8.1686	15015	Porto
43.4320	-6.8151	33007	Boal
43.4320	-5.4173	33009	Niao
43.4324	-6.0987	33010	La Mortera
43.4324	-6.0360	33010	Villar
43.4325	-3.8834	39016	Cacicedo
43.4325	-5.0737	33056	Cuevas
43.4326	-6.0519	33010	Grullos
43.4329	-5.3671	33076	Sietes
43.4330	-5.4735	33076	Valdebárzana
43.4330	-5.9852	33054	Soto
43.4332	-6.7900	33007	Viñas
43.4333	-6.2667	33059	Villarmor
43.4333	-6.2500	33059	Tárano
43.4333	-2.7667	48017	Gibelortzaga (San Pelaio)
43.4333	-7.2500	27027	San Lorenzo
43.4333	-5.8500	33035	Rondiella
43.4333	-6.3833	33034	Pereda
43.4333	-5.6500	33066	Muñó
43.4333	-6.2000	33059	Mouroso
43.4333	-6.1500	33051	Luerces
43.4333	-7.2667	27027	Lorenzana
43.4333	-7.2167	27061	Lorenzana
43.4333	-8.1833	15035	Limodre
43.4333	-5.5000	33076	La Viña
43.4333	-5.5167	33076	Lauría
43.4333	-8.1500	15015	Laraxe
43.4333	-3.4833	39029	Hano
43.4333	-6.2333	33059	Fenigonte
43.4333	-5.6000	33066	El Fresno
43.4333	-6.0500	33010	El Campo
43.4333	-5.6167	33066	Collada
43.4333	-6.2167	33059	Cardús
43.4333	-8.2000	15004	Caamouco
43.4333	-7.6333	27033	Balsa
43.4333	-2.9000	48056	Armintza
43.4333	-6.0667	33010	Aces
43.4334	-4.0434	39085	Suances
43.4337	-6.1353	33059	San Justo
43.4339	-6.3524	33059	Cotariello
43.4340	-5.7842	33035	Granda
43.4341	-6.7474	33007	Mezana
43.4342	-5.4832	33076	Mogobio
43.4342	-3.6440	39062	Liermo
43.4343	-6.8833	33007	Ouría
43.4346	-6.2520	33059	Priero
43.4347	-4.8266	33036	Barro
43.4348	-6.2800	33059	La Borra
43.4351	-6.8116	33007	Armal
43.4352	-5.6504	33066	Otero
43.4352	-6.9238	33017	Monteavaro
43.4352	-6.7891	33007	Mazos
43.4353	-5.1370	33056	Calabrez
43.4354	-6.7231	33077	Berbeguera
43.4354	-5.3528	33076	San Martín
43.4356	-5.3524	33076	Vallés
43.4356	-3.5970	39043	San Bartolomé de Meruelo
43.4358	-5.9831	33054	Alcedo
43.4358	-3.7710	39040	Almojo
43.4359	-6.4717	33073	Relloso
43.4359	-5.6139	33066	Ceñal
43.4360	-6.9992	33074	Jaraz
43.4360	-5.4592	33076	Miyeres
43.4362	-6.3192	33059	Bustoto
43.4363	-6.7584	33007	Miñagón
43.4364	-7.0277	33074	Montouto
43.4367	-6.8078	33007	Santa Eulalia
43.4368	-3.5135	39029	Escalante
43.4368	-5.3861	33076	Buslad
43.4372	-6.5648	33073	Businán
43.4374	-5.5080	33076	Valdediós
43.4375	-7.1995	27061	Cima de Vila
43.4376	-5.8905	33035	Villanueva
43.4377	-7.1957	27061	Villapercide
43.4378	-7.1007	27061	Rabeja
43.4379	-7.1495	27061	Trabadela
43.4381	-4.9402	33036	Nueva
43.4382	-4.8424	33036	Niembro
43.4382	-5.0551	33056	Llovio
43.4382	-5.4027	33076	La Madrera
43.4383	-4.0180	39044	Cuchia
43.4385	-6.2086	33059	Santullano
43.4387	-5.8179	33035	Pando
43.4390	-7.0416	33074	Estelo
43.4391	-5.5366	33076	La Huelga
43.4393	-3.7694	39040	Pedreña
43.4395	-5.8550	33035	Posada
43.4396	-5.8508	33035	Llanera
43.4399	-6.9170	33017	Niseiros
43.4399	-5.8280	33035	Castañera
43.4399	-3.5066	39029	Carramiguel
43.4400	-5.1215	33056	Sardedo
43.4400	-6.3772	33034	Villar de Ayones
43.4401	-5.7463	33066	Barganiza
43.4401	-6.6713	33077	Herías
43.4402	-5.0708	33056	Junco
43.4402	-4.9801	33036	Belmonte
43.4403	-6.9319	33017	Obanza
43.4404	-7.0975	33074	Ría de Abres
43.4406	-6.8572	33007	Rozadas
43.4406	-6.2481	33059	Daner
43.4406	-8.2024	15051	Piñeiro
43.4408	-4.8883	33036	Naves
43.4409	-6.8829	33007	Vega de Ouría
43.4410	-5.0983	33056	Nocedo
43.4410	-4.9644	33036	Silviella
43.4414	-5.7265	33066	Huergo
43.4415	-5.6815	33066	Calabaza
43.4416	-7.8663	15070	Vilavella
43.4416	-3.9187	39073	Mompía
43.4416	-5.8183	33035	Lugo de Llanera
43.4417	-4.9017	33036	Villahormes
43.4418	-5.3653	33076	Piedrafita
43.4422	-5.1600	33056	Alea
43.4423	-4.9220	33036	Cardoso
43.4424	-5.0153	33056	Camango
43.4425	-5.4900	33076	Lloses
43.4426	-6.9210	33017	Castro
43.4428	-4.9544	33036	Piñeres
43.4428	-6.7390	33007	Lantero
43.4429	-6.5094	33034	Ovienes
43.4430	-5.4633	33076	Villar
43.4430	-6.0294	33010	Bohiles
43.4432	-3.8577	39075	Peñacastillo
43.4434	-5.3891	33076	Novales
43.4436	-6.2692	33059	Las Corradas
43.4436	-3.7176	39061	Suesa
43.4436	-5.4168	33076	Los Caminos
43.4437	-3.9032	39073	Santa Cruz de Bezana
43.4438	-6.9418	33017	Balmonte
43.4439	-3.4576	39079	Santoña
43.4439	-5.5394	33076	Fabares
43.4439	-6.3296	33059	Socolina
43.4439	-5.8262	33035	Pondal
43.4439	-6.3226	33059	Colniella
43.4441	-5.5138	33076	Valeri
43.4442	-6.1381	33051	Repollés
43.4442	-5.0882	33056	Tezangos
43.4442	-6.2987	33059	Las Gallinas
43.4443	-5.4085	33076	Cermuño
43.4443	-3.7230	39061	El Hoyo
43.4443	-3.9233	39052	Mortera
43.4444	-6.9733	33017	Porqueira
43.4445	-6.4691	33034	Adrado
43.4447	-6.3747	33034	Alienes
43.4447	-7.1772	27061	Barreiros
43.4447	-7.1953	27061	Trabada
43.4447	-4.9912	33056	Cuerres
43.4448	-6.3899	33034	Colinas
43.4449	-6.3415	33059	Lavio
43.4449	-5.0321	33056	Meluerda
43.4452	-4.9745	33036	Pría
43.4453	-6.9399	33017	Murias
43.4453	-6.5544	33073	Escardén
43.4453	-5.3864	33076	Infiesta
43.4453	-7.1079	27061	Abres
43.4454	-3.8676	39075	Peñacastillo
43.4454	-5.0755	33056	Sardalla
43.4454	-6.5313	33034	Aristébano
43.4455	-5.3213	33019	Los Toyos
43.4456	-6.1099	33010	Otero
43.4457	-5.4849	33076	Ambás
43.4457	-6.5037	33034	Agüera
43.4461	-3.5650	39043	San Mamés de Meruelo
43.4462	-5.9307	33035	Granda
43.4463	-5.8425	33035	Caraviés
43.4463	-6.8806	33007	Carbayal
43.4463	-5.9592	33054	Agüera
43.4465	-5.5002	33076	La Rivera
43.4467	-5.6225	33024	Zalci
43.4467	-4.9111	33036	Hontoria
43.4468	-5.4443	33076	Singla
43.4471	-5.7061	33066	Varé
43.4471	-7.9650	15070	Goente
43.4473	-5.3023	33019	Pumerín
43.4473	-5.5132	33076	Puelles
43.4476	-5.8854	33035	Baúro
43.4476	-5.3857	33076	Breceña
43.4478	-5.9170	33035	Carbajal
43.4479	-5.4532	33076	Obaya
43.4480	-6.5822	33073	Folgueras del Río
43.4481	-5.5346	33076	Morvís
43.4483	-4.9673	33036	La Pesa
43.4483	-5.0416	33056	Collera
43.4483	-6.4499	33034	Pena
43.4485	-7.1390	27061	Castro
43.4486	-6.7053	33077	Vilaión
43.4487	-6.2462	33059	El Barrio
43.4487	-6.1378	33051	Corias
43.4488	-3.5118	39029	La Cagioja
43.4488	-7.2031	27061	Fontán
43.4488	-7.2148	27061	San Esteban
43.4489	-4.9307	33036	Ovío
43.4490	-6.2564	33059	Mallecina
43.4493	-7.0156	33074	Cobre
43.4493	-6.6818	33077	Riestra y San Cristóbal
43.4493	-6.0984	33010	Cerecedo
43.4495	-7.1314	27061	Sante
43.4496	-6.9533	33074	Requeixo
43.4496	-7.2591	27027	Liñares
43.4496	-7.0351	33074	Villameitide
43.4496	-6.6317	33034	Valleancho
43.4497	-7.0954	33074	San Martín
43.4497	-3.6986	39061	Castañedo
43.4500	-5.9500	33054	Villanueva
43.4500	-6.1000	33010	Villa
43.4500	-5.0167	33056	Toriello
43.4500	-5.5333	33076	Sopeñas
43.4500	-6.0833	33010	San Tirso
43.4500	-5.5167	33076	San Pedro
43.4500	-8.1333	15015	Salto
43.4500	-7.2500	27027	Ribalta
43.4500	-5.6167	33024	Quintana
43.4500	-7.0667	33074	Puente
43.4500	-5.1000	33056	Moro
43.4500	-7.1667		Mioú
43.4500	-8.1500	15035	Magalofes
43.4500	-5.4167	33076	Lugás
43.4500	-7.2833	27027	Lorenzana
43.4500	-6.2167	33059	Linares
43.4500	-6.6167	33034	La Montaña
43.4500	-7.6833	27033	Irixoa
43.4500	-8.2167	15051	Franza
43.4500	-8.1500	15035	Fene
43.4500	-4.9333	33036	Cuevas
43.4500	-5.4000	33076	Coro
43.4500	-6.8333	33023	Chao del Campo
43.4500	-8.2667	15004	Cervás
43.4500	-5.9500	33054	Carcabón
43.4500	-6.5000	33034	Bustiello de Paredes
43.4500	-6.3333	33059	Bustiello
43.4500	-6.3000	33059	Buscabrero
43.4500	-5.6000	33024	Valdornón
43.4500	-7.2667	27027	Alaje
43.4500	-6.6951	33077	Castañera
43.4501	-5.7710	33035	Pruvia
43.4502	-7.2227	27061	Trapa
43.4502	-3.4911	39005	Ancillo
43.4502	-6.3854	33034	Fagera
43.4502	-6.7458	33007	Villar de Serandinas
43.4505	-6.2005	33059	La Peral
43.4506	-6.9810	33017	Lanteiro
43.4506	-5.1111	33056	Soto
43.4509	-5.4263	33076	La Pedrera
43.4511	-5.5738	33076	Argañoso
43.4513	-3.7347	39061	Somo
43.4513	-5.1400	33056	Linares
43.4513	-5.9710	33054	Granda
43.4515	-6.8753	33007	Trebé
43.4515	-5.3572	33076	Rales
43.4515	-5.4623	33076	Peruyero
43.4516	-6.0758	33010	San Román
43.4516	-6.1632	33051	Sandamías
43.4517	-5.0906	33056	Ucio
43.4518	-6.3546	33034	Castañedo
43.4519	-6.5014	33034	Longrey
43.4520	-5.5263	33076	Trías
43.4522	-5.6078	33024	Santa Eulalia
43.4522	-6.7276	33077	Ribalagua
43.4523	-5.6984	33066	San Tirso
43.4524	-5.3342	33019	Pivierda
43.4524	-5.4132	33076	Cayado
43.4525	-6.5803	33073	Candanedo
43.4526	-6.8834	33007	Vidural
43.4526	-6.6382	33034	Siñeriz
43.4527	-7.8518	15070	As Pontes de García Rodríguez
43.4527	-5.7415	33024	Peñaferruz
43.4527	-3.4875	39005	Santiuste
43.4530	-7.0014	33017	Samagán
43.4530	-4.9316	33036	Picones
43.4532	-4.9769	33036	Llamés
43.4532	-5.6622	33066	Monte
43.4533	-4.9662	33036	Garaña
43.4533	-4.9529	33036	Villanueva de Pria
43.4534	-7.2302	27061	Órrea
43.4536	-5.2983	33019	El Monte
43.4536	-5.1295	33056	La Vega
43.4536	-7.2093	27061	Villar
43.4537	-6.0329	33010	Llamero
43.4537	-3.9099	39073	Prezanes
43.4542	-3.8379	39075	Cajo
43.4542	-5.3491	33076	San Feliz
43.4544	-5.4879	33076	Castiello
43.4545	-3.6717	39061	Carriazo
43.4546	-5.9050	33035	Bonielles
43.4547	-5.1180	33056	Pando
43.4551	-5.8233	33035	Truébano
43.4551	-7.0954	27061	Villarfernando
43.4551	-6.6993	33077	Martintorín
43.4552	-6.9317	33017	Vior
43.4554	-5.3846	33076	Ceyanes
43.4554	-5.9635	33054	Las Cruces
43.4557	-6.8385	33023	Brañamayor
43.4558	-6.3679	33034	Turuelles
43.4559	-6.5313	33034	Caborno
43.4559	-3.6353	39011	Güemes
43.4560	-6.8703	33023	Caroceiro
43.4562	-7.3182	27027	Arrojo
43.4562	-5.6056	33024	Salientes
43.4564	-5.8045	33035	Robledo
43.4566	-5.1020	33056	Fresno
43.4567	-7.1742	27061	Abaira
43.4567	-8.1738	15035	Barallobre
43.4571	-7.3345	27030	Villamor
43.4573	-6.1187	33051	Quinzanas
43.4573	-8.1122	15015	Regoela
43.4573	-3.5539	39006	Castillo
43.4573	-5.2048	33013	Duyos
43.4574	-3.4901	39005	Argoños
43.4575	-6.3397	33059	Pende
43.4576	-6.6700	33077	Linera
43.4577	-3.4781	39079	Piedrahita
43.4578	-6.2105	33051	Las Piñeras
43.4580	-6.9189	33017	Santa Colomba
43.4583	-5.9946	33054	Cogolló
43.4583	-8.2181	15004	O Seixo
43.4584	-5.4460	33076	Labares
43.4584	-5.0727	33056	Ardines
43.4586	-6.2715	33059	Valderrodero
43.4586	-5.9239	33035	Anduerga
43.4587	-8.0772	15018	Cabalar
43.4590	-5.5255	33076	La Piñera
43.4594	-5.7220	33024	Figar
43.4595	-5.4794	33076	Camoca de Arriba
43.4597	-5.5706	33076	Collado
43.4598	-3.4569	39079	El Dueso
43.4601	-6.9720	33017	Tabes
43.4601	-3.9291	39052	Liencres
43.4603	-7.0688	33074	Coruja
43.4604	-7.0280	33074	Piantón
43.4604	-8.2551	15051	Mugardos
43.4605	-5.3975	33076	Solares
43.4605	-5.3749	33076	Busto
43.4606	-5.1918	33013	Caravia
43.4607	-6.0219	33010	Ferreros
43.4608	-3.8870	39073	Sancibrián
43.4609	-5.8853	33035	Panizales
43.4609	-6.7274	33007	Serandinas
43.4610	-5.4765	33076	El Llano
43.4611	-8.2497	15004	Meá
43.4611	-5.1217	33056	Bones
43.4612	-6.4774	33034	San Pedro de Paredes
43.4613	-5.6617	33024	El Monte
43.4614	-6.2187	33051	Villamondrid
43.4614	-5.4534	33076	Bozanes
43.4614	-5.0595	33056	Ribadesella
43.4616	-5.0844	33056	Sebreño
43.4616	-5.2718	33019	Carrandi
43.4617	-6.7536	33018	Orbaelle
43.4617	-5.6353	33024	Bobia
43.4618	-5.1889	33013	Prado
43.4619	-6.9015	33017	Murolas
43.4619	-5.9311	33035	Santa Cruz de Llanera
43.4619	-7.1088	27061	Balboa
43.4620	-7.0440	33074	La Cal
43.4621	-3.5888	39006	San Miguel de Meruelo
43.4622	-7.1761	27061	Trástigos
43.4623	-6.8471	33023	Penadecabras
43.4623	-3.8415	39075	La Albericia
43.4623	-6.6114	33034	Buseco
43.4624	-6.9964	33017	Presno
43.4625	-5.8256	33035	Villabona
43.4628	-5.4677	33076	Camoca de Abajo
43.4628	-7.0604	33074	Forja
43.4629	-6.4771	33034	La Vega
43.4630	-6.9910	33017	Santalla
43.4632	-5.3135	33019	Agüera
43.4633	-7.1134	27061	Sequeiro
43.4634	-5.3324	33019	Bucial
43.4637	-5.1288	33056	La Torre
43.4638	-5.3509	33076	Piñera
43.4639	-7.2889	27027	Condomiña
43.4639	-5.4426	33076	Valbucar
43.4641	-6.0947	33010	Santoseso
43.4641	-5.1102	33056	Leces
43.4645	-5.3943	33076	Paniceres
43.4646	-6.6689	33077	Oneta
43.4646	-6.0865	33010	Fenolleda
43.4648	-6.6977	33077	Zorera
43.4648	-6.0781	33010	Espinosa
43.4648	-5.7460	33024	Carbaínos
43.4650	-5.6277	33024	Carcedo
43.4651	-5.6183	33024	Fano
43.4651	-3.8976	39073	Soto de la Marina
43.4651	-6.8027	33007	Coba
43.4659	-3.8049	39075	Santander
43.4660	-8.0331	15018	Caaveiro
43.4665	-6.3506	33034	Biescas
43.4665	-5.1817	33013	Pumarín
43.4665	-7.0058	33017	Arguiol
43.4666	-5.4778	33076	Grases
43.4667	-7.3500	27030	Viloalle
43.4667	-5.8333	33035	Villardeveyo
43.4667	-6.0000	33010	Ventosa
43.4667	-5.5000	33076	Turueño
43.4667	-7.9500	15070	Seixo
43.4667	-5.6667	33024	San Pelayo
43.4667	-6.1667	33051	San Martín de Arango
43.4667	-5.5167	33076	Rozadas
43.4667	-3.5500	39006	Monte Miravalles
43.4667	-7.3333	27030	Masma
43.4667	-8.1833	15035	Maniños
43.4667	-6.2167	33051	Malleza
43.4667	-6.5167	33034	Gallinero de Barcia
43.4667	-7.1500	27061	Fornelo
43.4667	-7.2000	27061	Fórnea
43.4667	-7.4167	27030	Figueiras
43.4667	-6.0333	33010	El Valle
43.4667	-5.7500	33024	Cuadra
43.4667	-6.2167	33051	Cordovero
43.4667	-7.0833	27051	Cogela
43.4667	-5.8333	33035	Castiello
43.4667	-5.5500	33076	Candanal
43.4667	-6.2667	33059	Caborno
43.4667	-7.7167	27033	Burgo
43.4668	-5.3906	33076	La Magdalena
43.4668	-6.6240	33034	Piñeros
43.4668	-6.0125	33010	Faces
43.4668	-6.1028	33051	Pronga
43.4669	-7.7238	27033	Muras
43.4669	-7.0920	27051	Cerdeiriñas
43.4669	-3.6008	39011	Bareyo
43.4670	-5.3272	33019	Villaescusa
43.4671	-6.2353	33059	La Arquera
43.4671	-5.7010	33024	Ruedes
43.4672	-6.3218	33059	Brañasivil
43.4673	-5.2282	33019	Loroñe
43.4673	-5.1108	33056	Abeo
43.4674	-6.5303	33034	Leiriella
43.4674	-5.3472	33076	Paniceres
43.4675	-5.2390	33019	Gobiendes
43.4675	-5.2095	33013	Duesos
43.4675	-5.3731	33076	Bayones
43.4676	-5.1015	33056	San Pedro
43.4678	-6.4223	33034	Pontigón
43.4678	-6.1944	33051	Folgueras
43.4678	-5.4532	33076	Poladura
43.4679	-6.8309	33023	Ríocabo
43.4681	-5.3590	33076	Santa Eugenia
43.4682	-8.1620	15035	Perlio
43.4683	-5.4160	33076	Fuentes
43.4683	-7.0539	33074	Vegadeo
43.4683	-5.9815	33054	Trasmonte
43.4684	-5.9477	33035	Premió
43.4684	-5.4440	33076	Amandi
43.4685	-6.2607	33059	San Cristóbal
43.4688	-5.4670	33076	Maojo
43.4689	-5.1287	33056	Barredo
43.4691	-3.8603	39075	San Román
43.4693	-3.6716	39061	Galizano
43.4695	-7.2723	27027	Pumar de Don
43.4696	-7.2972	27027	Villanueva
43.4696	-7.1741	27061	Requejo
43.4697	-6.2792	33059	Brañaivente
43.4698	-6.7590	33018	Bustabernego
43.4698	-3.8250	39075	Monte
43.4699	-6.8693	33023	Romaelle
43.4701	-7.1690	27061	Vidal
43.4702	-5.6000	33024	Ríoseco
43.4705	-5.7372	33024	Aguda
43.4706	-5.4986	33076	Niévares
43.4710	-6.1703	33051	Allence
43.4713	-6.4201	33034	Ore
43.4714	-6.7374	33018	Vivedro
43.4714	-3.5083	39047	Elguera
43.4717	-5.0954	33056	Tereñes
43.4718	-6.4715	33034	Rellón de Merás
43.4719	-5.4363	33076	San Juan
43.4720	-5.6473	33024	Lavandera
43.4721	-6.5187	33034	Busindre
43.4722	-7.1545	27061	Choza
43.4726	-5.1535	33056	Berbes
43.4732	-6.4747	33034	Merás
43.4734	-6.5776	33034	Ríopinoso
43.4735	-3.5258	39047	Cabanzo
43.4735	-5.9397	33035	Villayo
43.4736	-3.6990	39061	Langre
43.4737	-6.0621	33010	Valdemora
43.4737	-5.2515	33019	Coceña
43.4738	-5.4394	33076	El Sur
43.4741	-6.6848	33077	Villartorey
43.4744	-6.3324	33059	Faedo
43.4746	-5.6877	33024	Llantones
43.4750	-5.2839	33019	La Riera
43.4750	-5.4577	33076	Cazanes
43.4754	-6.0224	33010	Mafalla
43.4755	-6.6546	33077	Brañúas
43.4756	-3.5246	39047	LaRota-Fonegra
43.4758	-5.3153	33019	Beldredo
43.4760	-6.3902	33034	Muñás
43.4761	-5.9229	33035	Fanes
43.4763	-5.7826	33024	Sesiello
43.4763	-5.6368	33024	Linares
43.4764	-6.9158	33017	Candaosa
43.4767	-5.3749	33076	Gancedo
43.4767	-6.8594	33023	La Braña
43.4768	-5.6756	33024	Villaverde
43.4768	-6.0893	33051	Beifar
43.4770	-7.0899	27051	Venta
43.4773	-6.2514	33059	El Pumar
43.4775	-3.8372	39075	Molino
43.4776	-3.5696	39006	Arnuero
43.4779	-7.2495	27005	Val de Caínzo
43.4780	-5.3028	33019	Pis
43.4780	-5.6620	33024	Santa Cecilia
43.4781	-5.3619	33076	Toroyes
43.4785	-3.6120	39011	Ajo
43.4788	-6.7863	33018	Mestas
43.4788	-5.3960	33076	Miravalles
43.4789	-5.3248	33019	Pernús
43.4789	-6.2873	33059	Vegacebrón
43.4790	-6.2030	33051	Loro
43.4791	-6.3694	33034	Ferrera de los Gabitos
43.4792	-6.4134	33034	Muñás de Abajo
43.4792	-5.8732	33035	Ferroñes
43.4792	-5.5511	33076	Fonfría
43.4793	-5.1341	33056	La Vega
43.4795	-5.4733	33076	Caés
43.4797	-6.7591	33018	Teijedo
43.4799	-6.6037	33034	Tejedales
43.4801	-5.9205	33035	Barredo
43.4801	-6.5957	33034	Ordovaga
43.4802	-5.4812	33065	Sariego
43.4802	-6.1794	33051	San Esteban de Inclán
43.4802	-6.7478	33018	Sequeiro
43.4803	-6.0708	33010	Fontebona
43.4803	-5.7389	33024	Piñera
43.4808	-3.5177	39047	Trengandín
43.4809	-5.2279	33019	La Isla
43.4809	-5.4204	33076	Montoto
43.4812	-5.3442	33019	La Llera
43.4813	-5.4357	33076	Villaviciosa
43.4816	-5.7150	33024	Fontaciera
43.4817	-6.1652	33051	Selgas de Arriba
43.4817	-5.7048	33024	Arroyo
43.4818	-7.0232	33017	Seares
43.4822	-6.9668	33017	Tomentosa
43.4823	-3.5446	39006	Soano
43.4825	-6.5443	33034	La Candanosa
43.4827	-5.3818	33076	Cueli
43.4827	-6.7355	33018	Trelles
43.4828	-5.7990	33024	Gallinal
43.4828	-7.2914	27027	Posada
43.4830	-3.8005	39075	Cueto
43.4830	-6.8685	33023	Villarín
43.4832	-6.1498	33051	Selgas de Abajo
43.4833	-3.5306	39047	Palacio
43.4833	-6.1833	33051	Villavaler
43.4833	-6.2333	33059	Villarín
43.4833	-8.2333	15036	Vilar
43.4833	-8.1167	15055	Viladonelle
43.4833	-8.1333	15035	Sillobre
43.4833	-6.0000	33030	Romió
43.4833	-5.7500	33024	Robledo
43.4833	-6.1000	33051	Prahúa
43.4833	-7.2667	27005	Pousada
43.4833	-7.4667	27002	Pereiro
43.4833	-5.5333	33076	Peón
43.4833	-7.4333	27002	Oiras
43.4833	-5.8833	33035	Noval
43.4833	-8.1833	15035	O Montón
43.4833	-5.6500	33024	Monte de Huerces
43.4833	-5.6833	33024	Leorio
43.4833	-6.0000	33030	La Peral
43.4833	-8.2667	15036	A Graña
43.4833	-6.2500	33059	La Folguerosa
43.4833	-6.1667	33051	Inclán
43.4833	-5.6667	33024	Huerces
43.4833	-5.7500	33024	Garvelles
43.4833	-6.4667	33034	Ferrera de Paredes
43.4833	-7.9167	15070	Espiñaredo
43.4833	-5.5333	33076	El Valle
43.4833	-8.2833	15036	Doniños
43.4833	-7.5000	27063	Cuadramón
43.4833	-7.3667	27030	Couboeira
43.4833	-6.1167	33051	Corralinos
43.4833	-5.7500	33024	Caldones
43.4833	-7.2667	27005	Cabarcos
43.4833	-8.2667	15036	Brion
43.4833	-5.9000	33035	Arlós
43.4835	-6.8133	33018	Lebredo
43.4835	-6.4347	33034	Brieves
43.4836	-8.2035	15036	Caranza
43.4837	-6.9845	33017	Culmieiros
43.4838	-7.0061	33017	Grandallana
43.4844	-6.2851	33059	Borducedo
43.4844	-6.7087	33077	Arbón
43.4845	-8.2329	15036	Ferrol
43.4846	-6.5776	33034	Paladeperre
43.4848	-7.0675	27051	Vilaosende
43.4848	-5.5345	33076	Casamorí
43.4851	-5.3586	33076	Priesca
43.4852	-5.7729	33024	Batiao
43.4853	-7.2542	27005	Curveiro
43.4853	-5.2701	33019	Colunga
43.4854	-6.1394	33051	Cañedo
43.4856	-7.3029	27027	Villapol
43.4859	-7.0694	27051	Santalla
43.4859	-6.7895	33018	Nadón
43.4860	-6.9606	33017	Grilo
43.4861	-6.0103	33010	Argañosa
43.4861	-6.4516	33034	Los Pontones
43.4864	-6.7660	33018	La Ronda
43.4868	-6.8310	33023	Andina
43.4868	-5.7584	33024	Beranes
43.4869	-3.5274	39047	Riz
43.4872	-5.8964	33035	Lavares
43.4875	-6.9052	33070	Momeán
43.4875	-5.2867	33019	Sales
43.4875	-8.2667	15036	A Cabana
43.4875	-7.2387	27005	Gondán
43.4876	-6.3747	33034	Faedal
43.4878	-6.1132	33051	Forcinas
43.4879	-5.7404	33024	Salcedo
43.4885	-6.3329	33034	Espiniella
43.4886	-6.1117	33051	Pravia
43.4888	-7.2034	27005	Villamartín Pequeño
43.4888	-6.4041	33034	Carcedo
43.4889	-5.4868	33076	San Justo
43.4889	-3.8251	39075	El Bocal
43.4892	-3.5231	39047	Noja
43.4893	-6.1950	33051	Palación
43.4894	-7.6274	27033	Viveiró
43.4895	-6.0196	33010	Pandiello
43.4895	-5.8500	33020	La Sota
43.4896	-5.5584	33076	Bárcena
43.4897	-5.3889	33076	Moriyón
43.4898	-5.2637	33019	San Juan
43.4900	-6.7435	33018	Villar
43.4903	-5.6972	33024	Pedrera
43.4903	-7.0580	27051	Lourido
43.4903	-6.2718	33059	Gallinero
43.4907	-7.2011	27005	Cabana da Vella
43.4908	-5.4210	33076	Carda
43.4908	-5.8350	33020	Campañones
43.4910	-7.0364	33017	Vilavedelle
43.4910	-7.1280	27051	Currada
43.4910	-7.1778	27051	Arante
43.4913	-6.4432	33034	San Félix
43.4915	-5.5711	33076	Brañaverniz
43.4916	-5.2516	33019	Buerres
43.4919	-6.9211	33070	Castrovaselle
43.4921	-5.3816	33076	La Miyar
43.4924	-5.6804	33024	Mareo de Abajo
43.4924	-6.4127	33034	Villar de Carcedo
43.4927	-5.3971	33076	Villar
43.4927	-6.0533	33069	Veneros
43.4928	-5.4502	33076	Abayu
43.4928	-7.9436	15081	Recemel
43.4928	-8.1624	15055	O Puntal de Abaixo
43.4929	-5.7421	33024	Beloño
43.4931	-7.2160	27005	Villamartín Grande
43.4932	-6.1745	33051	Villameján
43.4932	-6.0956	33051	Peñaullán
43.4935	-7.1229	27051	Cedofeita
43.4936	-7.2002	27005	A Aguá
43.4937	-7.1740	27051	Cey
43.4937	-3.5690	39006	Isla
43.4939	-6.9711	33017	Castañeirúa
43.4942	-6.7740	33018	Llosoiro
43.4949	-5.2706	33019	Poladura
43.4949	-6.5852	33034	Menudero
43.4951	-5.8493	33020	Agüera
43.4952	-5.7733	33024	Arroyo
43.4959	-6.3098	33034	Las Murias
43.4962	-6.5492	33034	Modreros
43.4967	-3.5481	39006	Quejo
43.4968	-5.3243	33019	Lué
43.4969	-7.2737	27005	Villamar
43.4972	-5.9750	33030	Illas
43.4974	-5.4066	33076	Pando
43.4975	-7.1468	27051	Puente
43.4977	-7.2294	27005	Rilleira
43.4978	-6.7399	33018	Savariz
43.4979	-6.9345	33070	Jarias
43.4979	-7.0199	33017	Lantoira
43.4981	-5.7270	33024	Caravedo
43.4981	-8.1782	15054	San Martino de Xubia
43.4982	-6.6129	33034	Arnizo
43.4983	-6.5911	33034	Cerezal
43.4983	-6.1212	33051	Agones
43.4986	-5.6772	33024	Mareo de Arriba
43.4986	-6.2236	33051	Ablanedo
43.4986	-5.6241	33024	Serantes
43.4987	-6.8594	33023	Lodeiros
43.4989	-7.0909	27051	Anzas
43.4990	-5.9792	33030	Trejo
43.4992	-7.0142	33017	Silvallana
43.4994	-5.3793	33076	Sebrayo
43.4995	-7.1558	27051	Vilamariz
43.4995	-8.1593	15055	Neda
43.5000	-6.1500	33051	Villarigán
43.5000	-5.9667	33030	Viescas
43.5000	-5.6500	33024	Vega
43.5000	-5.7833	33024	Vallín
43.5000	-8.2000	15054	Trasancos
43.5000	-5.4000	33076	Tornón
43.5000	-3.5667	39006	Tobes
43.5000	-5.7667	33024	Tacones
43.5000	-5.8500	33020	Solís
43.5000	-5.7833	33024	Serín
43.5000	-8.2333	15036	Serantes
43.5000	-5.6167	33024	Santurio
43.5000	-6.4167	33034	San Martín
43.5000	-7.8000	15070	San Mamede
43.5000	-6.6833	33041	Puñil
43.5000	-5.7000	33024	Porceyo
43.5000	-5.5833	33024	Pedroco
43.5000	-7.0833	27051	Outeiro
43.5000	-6.1833	33051	Omedas
43.5000	-8.0833	15076	Narahío
43.5000	-7.3000	27027	Mogo
43.5000	-6.5333	33034	La Figal
43.5000	-7.2333	27005	Ladrido
43.5000	-8.1833	15054	Xubia
43.5000	-8.0167	15076	Iglesiafeita
43.5000	-5.9500	33030	Friera
43.5000	-8.2000	15054	Filgueira
43.5000	-6.0167	33010	Faedo
43.5000	-5.8667	33020	El Pontón
43.5000	-5.6000	33024	Deva
43.5000	-5.7333	33024	Cenero
43.5000	-7.3000	27027	Cazolga
43.5000	-5.3333	33019	Castiello de Abajo
43.5000	-5.5167	33076	Castiello
43.5000	-7.0000	33017	Casal
43.5000	-5.9000	33020	Carbayal
43.5000	-5.4333	33076	Bedriñana
43.5000	-6.2667	33021	Baos
43.5000	-8.1000	15055	Anca
43.5000	-6.5167	33034	Ablanedo
43.5006	-5.7458	33024	Trubia
43.5006	-7.2433	27005	Couto
43.5008	-6.7470	33018	Villacondide
43.5009	-5.9466	33030	Pedregal de Taborneda
43.5010	-7.1293	27051	Cubelas
43.5011	-7.2610	27005	Pedreira
43.5013	-5.6557	33024	Granda
43.5016	-6.1933	33051	San Bartolomé
43.5018	-8.1908	15054	Narón
43.5018	-6.5075	33034	Sapinas
43.5020	-5.7364	33024	Sotiello
43.5022	-6.1124	33051	Bances
43.5022	-7.2406	27005	Cabarcos
43.5025	-7.0337	33017	Granda
43.5026	-6.0754	33069	Monterrey
43.5029	-5.3689	33076	Bárzana
43.5029	-6.9011	33070	Jarén
43.5029	-7.2287	27005	Matomayor
43.5030	-5.4022	33076	Onón
43.5031	-6.4373	33034	Trevías
43.5033	-6.8649	33023	San Julián
43.5034	-6.2990	33034	Lendepeña
43.5037	-6.1422	33051	Escoredo
43.5039	-6.8917	33070	A Veiguiña
43.5042	-6.0930	33051	Santianes
43.5043	-6.3241	33034	Brañarronda
43.5045	-6.4665	33034	Lago
43.5045	-6.7277	33041	Cacabellos
43.5046	-6.5707	33034	Godón
43.5051	-6.4218	33034	Gamones
43.5054	-6.9703	33017	San Cristóbal
43.5054	-6.8239	33023	Arancedo
43.5055	-5.6324	33024	San Miguel
43.5056	-8.1539	15055	Santa María
43.5057	-6.2133	33051	Sangreña
43.5061	-5.5668	33024	La Olla
43.5063	-6.8519	33023	Villalmarzo
43.5063	-6.0674	33069	Riberas
43.5065	-6.5641	33034	San Pelayo
43.5065	-6.9236	33070	Reiriz
43.5065	-5.6046	33024	San Antonio
43.5066	-6.0209	33010	Polide
43.5067	-6.3390	33034	Mones
43.5068	-5.3946	33076	Villaverde
43.5068	-5.9298	33030	Venero
43.5070	-6.4302	33034	Balsera
43.5072	-5.4813	33076	Cadamancio
43.5073	-6.5230	33034	Cadollo
43.5073	-6.6281	33034	Busantiane
43.5074	-5.7557	33024	Villar
43.5075	-5.8729	33020	Sama de Abajo
43.5081	-5.3815	33076	Espina
43.5085	-5.4916	33076	El Cueto
43.5085	-6.5466	33034	Saliente
43.5090	-7.0823	27051	Guildeiros
43.5090	-5.7731	33024	Reboria
43.5090	-6.6365	33041	Vidural
43.5091	-5.5282	33076	Fondujo
43.5091	-6.1718	33051	Godina
43.5092	-6.4941	33034	Carlangas
43.5094	-7.1537	27051	Cinge
43.5097	-7.1003	27051	Vilela
43.5097	-5.3606	33076	Vega
43.5100	-6.7073	33041	Sante
43.5100	-5.6199	33024	Cuesta
43.5102	-6.6926	33041	Anleo
43.5104	-5.5071	33076	Bárcena
43.5105	-5.3604	33076	La Vega
43.5105	-6.2889	33034	Arquillina
43.5109	-5.6492	33024	Baones
43.5111	-5.4770	33076	La Vallina
43.5112	-6.7339	33018	Porto
43.5113	-5.6323	33024	Bernueces
43.5113	-7.0161	33017	Valín
43.5114	-5.5524	33076	San Miguel
43.5114	-6.4572	33034	Brañaverniza
43.5116	-6.9567	33017	Bourio
43.5117	-6.2528	33021	Busfrío
43.5120	-6.1547	33051	Villafría
43.5121	-6.1868	33021	La Tabla
43.5125	-6.9192	33070	Villar
43.5128	-6.9055	33070	Acevedo
43.5130	-5.9311	33030	Piniella
43.5131	-5.8718	33020	Cancienes
43.5133	-8.1500	15055	Xubia
43.5136	-6.4297	33034	Cortina
43.5139	-6.5633	33034	Piedrafita
43.5139	-6.7553	33018	Coaña
43.5140	-5.2698	33019	Lastres
43.5142	-7.1882	27051	Magdalena de Remourelle
43.5143	-5.8859	33020	Núñez
43.5145	-5.8152	33014	El Montico
43.5147	-6.0981	33051	Los Cabos
43.5150	-5.9981	33016	La Torre
43.5155	-6.2481	33021	Brañaseca
43.5155	-6.4672	33034	Argumoso
43.5158	-8.3147	15036	Vila Da Area
43.5158	-5.3652	33076	Selorio
43.5159	-6.6595	33041	Busmargalí
43.5160	-7.2218	27005	Insúa
43.5160	-6.9701	33017	Bouza
43.5162	-5.5351	33076	Arriba
43.5162	-6.4310	33034	Pescaredo
43.5163	-5.9194	33020	Juncedo-Campo
43.5165	-5.6156	33024	Cefontes
43.5167	-6.6833	33041	Villanueva
43.5167	-7.5833	27033	Silán
43.5167	-6.5167	33034	Setienes
43.5167	-5.6667	33024	Roces
43.5167	-7.2667	27005	Reja
43.5167	-5.7000	33024	Picota
43.5167	-6.1833	33021	Orderías
43.5167	-7.3333	27030	Oirán
43.5167	-7.4167	27002	Mor
43.5167	-5.6667	33024	Montevil
43.5167	-8.2000	15036	Leixa
43.5167	-8.3000	15036	A Mariña
43.5167	-7.4500	27002	Lagoa
43.5167	-5.7167	33024	Juvería
43.5167	-5.7333	33024	Fresno
43.5167	-7.7833	15070	Freixo
43.5167	-8.0333	15076	Ferreira
43.5167	-8.2667	15036	Esmelle
43.5167	-5.3500	33076	El Villar
43.5167	-6.3167	33034	El Pueblo
43.5167	-5.6500	33024	El Molino
43.5167	-8.1000	15054	Doso
43.5167	-5.6667	33024	Contrueces
43.5167	-7.2500	27005	Cillero
43.5167	-6.2000	33021	Carceda
43.5167	-7.2333	27005	Carballoblanco
43.5167	-6.9333	33070	Cabaleiros
43.5167	-6.6667	33041	Braña del Río
43.5167	-6.4167	33034	Bahinas
43.5167	-5.5167	33076	Arroes
43.5167	-6.5167	33034	Aldín
43.5167	-7.4000	27002	Adelán
43.5169	-5.5675	33076	Pisones
43.5173	-6.7248	33041	Armental
43.5177	-5.2912	33019	Luces
43.5180	-6.4202	33034	Villanueva
43.5180	-7.0202	33017	Moldes
43.5184	-5.4068	33076	Mar
43.5188	-6.6172	33034	Artosa
43.5190	-6.1355	33051	Recuevo
43.5195	-6.5046	33034	Cabanín
43.5199	-5.9932	33016	La Campa
43.5204	-5.9744	33016	Romadorio
43.5204	-6.1807	33021	Faedo
43.5208	-6.3078	33034	Arcallana
43.5209	-6.8351	33023	Villar
43.5209	-5.7491	33024	Monteana
43.5210	-5.6119	33024	Fontica
43.5211	-5.3698	33076	El Olivar
43.5212	-6.7834	33018	Ablanedo
43.5217	-7.2788	27005	Barral
43.5219	-6.3135	33034	Villarín
43.5220	-6.7573	33018	Meiro
43.5222	-7.4677	27063	Frejulfe
43.5224	-5.8614	33020	Camina
43.5225	-6.1675	33021	San Cristóbal
43.5229	-7.1582	27051	Noceda
43.5231	-6.9807	33017	Campas
43.5232	-5.8140	33014	Huerno
43.5235	-5.6057	33024	Cabueñes
43.5241	-6.0484	33069	La Corrada
43.5245	-5.5253	33076	Torretejera
43.5245	-6.9982	33017	Piñera
43.5246	-5.8732	33020	Nubledo
43.5247	-7.0575	27051	Palmeira
43.5247	-5.5275	33076	San Juan de Castiello
43.5249	-6.3867	33034	Silvamayor
43.5249	-6.5293	33034	Fontoria
43.5250	-6.8324	33023	Piantes
43.5253	-6.7086	33041	Talarén
43.5254	-5.5319	33076	Piñares
43.5256	-5.8239	33014	Orilla del Río
43.5256	-6.0597	33069	Ponte
43.5258	-5.6765	33024	Pumarín
43.5259	-5.9029	33020	El Pino
43.5260	-5.9803	33016	El Cuadro
43.5261	-6.0357	33069	La Ferrería
43.5262	-5.9416	33020	Villa
43.5264	-5.9295	33020	Lloreda
43.5264	-6.1975	33021	Villeirín
43.5264	-6.1873	33021	Corollos
43.5265	-5.3418	33076	Santa Mera
43.5266	-5.8109	33014	Ambás
43.5266	-6.8218	33023	Ferreira
43.5271	-6.6931	33041	Cabanella
43.5273	-5.5901	33024	Cimadevilla
43.5277	-6.6609	33041	Somorto
43.5278	-7.0305	33017	Castropol
43.5278	-6.3067	33034	Las Cruces
43.5279	-6.6211	33034	Boronas
43.5281	-6.8952	33070	Pelogra
43.5282	-6.7336	33018	San Esteban
43.5284	-7.4130	27002	O Castro de Ouro
43.5285	-6.8709	33023	Sueiro
43.5290	-6.8265	33023	Godella
43.5295	-5.4657	33076	Manzanedo
43.5295	-5.4470	33076	La Lloraza
43.5295	-6.2682	33034	Ribao
43.5296	-6.0444	33069	Folgueras
43.5300	-6.4459	33034	Fijuecas
43.5303	-5.5011	33076	La Cerra
43.5304	-6.7040	33041	Salcedo
43.5304	-6.2247	33021	Gallinero
43.5305	-6.3943	33034	San Pelayo de Tehona
43.5307	-5.5502	33076	Cimadevilla
43.5308	-6.8425	33023	Nenín
43.5316	-6.5572	33034	Santiago
43.5317	-6.8992	33070	La Roda
43.5317	-6.5265	33034	Almuña
43.5322	-5.7392	33024	Zarracina
43.5322	-6.2585	33021	La Rondiella
43.5322	-6.2978	33034	Mafalla
43.5323	-5.5418	33076	Quintes
43.5324	-5.4794	33076	Abedules
43.5325	-6.9566	33017	Tol
43.5325	-6.7454	33018	Folgueras
43.5329	-6.0698	33069	Soto del Barco
43.5332	-7.0988	27051	Magdalena
43.5332	-7.2334	27005	Barreiros
43.5332	-6.3591	33034	Busmarzo
43.5333	-5.8845	33020	Los Campos
43.5333	-6.5500	33034	Villuir
43.5333	-7.0833	27051	Villaframil
43.5333	-5.7167	33024	Veriña
43.5333	-5.6833	33024	Tremañes
43.5333	-8.2167	15054	Trasancos
43.5333	-5.6333	33024	La Guía
43.5333	-5.8333	33014	Tamón
43.5333	-7.9333	15070	Somozas
43.5333	-7.8833	15081	Seixas
43.5333	-5.5167	33076	Saudín
43.5333	-5.6833	33024	Santa Olaya
43.5333	-5.7833	33014	Santa Eulalia
43.5333	-5.8667	33020	Santa Cruz
43.5333	-8.0667	15076	San Sadurniño
43.5333	-7.2167	27005	Reinante
43.5333	-7.1667	27051	Reinante
43.5333	-5.6167	33024	Redonda
43.5333	-7.4500	27063	Recaré
43.5333	-6.4167	33034	Ranón
43.5333	-5.9667	33016	Pillarno
43.5333	-5.9667	33016	Peñarrey
43.5333	-8.1000	15054	Pedroso
43.5333	-7.0500	27051	Ove
43.5333	-5.4333	33076	Oles
43.5333	-5.9167	33004	Molleda
43.5333	-6.5833	33034	Moanes
43.5333	-5.9333	33020	Miranda
43.5333	-8.2500	15036	Marmancón
43.5333	-8.2333	15036	Mandiá
43.5333	-6.9667	33070	Lomba
43.5333	-6.0000	33016	La Ramera
43.5333	-6.6000	33034	Lañada
43.5333	-5.9333	33020	La Carriona
43.5333	-5.7000	33024	La Calzada
43.5333	-5.6167	33024	Fuejo (Gijon)
43.5333	-5.6333	33024	Fontanía-La Guía
43.5333	-6.0500	33069	Foncubierta
43.5333	-7.2500	27005	Espiñeira
43.5333	-6.9167	33070	El Monte
43.5333	-7.1333	27051	Devesa
43.5333	-5.9167	33004	Corros
43.5333	-7.4000	27002	Castro de Oro
43.5333	-7.4000	27002	Carballido
43.5333	-5.6000	33024	Candanal
43.5333	-5.7000	33024	Campones
43.5333	-5.6833	33024	Braña
43.5333	-6.9833	33017	Becharro
43.5333	-6.2167	33021	Artedo
43.5334	-6.1809	33021	La Fenosa
43.5337	-6.2847	33034	Foyedo
43.5338	-6.1577	33021	Armayor
43.5339	-7.2514	27005	Pozomouro
43.5339	-6.6445	33041	Villabona
43.5341	-5.4553	33076	Foncabada
43.5342	-6.8116	33023	Miudes
43.5346	-6.1198	33051	Somado
43.5352	-6.8574	33023	Prendonés
43.5354	-7.4725	27063	Recaré
43.5354	-6.7194	33041	Navia
43.5355	-5.8889	33020	Corvera de Asturias
43.5357	-5.6615	33024	Gijón
43.5358	-5.4080	33076	La Atalaya
43.5361	-6.5899	33034	Cabornas
43.5361	-5.7390	33024	Pavierna
43.5364	-7.2474	27005	Eiras
43.5364	-5.9028	33020	Les Vegues
43.5365	-6.4400	33034	Casiellas
43.5368	-5.8354	33014	Tabaza
43.5370	-7.0031	33017	Barres
43.5370	-7.0409	27051	Ribadeo
43.5371	-6.0604	33069	Caseras
43.5373	-6.7721	33018	Torce
43.5376	-5.9997	33016	Llodares
43.5377	-5.7920	33014	Fancornio
43.5380	-6.7466	33018	Jarrio
43.5381	-6.9402	33017	Brul
43.5384	-5.7626	33014	San Pablo
43.5386	-6.6617	33041	Polavieja
43.5386	-5.5503	33076	Medio
43.5387	-5.6302	33024	Pisón
43.5387	-5.6189	33024	La Pipa
43.5390	-7.1328	27051	Villandriz
43.5391	-5.9695	33016	Teboyas
43.5392	-6.5919	33034	Otur
43.5392	-7.2881	27019	Rúa
43.5392	-6.6844	33041	Villaoril
43.5394	-5.5695	33076	Cazamular
43.5394	-7.0256	33017	Figueras
43.5395	-5.5343	33076	Santa Ana
43.5400	-6.5119	33034	Barcellina
43.5401	-7.0935	27051	Coto
43.5401	-5.5124	33076	Villaverde
43.5402	-6.7311	33018	El Espín
43.5403	-6.3414	33034	Gallinero de Arcallana
43.5403	-5.6823	33024	Natahoyo
43.5405	-5.4449	33076	El Cabritón
43.5407	-6.8088	33023	Miúdeira
43.5407	-6.5614	33034	La Mata
43.5409	-5.4699	33076	Argüero
43.5410	-6.2417	33021	San Cosme
43.5416	-7.0668	27051	Dompiñor
43.5417	-5.7493	33014	Villar
43.5418	-5.9827	33016	Las Bárzanas
43.5418	-6.5053	33034	Barcia
43.5419	-5.9462	33004	Parroquia de Miranda
43.5421	-5.5762	33076	Cerredo
43.5422	-7.1180	27051	Villagüiz
43.5423	-6.1537	33021	Pepín
43.5427	-5.4624	33076	San Feliz
43.5428	-6.1035	33039	Muros de Nalón
43.5430	-5.6290	33024	Somió
43.5430	-6.6714	33041	Piñera
43.5431	-6.4462	33034	Chano de Canero
43.5434	-6.8814	33070	Villargomil
43.5434	-6.5399	33034	Luarca
43.5435	-7.6868	27038	Sixto
43.5435	-6.1610	33021	Otero
43.5437	-5.6197	33024	Corolla
43.5437	-6.4609	33034	Mouruso
43.5438	-6.2228	33021	San Martín de Luiña
43.5439	-6.6403	33041	Villainclán
43.5440	-7.4535	27063	Santa Cruz
43.5440	-5.5129	33076	Marianes
43.5441	-7.2338	27005	San Cosme
43.5441	-5.5786	33076	San Clemente
43.5442	-6.7031	33041	Paderne
43.5444	-7.0450	27051	Villaselán
43.5448	-7.2085	27005	Abelleira
43.5451	-5.4093	33076	Villar
43.5451	-5.4508	33076	El Toral
43.5457	-6.6810	33041	Freal
43.5458	-6.7205	33041	Villalonga
43.5458	-6.9670	33070	Serantes
43.5459	-5.8805	33020	Overo
43.5460	-6.6490	33041	Villapedre
43.5460	-5.9867	33016	La Braña
43.5462	-8.2841	15036	Pedreira
43.5464	-7.3105	27019	Reiriz
43.5464	-7.3890	27002	Bacoy
43.5468	-6.1461	33021	Piñera
43.5469	-6.5279	33034	Villar de Luarca
43.5470	-7.1048	27051	San Xillao
43.5473	-7.2848	27019	Villaronte
43.5474	-6.7886	33018	Cartavio
43.5475	-6.7050	33041	Andés
43.5477	-6.4778	33034	Caroyas
43.5479	-5.9938	33016	Castrillón
43.5480	-6.8134	33023	Arboces
43.5484	-7.0062	33017	Villadún
43.5486	-6.1568	33021	San Juan
43.5486	-6.3989	33034	Villademoros
43.5493	-6.2116	33021	Castañedo
43.5494	-5.6294	33024	San Lorenzo
43.5494	-6.4703	33034	Cueva
43.5496	-6.0272	33016	Santiago del Monte
43.5496	-6.4418	33034	Querúas
43.5498	-6.5755	33034	Canedo
43.5500	-5.8218	33014	El Canto
43.5500	-6.8488	33023	La Ronda
43.5500	-5.9000	33004	Villalegre
43.5500	-6.1500	33021	Villademar
43.5500	-6.9333	33070	Ventosa
43.5500	-7.4500	27063	Valle de Oro
43.5500	-8.2000	15054	Val
43.5500	-5.8667	33020	Trasona
43.5500	-5.4333	33076	Tazones
43.5500	-8.1500	15054	Sedes
43.5500	-6.3000	33021	Reguerina
43.5500	-5.9667	33016	Quiloño
43.5500	-7.1667	27005	Pumarín
43.5500	-5.7333	33014	Poago
43.5500	-7.0500	27051	Piñeira
43.5500	-5.7333	33014	Pervera
43.5500	-8.0167	15049	Moeche
43.5500	-7.9833	15049	Moeche
43.5500	-7.9500	15049	Moeche
43.5500	-6.2667	33021	Longa
43.5500	-5.8000	33014	Logrezana
43.5500	-5.9000	33004	Llaranes
43.5500	-8.0333	15076	Lamas
43.5500	-5.7333	33014	La Cuesta
43.5500	-5.7000	33024	Jove del Medio
43.5500	-5.9333	33004	Heros
43.5500	-5.7500	33014	Quimarán
43.5500	-7.6167	27038	Xerdiz
43.5500	-7.9167	15081	Enchousas
43.5500	-6.1333	33021	El Pito
43.5500	-7.8500	15070	Deveso
43.5500	-8.2667	15036	Covas
43.5500	-8.1833	15054	Castro
43.5500	-5.5000	33076	Careñes
43.5500	-6.4500	33034	Canero
43.5500	-6.3000	33021	Cándano
43.5500	-6.8833	33070	Campos y Salave
43.5500	-6.5667	33034	Calella
43.5500	-7.2000	27005	Benquerencia
43.5500	-6.2167	33021	Beiciella
43.5502	-6.3472	33034	Tablizo
43.5502	-6.2295	33021	Escalada
43.5504	-6.4171	33034	San Cristóbal
43.5507	-6.9826	33070	Villamil
43.5513	-7.4408	27063	Ferreira
43.5516	-6.6822	33041	Frejulfe
43.5518	-6.6075	33034	Sabugo
43.5519	-6.8227	33023	Lóngara
43.5519	-6.3848	33034	Cadavedo
43.5522	-6.1634	33021	El Manto
43.5524	-6.2281	33021	Prámaro
43.5526	-6.2077	33021	Mumayor
43.5527	-7.1174	27051	Meirengos
43.5528	-6.9451	33070	Casariego
43.5530	-7.7442	27038	Ambosores
43.5531	-6.8316	33023	La Caridad
43.5536	-5.7130	33024	Las Cabañas
43.5536	-6.0649	33069	Ranón
43.5537	-7.2150	27005	Pena
43.5538	-6.0874	33039	San Esteban de Pravia
43.5540	-5.8844	33020	Marzaniella
43.5540	-6.6586	33041	Cabrafigal
43.5541	-7.3158	27019	Ferreiravella
43.5542	-6.9897	33070	Santagadea
43.5543	-6.3311	33021	Ballota
43.5546	-6.6961	33041	Teifaros
43.5547	-5.7675	33014	Rebollada
43.5547	-6.7548	33018	Medal
43.5547	-5.9248	33004	Avilés
43.5552	-6.8662	33023	El Franco
43.5558	-6.9568	33070	Calambre
43.5558	-7.3509	27019	Santa Cilla de Valadouro
43.5562	-6.6347	33041	Tox
43.5562	-6.7137	33041	Aspra
43.5563	-7.1037	27051	Rinlo
43.5563	-6.7414	33018	Mohías
43.5564	-5.7668	33014	El Cabo
43.5569	-7.4373	27063	Alaje
43.5569	-6.4627	33034	Busto
43.5572	-6.0565	33069	Carbajal
43.5573	-7.6141	27038	A Barrela
43.5577	-6.3106	33021	Santa Marina
43.5579	-6.8842	33070	Porcía
43.5579	-5.7087	33024	Musel-Arnao
43.5584	-7.2410	27005	Viladaíde
43.5587	-5.9483	33004	Caliero
43.5588	-5.7229	33014	Aboño
43.5590	-6.0743	33069	San Juan de la Arena
43.5591	-5.9756	33016	Piedras Blancas
43.5592	-6.7703	33018	Loza
43.5595	-7.3706	27019	Valle de Oro
43.5595	-6.1859	33021	La Magdalena
43.5599	-6.7432	33018	Ortigueira
43.5599	-6.8580	33023	Valdepares
43.5601	-6.2197	33021	Soto de Luiña
43.5608	-6.1405	33021	Atalaya
43.5619	-6.6596	33041	Soirana
43.5622	-6.2971	33021	Castañeras
43.5622	-6.1459	33021	Cudillero
43.5625	-6.6405	33041	Santa Marina
43.5628	-6.1974	33021	Lamuño
43.5632	-6.9429	33070	El Viso
43.5638	-6.6478	33041	Puerto de Vega
43.5639	-6.6282	33041	Vigo
43.5641	-6.8425	33023	Viavélez
43.5643	-7.6395	27038	Orol
43.5644	-6.2848	33021	Novellana
43.5667	-7.5167	27063	Villacampa
43.5667	-8.1667	15087	Sequeiro
43.5667	-5.9000	33004	San Sebastián
43.5667	-6.0000	33016	San Adriano
43.5667	-5.7500	33014	Prendes
43.5667	-5.8000	33014	Piedeloro
43.5667	-5.9000	33004	Navarro
43.5667	-8.1000	15076	Monte
43.5667	-7.3000	27019	Mondoñedo
43.5667	-7.5833	27038	Miñotos
43.5667	-6.0000	33016	Mar
43.5667	-5.9833	33016	Laspra
43.5667	-7.9667	15049	Labacengos
43.5667	-6.8333	33023	Grandadista
43.5667	-7.2667	27005	Xinzo
43.5667	-7.2667	27005	Forxán
43.5667	-5.9333	33004	Entreviñas
43.5667	-5.7333	33014	Carrió
43.5667	-7.4167	27063	Budián
43.5667	-8.0333	15076	Bardaos
43.5667	-6.2667	33021	Albuerne
43.5669	-5.7497	33014	Calera
43.5688	-5.8261	33025	Zanzabornín
43.5692	-7.2544	27019	Foz
43.5702	-6.9438	33070	Tapia de Casariego
43.5706	-6.2588	33021	Valdredo
43.5710	-5.7376	33014	Albandi
43.5710	-6.0137	33016	Naveces
43.5710	-7.2799	27019	Mourente
43.5718	-5.9983	33016	Santa María del Mar
43.5726	-6.2219	33021	San Pedro de la Ribera
43.5729	-7.2673	27019	Sieiro
43.5735	-6.0301	33016	Navalón
43.5736	-6.2142	33021	Salamir
43.5746	-5.7474	33014	Dormón
43.5750	-5.9382	33016	Raíces
43.5755	-6.2349	33021	Riegoarriba
43.5755	-5.9799	33016	Arnao
43.5757	-5.7636	33014	Espasa
43.5758	-6.0289	33016	La Roza
43.5763	-6.2419	33021	Vivigo
43.5765	-6.0245	33016	Bayas
43.5767	-5.9558	33016	Salinas
43.5773	-7.7549	15044	A Arrufana
43.5780	-7.9199	15025	Casares
43.5787	-5.8643	33025	Perdones
43.5804	-6.2372	33021	Riegoabajo
43.5828	-5.7909	33014	Regueral
43.5833	-5.7500	33014	Perlora
43.5833	-7.8333	15061	Neves
43.5833	-7.3833	27063	Moucide
43.5833	-7.6167	27038	Merille
43.5833	-8.1833	15087	Meirás
43.5833	-8.1667	15087	Lourido
43.5833	-7.8833	15061	Insúa
43.5833	-7.2167		Castro e Marzán
43.5833	-5.8333	33025	Cardo
43.5833	-5.8833	33025	Ambiedes
43.5833	-8.0000	15049	Abad
43.5841	-5.8960	33025	Barredo
43.5845	-5.7735	33014	Matiella
43.5869	-5.8413	33025	La Ería
43.5870	-5.9094	33004	Campo de la Iglesia
43.5878	-7.2997	27019	Villarmea
43.5881	-5.9356	33016	San Juan de Nieva
43.5883	-7.7643	15044	Grañas
43.5892	-5.7674	33014	Candás
43.5909	-5.9141	33025	Zeluán
43.5949	-5.7964	33025	Condres
43.5954	-5.9295	33025	Nieva
43.5964	-5.8243	33025	Busto
43.5979	-7.2997	27019	Fazouro
43.5984	-5.8922	33025	Iboya
43.5990	-5.9188	33025	Llodero
43.5994	-5.8609	33025	Vioño
43.6000	-8.0500	15087	Vilaboa
43.6000	-8.1333	15087	Valdoviño
43.6000	-5.8667	33025	Manzaneda
43.6000	-8.1667	15087	Lago
43.6000	-7.7000	27038	Cabanas
43.6000	-5.8000	33025	Bocines
43.6004	-7.3049	27019	Lousada
43.6006	-7.6536	27038	Bravos
43.6019	-7.5621	27066	Boimente
43.6040	-5.8780	33025	Ferrera
43.6051	-5.8218	33025	Nembro
43.6079	-5.8329	33025	Susacasa
43.6097	-7.3510	27019	Cordido
43.6106	-7.3235	27019	Barrosa
43.6112	-7.9452	15025	A Barqueira
43.6124	-5.8978	33025	Lloreda
43.6133	-5.8980	33025	Monteril
43.6141	-5.8169	33025	Balbín
43.6143	-7.3133	27019	Nois
43.6151	-5.8467	33025	Las Cabañas
43.6152	-5.7934	33025	Luanco
43.6166	-5.8893	33025	Granda
43.6167	-7.8667	15061	Ermo
43.6167	-7.5667	27066	Valcarría
43.6167	-7.4167	27013	Rúa
43.6167	-5.8833	33025	Podes
43.6167	-7.5000	27025	Monte
43.6167	-8.1000	15087	Loira
43.6167	-5.8000	33025	La Cuesta
43.6167	-7.5833	27066	Chavín
43.6167	-7.6833	27064	Cabanas
43.6206	-7.9996	15025	Cerdido
43.6214	-5.8197	33025	Heres
43.6244	-5.8501	33025	Ovies
43.6251	-7.6028	27066	Vivero
43.6264	-5.8259	33025	Gelad
43.6297	-7.3390	27019	Cangas
43.6298	-7.9507	15025	Guelle
43.6319	-5.8194	33025	Quintana
43.6330	-7.8979	15061	Mera
43.6333	-8.0667	15087	Villarrube
43.6333	-5.8500	33025	Verdicio
43.6333	-8.1000	15087	Pantín
43.6333	-7.6000	27066	Landrove
43.6333	-7.6167	27066	Galdo
43.6333	-8.0333	15022	Esteiro
43.6333	-7.8000	15061	Devesos
43.6333	-5.8167	33025	Bañugues
43.6365	-5.8530	33025	Ferrero
43.6372	-5.8249	33025	El Monte
43.6397	-5.8428	33025	Viodo
43.6480	-7.4520	27013	Trasbar
43.6500	-7.3833	27013	Vilaestrofe
43.6500	-7.6167	27066	Vieiro
43.6500	-7.8500	15061	Senra
43.6500	-7.8667	15061	San Claudio
43.6500	-7.5000	27025	Rigueira
43.6500	-8.0000	15022	Montoxo
43.6500	-7.9833	15022	Montoxo
43.6500	-7.7333	15044	Mañón
43.6500	-7.6000	27066	Magazos
43.6500	-7.7833	15061	Couzadoiro
43.6503	-7.8301	15061	Freires
43.6552	-5.8491	33025	Faro de Peñas
43.6604	-8.0572	15022	Cedeira
43.6620	-7.3670	27902	Burela de Cabo
43.6623	-7.5934	27066	Viveiro
43.6626	-7.4414	27013	Castelo
43.6630	-7.3999	27013	Sargadelos
43.6635	-7.7909	15061	Couzadoiro
43.6667	-8.0333	15022	Piñeiro
43.6667	-7.9000	15061	Mera
43.6667	-7.8333	15061	Cuiña
43.6702	-7.4101	27013	Cervo
43.6710	-7.6132	27066	Covas
43.6718	-7.6692	15044	Ríobarba
43.6762	-8.0313	15022	Régoa
43.6790	-7.8941	15061	Veiga
43.6833	-7.8833	15061	Veiga
43.6833	-7.8500	15061	Santa Marta de Ortigueira
43.6833	-7.8000	15061	Mosteiro
43.6833	-7.8333	15061	Luhía
43.6833	-7.5833	27066	Cilleiro
43.6833	-7.8167	15061	Barbos
43.6865	-8.0409	15022	Cerbo
43.6866	-7.5113	27025	Xove
43.6870	-7.9077	15061	Feás
43.6889	-7.9382	15061	Capelada
43.6924	-7.4553	27013	Lieiro
43.6929	-7.6572	27064	Mosende
43.6939	-7.8588	15061	Luama
43.6949	-7.4418	27013	San Ciprián
43.6970	-7.7121	15044	Ribeiras do Sor
43.6981	-7.5059	27025	Sumoas
43.7000	-7.6167	27064	Suegos
43.7000	-7.9000	15061	Landoi
43.7000	-7.4833	27025	Lago
43.7000	-7.8167	15061	Ladrido
43.7000	-7.5500	27066	Xuances
43.7027	-7.5797	27066	Faro
43.7073	-7.8699	15901	Sismundi
43.7099	-7.9822	15022	San Andres de Teixido
43.7147	-7.6779	27064	San Miguel de Negradas
43.7167	-7.6333	27064	San Román de Vale
43.7167	-7.4833	27025	Morás
43.7167	-7.7833	15061	Céltigos
43.7199	-7.8070	15061	Espasante
43.7226	-7.5335	27025	Portocelo
43.7291	-7.8776	15061	Pedra
43.7333	-7.6500	27064	Val
43.7333	-7.7500	15061	Loiba
43.7336	-7.6742	27064	O Vicedo
43.7372	-7.7046	15044	Porto do Barqueiro
43.7386	-7.7090	15044	Mogor
43.7413	-7.8671	15901	Cariño
43.7716	-7.6848	15044	Bares
